[
  {
    "name": "Abu Dhabi, UAE",
    "country": "United Arab Emirates",
    "lat": 24.453884,
    "lng": 54.3773438,
    "price_tier": 3,
    "place_id": "kb_abu-dhabi-uae"
  },
  {
    "name": "Amman, Jordan",
    "country": "Jordan",
    "lat": 31.9543786,
    "lng": 35.9105776,
    "price_tier": 3,
    "place_id": "kb_amman-jordan"
  },
  {
    "name": "Amsterdam, Netherlands",
    "country": "Netherlands",
    "lat": 52.3675734,
    "lng": 4.9041389,
    "price_tier": 3,
    "place_id": "kb_amsterdam-netherlands"
  },
  {
    "name": "Athens, Greece",
    "country": "Greece",
    "lat": 37.9838096,
    "lng": 23.7275388,
    "price_tier": 3,
    "place_id": "kb_athens-greece"
  },
  {
    "name": "Auckland, New Zealand",
    "country": "New Zealand",
    "lat": -36.85088270000001,
    "lng": 174.7644881,
    "price_tier": 3,
    "place_id": "kb_auckland-new-zealand"
  },
  {
    "name": "Baku, Azerbaijan",
    "country": "Azerbaijan",
    "lat": 40.40926169999999,
    "lng": 49.8670924,
    "price_tier": 3,
    "place_id": "kb_baku-azerbaijan"
  },
  {
    "name": "Bali, Indonesia",
    "country": "Indonesia",
    "lat": -8.4095178,
    "lng": 115.188916,
    "price_tier": 3,
    "place_id": "kb_bali-indonesia"
  },
  {
    "name": "Bangkok, Thailand",
    "country": "Thailand",
    "lat": 13.7563309,
    "lng": 100.5017651,
    "price_tier": 3,
    "place_id": "kb_bangkok-thailand"
  },
  {
    "name": "Barcelona, Spain",
    "country": "Spain",
    "lat": 41.3873974,
    "lng": 2.168568,
    "price_tier": 3,
    "place_id": "kb_barcelona-spain"
  },
  {
    "name": "Berlin, Germany",
    "country": "Germany",
    "lat": 52.52000659999999,
    "lng": 13.404954,
    "price_tier": 3,
    "place_id": "kb_berlin-germany"
  },
  {
    "name": "Birmingham, UK",
    "country": "United Kingdom",
    "lat": 52.4822694,
    "lng": -1.8900078,
    "price_tier": 1,
    "place_id": "kb_birmingham-uk"
  },
  {
    "name": "Brisbane, Australia",
    "country": "Australia",
    "lat": -27.4704528,
    "lng": 153.0260341,
    "price_tier": 3,
    "place_id": "kb_brisbane-australia"
  },
  {
    "name": "Brussels, Belgium",
    "country": "Belgium",
    "lat": 50.8260453,
    "lng": 4.3802052,
    "price_tier": 3,
    "place_id": "kb_brussels-belgium"
  },
  {
    "name": "Budapest, Hungary",
    "country": "Hungary",
    "lat": 47.497912,
    "lng": 19.040235,
    "price_tier": 3,
    "place_id": "kb_budapest-hungary"
  },
  {
    "name": "Buenos Aires, Argentina",
    "country": "Argentina",
    "lat": -34.6036739,
    "lng": -58.3821215,
    "price_tier": 3,
    "place_id": "kb_buenos-aires-argentina"
  },
  {
    "name": "Cairo, Egypt",
    "country": "Egypt",
    "lat": 30.0444196,
    "lng": 31.2357116,
    "price_tier": 3,
    "place_id": "kb_cairo-egypt"
  },
  {
    "name": "Cape Town, South Africa",
    "country": "South Africa",
    "lat": -33.922087,
    "lng": 18.4231418,
    "price_tier": 3,
    "place_id": "kb_cape-town-south-africa"
  },
  {
    "name": "Chiang Mai, Thailand",
    "country": "Thailand",
    "lat": 18.7883439,
    "lng": 98.98530079999999,
    "price_tier": 3,
    "place_id": "kb_chiang-mai-thailand"
  },
  {
    "name": "Chicago, USA",
    "country": "United States",
    "lat": 41.88325,
    "lng": -87.6323879,
    "price_tier": 3,
    "place_id": "kb_chicago-usa"
  },
  {
    "name": "Colombo, Sri Lanka",
    "country": "Sri Lanka",
    "lat": 6.9270786,
    "lng": 79.861243,
    "price_tier": 3,
    "place_id": "kb_colombo-sri-lanka"
  },
  {
    "name": "Copenhagen, Denmark",
    "country": "Denmark",
    "lat": 55.6760968,
    "lng": 12.5683371,
    "price_tier": 3,
    "place_id": "kb_copenhagen-denmark"
  },
  {
    "name": "Doha, Qatar",
    "country": "Qatar",
    "lat": 25.2854473,
    "lng": 51.53103979999999,
    "price_tier": 3,
    "place_id": "kb_doha-qatar"
  },
  {
    "name": "Dubai, UAE",
    "country": "United Arab Emirates",
    "lat": 25.2048493,
    "lng": 55.2707828,
    "price_tier": 3,
    "place_id": "kb_dubai-uae"
  },
  {
    "name": "Dublin, Ireland",
    "country": "Ireland",
    "lat": 53.3498053,
    "lng": -6.2603097,
    "price_tier": 3,
    "place_id": "kb_dublin-ireland"
  },
  {
    "name": "Dubrovnik, Croatia",
    "country": "Croatia",
    "lat": 42.65066059999999,
    "lng": 18.0944238,
    "price_tier": 3,
    "place_id": "kb_dubrovnik-croatia"
  },
  {
    "name": "Edinburgh, UK",
    "country": "United Kingdom",
    "lat": 55.953252,
    "lng": -3.188267,
    "price_tier": 3,
    "place_id": "kb_edinburgh-uk"
  },
  {
    "name": "Florence, Italy",
    "country": "Italy",
    "lat": 43.7699685,
    "lng": 11.2576706,
    "price_tier": 3,
    "place_id": "kb_florence-italy"
  },
  {
    "name": "Frankfurt, Germany",
    "country": "Germany",
    "lat": 50.1109221,
    "lng": 8.6821267,
    "price_tier": 2,
    "place_id": "kb_frankfurt-germany"
  },
  {
    "name": "Geneva, Switzerland",
    "country": "Switzerland",
    "lat": 46.2043907,
    "lng": 6.1431577,
    "price_tier": 3,
    "place_id": "kb_geneva-switzerland"
  },
  {
    "name": "Glasgow, UK",
    "country": "United Kingdom",
    "lat": 55.86167039999999,
    "lng": -4.2583345,
    "price_tier": 3,
    "place_id": "kb_glasgow-uk"
  },
  {
    "name": "Hanoi, Vietnam",
    "country": "Vietnam",
    "lat": 21.0277644,
    "lng": 105.8341598,
    "price_tier": 3,
    "place_id": "kb_hanoi-vietnam"
  },
  {
    "name": "Helsinki, Finland",
    "country": "Finland",
    "lat": 60.16985569999999,
    "lng": 24.938379,
    "price_tier": 3,
    "place_id": "kb_helsinki-finland"
  },
  {
    "name": "Ho Chi Minh City, Vietnam",
    "country": "Vietnam",
    "lat": 10.8230989,
    "lng": 106.6296638,
    "price_tier": 3,
    "place_id": "kb_ho-chi-minh-city-vietnam"
  },
  {
    "name": "Hobart, Australia",
    "country": "Australia",
    "lat": -42.8826055,
    "lng": 147.3257196,
    "price_tier": 4,
    "place_id": "kb_hobart-australia"
  },
  {
    "name": "Hong Kong, China",
    "country": "Hong Kong",
    "lat": 22.3193039,
    "lng": 114.1693611,
    "price_tier": 3,
    "place_id": "kb_hong-kong-china"
  },
  {
    "name": "Istanbul, Türkiye",
    "country": "Türkiye",
    "lat": 41.0082376,
    "lng": 28.9783589,
    "price_tier": 4,
    "place_id": "kb_istanbul-t-rkiye"
  },
  {
    "name": "Jakarta, Indonesia",
    "country": "Indonesia",
    "lat": -6.1944491,
    "lng": 106.8229198,
    "price_tier": 3,
    "place_id": "kb_jakarta-indonesia"
  },
  {
    "name": "Jerusalem, Israel",
    "country": "Israel",
    "lat": 31.7768831,
    "lng": 35.22243460000001,
    "price_tier": 3,
    "place_id": "kb_jerusalem-israel"
  },
  {
    "name": "Johannesburg, South Africa",
    "country": "South Africa",
    "lat": -26.205647,
    "lng": 28.0337185,
    "price_tier": 3,
    "place_id": "kb_johannesburg-south-africa"
  },
  {
    "name": "Kathmandu, Nepal",
    "country": "Nepal",
    "lat": 27.7103145,
    "lng": 85.3221634,
    "price_tier": 3,
    "place_id": "kb_kathmandu-nepal"
  },
  {
    "name": "Kraków, Poland",
    "country": "Poland",
    "lat": 50.06465009999999,
    "lng": 19.9449799,
    "price_tier": 3,
    "place_id": "kb_krak-w-poland"
  },
  {
    "name": "Kuala Lumpur, Malaysia",
    "country": "Malaysia",
    "lat": 3.1319197,
    "lng": 101.6840589,
    "price_tier": 3,
    "place_id": "kb_kuala-lumpur-malaysia"
  },
  {
    "name": "Kyoto, Japan",
    "country": "Japan",
    "lat": 35.011564,
    "lng": 135.7681489,
    "price_tier": 3,
    "place_id": "kb_kyoto-japan"
  },
  {
    "name": "Lima, Peru",
    "country": "Peru",
    "lat": -12.0466888,
    "lng": -77.04308859999999,
    "price_tier": 3,
    "place_id": "kb_lima-peru"
  },
  {
    "name": "Lisbon, Portugal",
    "country": "Portugal",
    "lat": 38.7222524,
    "lng": -9.1393366,
    "price_tier": 3,
    "place_id": "kb_lisbon-portugal"
  },
  {
    "name": "Ljubljana, Slovenia",
    "country": "Slovenia",
    "lat": 46.0569465,
    "lng": 14.5057515,
    "price_tier": 3,
    "place_id": "kb_ljubljana-slovenia"
  },
  {
    "name": "London, UK",
    "country": "United Kingdom",
    "lat": 51.5072178,
    "lng": -0.1275862,
    "price_tier": 3,
    "place_id": "kb_london-uk"
  },
  {
    "name": "Los Angeles, USA",
    "country": "United States",
    "lat": 34.0549076,
    "lng": -118.242643,
    "price_tier": 4,
    "place_id": "kb_los-angeles-usa"
  },
  {
    "name": "Lyon, France",
    "country": "France",
    "lat": 45.764043,
    "lng": 4.835659,
    "price_tier": 3,
    "place_id": "kb_lyon-france"
  },
  {
    "name": "Madrid, Spain",
    "country": "Spain",
    "lat": 40.41672790000001,
    "lng": -3.7032905,
    "price_tier": 3,
    "place_id": "kb_madrid-spain"
  },
  {
    "name": "Manchester, UK",
    "country": "United Kingdom",
    "lat": 53.4807593,
    "lng": -2.2426305,
    "price_tier": 3,
    "place_id": "kb_manchester-uk"
  },
  {
    "name": "Manila, Philippines",
    "country": "Philippines",
    "lat": 14.5995133,
    "lng": 120.984234,
    "price_tier": 3,
    "place_id": "kb_manila-philippines"
  },
  {
    "name": "Marrakesh, Morocco",
    "country": "Morocco",
    "lat": 31.6225224,
    "lng": -7.989825799999999,
    "price_tier": 3,
    "place_id": "kb_marrakesh-morocco"
  },
  {
    "name": "Marseille, France",
    "country": "France",
    "lat": 43.3025742,
    "lng": 5.369074299999999,
    "price_tier": 3,
    "place_id": "kb_marseille-france"
  },
  {
    "name": "Melbourne, Australia",
    "country": "Australia",
    "lat": -37.8136276,
    "lng": 144.9630576,
    "price_tier": 3,
    "place_id": "kb_melbourne-australia"
  },
  {
    "name": "Mexico City, Mexico",
    "country": "Mexico",
    "lat": 19.4326077,
    "lng": -99.133208,
    "price_tier": 3,
    "place_id": "kb_mexico-city-mexico"
  },
  {
    "name": "Milan, Italy",
    "country": "Italy",
    "lat": 45.468503,
    "lng": 9.182402699999999,
    "price_tier": 3,
    "place_id": "kb_milan-italy"
  },
  {
    "name": "Munich, Germany",
    "country": "Germany",
    "lat": 48.1351253,
    "lng": 11.5819806,
    "price_tier": 3,
    "place_id": "kb_munich-germany"
  },
  {
    "name": "Muscat, Oman",
    "country": "Oman",
    "lat": 23.5880307,
    "lng": 58.3828717,
    "price_tier": 3,
    "place_id": "kb_muscat-oman"
  },
  {
    "name": "Nairobi, Kenya",
    "country": "Kenya",
    "lat": -1.2920659,
    "lng": 36.8219462,
    "price_tier": 3,
    "place_id": "kb_nairobi-kenya"
  },
  {
    "name": "Naples, Italy",
    "country": "Italy",
    "lat": 40.8517746,
    "lng": 14.2681244,
    "price_tier": 3,
    "place_id": "kb_naples-italy"
  },
  {
    "name": "New York, USA",
    "country": "United States",
    "lat": 40.7127753,
    "lng": -74.0059728,
    "price_tier": 3,
    "place_id": "kb_new-york-usa"
  },
  {
    "name": "Nice, France",
    "country": "France",
    "lat": 43.7101728,
    "lng": 7.261953200000001,
    "price_tier": 3,
    "place_id": "kb_nice-france"
  },
  {
    "name": "Osaka, Japan",
    "country": "Japan",
    "lat": 34.6937249,
    "lng": 135.5022535,
    "price_tier": 3,
    "place_id": "kb_osaka-japan"
  },
  {
    "name": "Oslo, Norway",
    "country": "Norway",
    "lat": 59.9138688,
    "lng": 10.7522454,
    "price_tier": 3,
    "place_id": "kb_oslo-norway"
  },
  {
    "name": "Paris, France",
    "country": "France",
    "lat": 48.8575475,
    "lng": 2.3513765,
    "price_tier": 3,
    "place_id": "kb_paris-france"
  },
  {
    "name": "Perth, Australia",
    "country": "Australia",
    "lat": -31.9513993,
    "lng": 115.8616783,
    "price_tier": 2,
    "place_id": "kb_perth-australia"
  },
  {
    "name": "Phnom Penh, Cambodia",
    "country": "Cambodia",
    "lat": 11.5563738,
    "lng": 104.9282099,
    "price_tier": 3,
    "place_id": "kb_phnom-penh-cambodia"
  },
  {
    "name": "Phuket, Thailand",
    "country": "Thailand",
    "lat": 7.9843109,
    "lng": 98.3307468,
    "price_tier": 3,
    "place_id": "kb_phuket-thailand"
  },
  {
    "name": "Porto, Portugal",
    "country": "Portugal",
    "lat": 41.1579438,
    "lng": -8.629105299999999,
    "price_tier": 3,
    "place_id": "kb_porto-portugal"
  },
  {
    "name": "Prague, Czechia",
    "country": "Czechia",
    "lat": 50.0755381,
    "lng": 14.4378005,
    "price_tier": 3,
    "place_id": "kb_prague-czechia"
  },
  {
    "name": "Reykjavik, Iceland",
    "country": "Iceland",
    "lat": 64.1469868,
    "lng": -21.9407552,
    "price_tier": 3,
    "place_id": "kb_reykjavik-iceland"
  },
  {
    "name": "Riga, Latvia",
    "country": "Latvia",
    "lat": 56.9676941,
    "lng": 24.1056221,
    "price_tier": 3,
    "place_id": "kb_riga-latvia"
  },
  {
    "name": "Rio de Janeiro, Brazil",
    "country": "Brazil",
    "lat": -22.9068467,
    "lng": -43.1728965,
    "price_tier": 3,
    "place_id": "kb_rio-de-janeiro-brazil"
  },
  {
    "name": "Rome, Italy",
    "country": "Italy",
    "lat": 41.8967068,
    "lng": 12.4822025,
    "price_tier": 3,
    "place_id": "kb_rome-italy"
  },
  {
    "name": "Rotterdam, Netherlands",
    "country": "Netherlands",
    "lat": 51.9244201,
    "lng": 4.4777325,
    "price_tier": 3,
    "place_id": "kb_rotterdam-netherlands"
  },
  {
    "name": "San Francisco, USA",
    "country": "United States",
    "lat": 37.7749295,
    "lng": -122.4194155,
    "price_tier": 4,
    "place_id": "kb_san-francisco-usa"
  },
  {
    "name": "Santiago, Chile",
    "country": "Chile",
    "lat": -33.4488897,
    "lng": -70.6692655,
    "price_tier": 3,
    "place_id": "kb_santiago-chile"
  },
  {
    "name": "Santorini, Greece",
    "country": "Greece",
    "lat": 36.3931562,
    "lng": 25.4615092,
    "price_tier": 3,
    "place_id": "kb_santorini-greece"
  },
  {
    "name": "Seoul, South Korea",
    "country": "South Korea",
    "lat": 37.56521290000001,
    "lng": 126.9773517,
    "price_tier": 3,
    "place_id": "kb_seoul-south-korea"
  },
  {
    "name": "Seville, Spain",
    "country": "Spain",
    "lat": 37.3890924,
    "lng": -5.9844589,
    "price_tier": 3,
    "place_id": "kb_seville-spain"
  },
  {
    "name": "Siem Reap, Cambodia",
    "country": "Cambodia",
    "lat": 13.3632533,
    "lng": 103.856403,
    "price_tier": 3,
    "place_id": "kb_siem-reap-cambodia"
  },
  {
    "name": "Singapore, Singapore",
    "country": "Singapore",
    "lat": 1.352083,
    "lng": 103.819836,
    "price_tier": 3,
    "place_id": "kb_singapore-singapore"
  },
  {
    "name": "Split, Croatia",
    "country": "Croatia",
    "lat": 43.5147118,
    "lng": 16.4435148,
    "price_tier": 3,
    "place_id": "kb_split-croatia"
  },
  {
    "name": "Stockholm, Sweden",
    "country": "Sweden",
    "lat": 59.3327036,
    "lng": 18.0656255,
    "price_tier": 2,
    "place_id": "kb_stockholm-sweden"
  },
  {
    "name": "Sydney, Australia",
    "country": "Australia",
    "lat": -33.8727409,
    "lng": 151.2057136,
    "price_tier": 3,
    "place_id": "kb_sydney-australia"
  },
  {
    "name": "São Paulo, Brazil",
    "country": "Brazil",
    "lat": -23.5557714,
    "lng": -46.6395571,
    "price_tier": 3,
    "place_id": "kb_s-o-paulo-brazil"
  },
  {
    "name": "Taipei, Taiwan",
    "country": "Taiwan",
    "lat": 25.0329694,
    "lng": 121.5654177,
    "price_tier": 3,
    "place_id": "kb_taipei-taiwan"
  },
  {
    "name": "Tallinn, Estonia",
    "country": "Estonia",
    "lat": 59.43696079999999,
    "lng": 24.7535746,
    "price_tier": 3,
    "place_id": "kb_tallinn-estonia"
  },
  {
    "name": "Tbilisi, Georgia",
    "country": "Georgia",
    "lat": 41.6938026,
    "lng": 44.80151679999999,
    "price_tier": 3,
    "place_id": "kb_tbilisi-georgia"
  },
  {
    "name": "Tel Aviv, Israel",
    "country": "Israel",
    "lat": 32.0852999,
    "lng": 34.78176759999999,
    "price_tier": 3,
    "place_id": "kb_tel-aviv-israel"
  },
  {
    "name": "Tokyo, Japan",
    "country": "Japan",
    "lat": 35.6764225,
    "lng": 139.650027,
    "price_tier": 3,
    "place_id": "kb_tokyo-japan"
  },
  {
    "name": "Toronto, Canada",
    "country": "Canada",
    "lat": 43.653226,
    "lng": -79.3831843,
    "price_tier": 3,
    "place_id": "kb_toronto-canada"
  },
  {
    "name": "Valencia, Spain",
    "country": "Spain",
    "lat": 39.4738338,
    "lng": -0.3756348,
    "price_tier": 3,
    "place_id": "kb_valencia-spain"
  },
  {
    "name": "Vancouver, Canada",
    "country": "Canada",
    "lat": 49.2827291,
    "lng": -123.1207375,
    "price_tier": 3,
    "place_id": "kb_vancouver-canada"
  },
  {
    "name": "Venice, Italy",
    "country": "Italy",
    "lat": 45.440379,
    "lng": 12.3159547,
    "price_tier": 3,
    "place_id": "kb_venice-italy"
  },
  {
    "name": "Vienna, Austria",
    "country": "Austria",
    "lat": 48.20806959999999,
    "lng": 16.3713095,
    "price_tier": 3,
    "place_id": "kb_vienna-austria"
  },
  {
    "name": "Vilnius, Lithuania",
    "country": "Lithuania",
    "lat": 54.6871555,
    "lng": 25.2796514,
    "price_tier": 3,
    "place_id": "kb_vilnius-lithuania"
  },
  {
    "name": "Warsaw, Poland",
    "country": "Poland",
    "lat": 52.2296756,
    "lng": 21.0122287,
    "price_tier": 3,
    "place_id": "kb_warsaw-poland"
  },
  {
    "name": "Wellington, New Zealand",
    "country": "New Zealand",
    "lat": -41.2923814,
    "lng": 174.7787463,
    "price_tier": 3,
    "place_id": "kb_wellington-new-zealand"
  },
  {
    "name": "Yerevan, Armenia",
    "country": "Armenia",
    "lat": 40.1872023,
    "lng": 44.515209,
    "price_tier": 3,
    "place_id": "kb_yerevan-armenia"
  },
  {
    "name": "Zagreb, Croatia",
    "country": "Croatia",
    "lat": 45.8150108,
    "lng": 15.981919,
    "price_tier": 3,
    "place_id": "kb_zagreb-croatia"
  },
  {
    "name": "Zurich, Switzerland",
    "country": "Switzerland",
    "lat": 47.3768866,
    "lng": 8.541694,
    "price_tier": 3,
    "place_id": "kb_zurich-switzerland"
  }
]