[
  {
    "city": "Abu Dhabi, UAE",
    "country": "United Arab Emirates",
    "name": "Novotel Abu Dhabi Al Bustan",
    "rating": 4.7,
    "user_ratings_total": 19047,
    "price_level": null,
    "types": [
      "establishment",
      "lodging",
      "point_of_interest"
    ],
    "lat": 24.4301499,
    "lng": 54.4288946,
    "cribsLikely": true,
    "place_id": "ChIJ-6AvdtRpXj4R-So9WUiJMoc",
    "address": "Shk. Rashid Bin Saeed - 29 شارع ربدان - السعادة - Zone 1 - أبو ظبي - United Arab Emirates",
    "website": "https://all.accor.com/lien_externe.svlt?goto=fiche_hotel&code_hotel=6533&merchantid=seo-maps-AE-6533&sourceid=aw-cen&utm_medium=seo%20maps&utm_source=google%20Maps&utm_campaign=seo%20maps",
    "phone": "+971 2 501 6444",
    "google_url": "https://maps.google.com/?cid=9741999887783635705"
  },
  {
    "city": "Abu Dhabi, UAE",
    "country": "United Arab Emirates",
    "name": "Millennium Downtown Abu Dhabi",
    "rating": 4.4,
    "user_ratings_total": 6806,
    "price_level": null,
    "types": [
      "establishment",
      "lodging",
      "point_of_interest"
    ],
    "lat": 24.4908142,
    "lng": 54.36579159999999,
    "cribsLikely": true,
    "place_id": "ChIJsW4-_GZmXj4RqdLGxM-I8l4",
    "address": "Hamdan Bin Mohammed St - Al Danah - E3-02 - Abu Dhabi - United Arab Emirates",
    "website": "https://www.millenniumhotels.com/en/abu-dhabi/millennium-downtown-abu-dhabi/",
    "phone": "+971 2 616 6166",
    "google_url": "https://maps.google.com/?cid=6841681209870176937"
  },
  {
    "city": "Abu Dhabi, UAE",
    "country": "United Arab Emirates",
    "name": "Dusit Thani Abu Dhabi",
    "rating": 4.5,
    "user_ratings_total": 8016,
    "price_level": null,
    "types": [
      "establishment",
      "lodging",
      "point_of_interest"
    ],
    "lat": 24.4550179,
    "lng": 54.3947094,
    "cribsLikely": true,
    "place_id": "ChIJo_7Mt3xoXj4RvngJB_jtgRU",
    "address": "925 Sultan Bin Zayed The First Street (Al Muroor Road) - آل نهيان - شرق 25 - أبو ظبي - United Arab Emirates",
    "website": "https://www.dusit.com/dusitthani-abudhabi/?utm_source=google_maps&utm_medium=seo_maps&utm_campaign=seo_maps",
    "phone": "+971 2 698 8888",
    "google_url": "https://maps.google.com/?cid=1549781396317894846"
  },
  {
    "city": "Abu Dhabi, UAE",
    "country": "United Arab Emirates",
    "name": "Corniche Hotel Abu Dhabi",
    "rating": 4.3,
    "user_ratings_total": 4170,
    "price_level": null,
    "types": [
      "establishment",
      "lodging",
      "point_of_interest",
      "spa"
    ],
    "lat": 24.4945901,
    "lng": 54.3642781,
    "cribsLikely": true,
    "place_id": "ChIJRdPrEWFmXj4Rvlnp1T7Lwjo",
    "address": "Khalifa Bin Zayed The First St - Al Danah - E7 - Abu Dhabi - United Arab Emirates",
    "website": "https://abudhabi.corniche-hotels.com/",
    "phone": "+971 2 614 6000",
    "google_url": "https://maps.google.com/?cid=4234170070418938302"
  },
  {
    "city": "Abu Dhabi, UAE",
    "country": "United Arab Emirates",
    "name": "InterContinental Abu Dhabi by IHG",
    "rating": 4.8,
    "user_ratings_total": 22259,
    "price_level": null,
    "types": [
      "establishment",
      "lodging",
      "point_of_interest"
    ],
    "lat": 24.4570953,
    "lng": 54.32904929999999,
    "cribsLikely": true,
    "place_id": "ChIJdeU-c_JlXj4Rki8SWllWktw",
    "address": "King Abdullah Bin Abdulaziz Al Saud St - Al Bateen - W32 - Abu Dhabi - United Arab Emirates",
    "website": "https://www.ihg.com/intercontinental/hotels/gb/en/abu-dhabi/auhha/hoteldetail?cm_mmc=GoogleMaps-_-IC-_-AE-_-AUHHA",
    "phone": "+971 2 666 6888",
    "google_url": "https://maps.google.com/?cid=15893860976707121042"
  },
  {
    "city": "Abu Dhabi, UAE",
    "country": "United Arab Emirates",
    "name": "Sheraton Khalidiya Hotel",
    "rating": 3.9,
    "user_ratings_total": 4286,
    "price_level": null,
    "types": [
      "establishment",
      "lodging",
      "point_of_interest"
    ],
    "lat": 24.4751523,
    "lng": 54.3494883,
    "cribsLikely": true,
    "place_id": "ChIJq7Hq4XRmXj4RIurbJBr3oCM",
    "address": "Zayed The First St - opposite KM Trading - Al Hisn - W7 01 - Abu Dhabi - United Arab Emirates",
    "website": "http://www.sheratonalkhalidiya.com/",
    "phone": "+971 2 692 8500",
    "google_url": "https://maps.google.com/?cid=2567323479260785186"
  },
  {
    "city": "Abu Dhabi, UAE",
    "country": "United Arab Emirates",
    "name": "ibis Abu Dhabi Gate",
    "rating": 4.6,
    "user_ratings_total": 11271,
    "price_level": null,
    "types": [
      "establishment",
      "lodging",
      "point_of_interest"
    ],
    "lat": 24.3958295,
    "lng": 54.5176885,
    "cribsLikely": true,
    "place_id": "ChIJH1KddkpBXj4RkWQ0IVUE6HM",
    "address": "222 Al Maqta' St - Rabdan - RB10 - Abu Dhabi - United Arab Emirates",
    "website": "https://all.accor.com/lien_externe.svlt?goto=fiche_hotel&code_hotel=6949&merchantid=seo-maps-AE-6949&sourceid=aw-cen&utm_medium=seo%20maps&utm_source=google%20Maps&utm_campaign=seo%20maps",
    "phone": "+971 2 509 0999",
    "google_url": "https://maps.google.com/?cid=8351930272634397841"
  },
  {
    "city": "Abu Dhabi, UAE",
    "country": "United Arab Emirates",
    "name": "Palette - Top Stars Hotel",
    "rating": 3.7,
    "user_ratings_total": 1294,
    "price_level": null,
    "types": [
      "establishment",
      "lodging",
      "point_of_interest"
    ],
    "lat": 24.4801355,
    "lng": 54.3672814,
    "cribsLikely": true,
    "place_id": "ChIJsRUXk2pmXj4R9yzUt2O5msI",
    "address": "MUROOR STREET - MADINAT ZAYED - Zone 1 - Abu Dhabi - United Arab Emirates",
    "website": "https://www.oyorooms.com/h/258947?utm_source=Google_gmb_UA&utm_medium=Organic&utm_campaign=UAE_ABD331&latitude=24.48032&longitude=54.36712&locale=en",
    "phone": "+971 4 541 6355",
    "google_url": "https://maps.google.com/?cid=14022724227708497143"
  },
  {
    "city": "Abu Dhabi, UAE",
    "country": "United Arab Emirates",
    "name": "Kingsgate Hotel Abu Dhabi by Millennium",
    "rating": 4.2,
    "user_ratings_total": 3373,
    "price_level": null,
    "types": [
      "establishment",
      "lodging",
      "point_of_interest"
    ],
    "lat": 24.4915827,
    "lng": 54.3799155,
    "cribsLikely": true,
    "place_id": "ChIJqTd8-U9mXj4RBwbq3H2ApUA",
    "address": "Al Salam Street - Al Zahiyah - E16 01 - Abu Dhabi - United Arab Emirates",
    "website": "https://www.millenniumhotels.com/en/abu-dhabi/kingsgate-hotel-abu-dhabi-by-millennium/",
    "phone": "+971 2 499 5000",
    "google_url": "https://maps.google.com/?cid=4658270667650237959"
  },
  {
    "city": "Abu Dhabi, UAE",
    "country": "United Arab Emirates",
    "name": "Ramada by Wyndham Abu Dhabi Downtown",
    "rating": 4.1,
    "user_ratings_total": 2595,
    "price_level": null,
    "types": [
      "establishment",
      "lodging",
      "point_of_interest"
    ],
    "lat": 24.4907238,
    "lng": 54.3799788,
    "cribsLikely": true,
    "place_id": "ChIJ4Yis9E9mXj4R08sl6j8NbfA",
    "address": "Sheikh Zayed Bin Sultan St - opp. Abu Dhabi Municipality - Al Zahiyah - E16 01 - Abu Dhabi - United Arab Emirates",
    "website": "http://www.wyndhamhotels.com/",
    "phone": "+971 2 659 7666",
    "google_url": "https://maps.google.com/?cid=17324517909726612435"
  },
  {
    "city": "Abu Dhabi, UAE",
    "country": "United Arab Emirates",
    "name": "Royal Rose Abu Dhabi, a Curio Collection by Hilton Affiliated Hotel",
    "rating": 4.4,
    "user_ratings_total": 5531,
    "price_level": null,
    "types": [
      "establishment",
      "lodging",
      "point_of_interest",
      "spa"
    ],
    "lat": 24.493274,
    "lng": 54.372932,
    "cribsLikely": true,
    "place_id": "ChIJtVkyz-ZlXj4ReMihoxjPp7M",
    "address": "1025 Zayed The First St - Al Danah - Al Markaziyah District - Abu Dhabi - United Arab Emirates",
    "website": "https://www.hilton.com/en/hotels/auhrrqq-royal-rose-abu-dhabi/?SEO_id=GMB-EMEA-QQ-AUHRRQQ",
    "phone": "+971 2 672 4000",
    "google_url": "https://maps.google.com/?cid=12945543358631233656"
  },
  {
    "city": "Abu Dhabi, UAE",
    "country": "United Arab Emirates",
    "name": "Executive Suites",
    "rating": 4,
    "user_ratings_total": 1042,
    "price_level": null,
    "types": [
      "establishment",
      "lodging",
      "point_of_interest"
    ],
    "lat": 24.4627427,
    "lng": 54.38663709999999,
    "cribsLikely": true,
    "place_id": "ChIJV3U12YFoXj4RaFcFNkSmxA0",
    "address": "Sheikh Sultan Bin Zayed the first Street (Muroor Road no.4, Al Nahyan Camp Near First Abu Dhabi Bank Opposite Al Mamoura building - آل نهيان - شرق 25 - أبو ظبي - United Arab Emirates",
    "website": "http://www.executivesuites.ae/",
    "phone": "+971 2 611 5333",
    "google_url": "https://maps.google.com/?cid=992100629822658408"
  }
]