[
  {
    "city": "Amman, Jordan",
    "country": "Jordan",
    "name": "Amman Marriott Hotel",
    "rating": 4.4,
    "user_ratings_total": 4807,
    "price_level": null,
    "types": [
      "establishment",
      "lodging",
      "point_of_interest"
    ],
    "lat": 31.9730247,
    "lng": 35.905796,
    "cribsLikely": true,
    "place_id": "ChIJA4o5rA2gHBURF4WhxOziV3Q",
    "address": "Issam Al Ajlouni, Amman 11190, Jordan",
    "website": "https://www.marriott.com/en-us/hotels/ammjr-amman-marriott-hotel/overview/?scid=f2ae0541-1279-4f24-b197-a979c79310b0",
    "phone": "+962 6 560 7607",
    "google_url": "https://maps.google.com/?cid=8383418737912546583"
  },
  {
    "city": "Amman, Jordan",
    "country": "Jordan",
    "name": "Amman Airport Hotel",
    "rating": 3.2,
    "user_ratings_total": 2595,
    "price_level": null,
    "types": [
      "establishment",
      "lodging",
      "point_of_interest"
    ],
    "lat": 31.7201028,
    "lng": 35.9653917,
    "cribsLikely": true,
    "place_id": "ChIJF8qtANtVGxURZ79ruPUxhcE",
    "address": "St A867, Airport Rd., Amman, Jordan",
    "website": "https://www.ammanairporthotel.com/",
    "phone": "+962 6 445 1000",
    "google_url": "https://maps.google.com/?cid=13944606752653426535"
  },
  {
    "city": "Amman, Jordan",
    "country": "Jordan",
    "name": "Four Seasons Hotel Amman",
    "rating": 4.6,
    "user_ratings_total": 7029,
    "price_level": null,
    "types": [
      "establishment",
      "health",
      "lodging",
      "point_of_interest",
      "spa"
    ],
    "lat": 31.9616282,
    "lng": 35.8810368,
    "cribsLikely": true,
    "place_id": "ChIJnV3aclegHBURWX1PriFOqIA",
    "address": "5th Circle, ش. الكندي، عمّان، Jordan",
    "website": "https://www.fourseasons.com/amman/?utm_source=google&utm_medium=organicsearch&utm_campaign=tor-amm-hre-mid-seo-na&utm_content=na-na&utm_term=na",
    "phone": "+962 6 550 5555",
    "google_url": "https://maps.google.com/?cid=9270745739507498329"
  },
  {
    "city": "Amman, Jordan",
    "country": "Jordan",
    "name": "فندق موڤنبيك عمّان",
    "rating": 4.6,
    "user_ratings_total": 6175,
    "price_level": null,
    "types": [
      "establishment",
      "lodging",
      "point_of_interest"
    ],
    "lat": 31.9860455,
    "lng": 35.8649037,
    "cribsLikely": true,
    "place_id": "ChIJSemkPI-hHBURaROOi-z9SXU",
    "address": "Madina Monawarah Street, Al Jathimiya, Amman 11194, Jordan",
    "website": "https://movenpick.accor.com/en/middle-east/jordan/amman/hotel-amman.html?merchantid=seo-maps-JO-B5J0&sourceid=aw-cen&utm_medium=seo+maps&utm_source=google+Maps&utm_campaign=seo+maps&utm_content=Amman",
    "phone": "+962 6 552 8822",
    "google_url": "https://maps.google.com/?cid=8451565368132899689"
  },
  {
    "city": "Amman, Jordan",
    "country": "Jordan",
    "name": "Rainbow House",
    "rating": 4.6,
    "user_ratings_total": 123,
    "price_level": null,
    "types": [
      "establishment",
      "lodging",
      "point_of_interest"
    ],
    "lat": 31.9484876,
    "lng": 35.9321309,
    "cribsLikely": true,
    "place_id": "ChIJ_2wDWJlfGxURf8DRE5i2Xl0",
    "address": "Omar Ibn، Omar Bin Al-Khattab St 13, Amman 11180, Jordan",
    "website": "https://wa.me/message/XCDMOF2JCWSYO1",
    "phone": "+962 6 222 9425",
    "google_url": "https://maps.google.com/?cid=6728015657621897343"
  },
  {
    "city": "Amman, Jordan",
    "country": "Jordan",
    "name": "Days Inn by Wyndham Hotel Suites Amman",
    "rating": 3.8,
    "user_ratings_total": 3533,
    "price_level": null,
    "types": [
      "establishment",
      "lodging",
      "point_of_interest"
    ],
    "lat": 31.9764035,
    "lng": 35.8870232,
    "cribsLikely": true,
    "place_id": "ChIJIfuW9ZZfGxURBLdVJ1kChMs",
    "address": "Al Rabyeh OmarBin Abdulaziz St Amman JO 11195, عمّان، Jordan",
    "website": "https://www.wyndhamhotels.com/days-inn/amman-jordan/days-inn-hotel-suites-amman/overview?CID=LC:iqv0j1dklijly45:13177&iata=00093796",
    "phone": "+962 6 551 9011",
    "google_url": "https://maps.google.com/?cid=14664848868560451332"
  },
  {
    "city": "Amman, Jordan",
    "country": "Jordan",
    "name": "Amman International Hotel",
    "rating": 4.4,
    "user_ratings_total": 1386,
    "price_level": null,
    "types": [
      "establishment",
      "lodging",
      "point_of_interest"
    ],
    "lat": 32.0105556,
    "lng": 35.8677778,
    "cribsLikely": true,
    "place_id": "ChIJhSW3pnmfHBURBqzCg9TsoJ0",
    "address": "Al Habbab Ibn Al Mundhir، Amman, Jordan",
    "website": "http://www.amman-international.com/",
    "phone": "+962 6 534 1712",
    "google_url": "https://maps.google.com/?cid=11358338657716186118"
  },
  {
    "city": "Amman, Jordan",
    "country": "Jordan",
    "name": "Olive Hotel",
    "rating": 4.3,
    "user_ratings_total": 1352,
    "price_level": null,
    "types": [
      "establishment",
      "lodging",
      "point_of_interest"
    ],
    "lat": 31.9511762,
    "lng": 35.9018662,
    "cribsLikely": true,
    "place_id": "ChIJEetsEO5fGxUR3HQEP8GfPlo",
    "address": "Jabal Amman, 3-rd Circle, Dr. Ibrahim Al Khalidi, nr. 57، Amman, Jordan",
    "website": "http://www.olivehoteljo.com/",
    "phone": "+962 6 463 5301",
    "google_url": "https://maps.google.com/?cid=6502810564304336092"
  },
  {
    "city": "Amman, Jordan",
    "country": "Jordan",
    "name": "Ibiza Hotel",
    "rating": 3.7,
    "user_ratings_total": 512,
    "price_level": null,
    "types": [
      "establishment",
      "lodging",
      "point_of_interest"
    ],
    "lat": 31.9558171,
    "lng": 35.8646895,
    "cribsLikely": true,
    "place_id": "ChIJDQkhwAShHBURA0MM_dsPMSE",
    "address": "Princess Taghreed Mohammad Street 37, Amman, Jordan",
    "website": "https://goo.gl/d8hVUt",
    "phone": "+962 6 582 8850",
    "google_url": "https://maps.google.com/?cid=2391710314628137731"
  },
  {
    "city": "Amman, Jordan",
    "country": "Jordan",
    "name": "Rafi Hotel, Amman",
    "rating": 3.8,
    "user_ratings_total": 463,
    "price_level": null,
    "types": [
      "establishment",
      "lodging",
      "point_of_interest"
    ],
    "lat": 31.950665,
    "lng": 35.936812,
    "cribsLikely": true,
    "place_id": "ChIJByLpqqJfGxURFohErEbjoP8",
    "address": "Building 120، Quraysh St., Amman, Jordan",
    "website": "https://newrafihotel.jordan-hotel.top/",
    "phone": "+962 6 463 2111",
    "google_url": "https://maps.google.com/?cid=18419972368622716950"
  },
  {
    "city": "Amman, Jordan",
    "country": "Jordan",
    "name": "Baden hotel",
    "rating": 3.9,
    "user_ratings_total": 114,
    "price_level": null,
    "types": [
      "establishment",
      "lodging",
      "point_of_interest"
    ],
    "lat": 31.9567623,
    "lng": 35.8553657,
    "cribsLikely": true,
    "place_id": "ChIJNc3p9RGhHBURZNkZUqf7oVM",
    "address": "Abdalla alhmood Amman, عمّان 11118, Jordan",
    "website": null,
    "phone": "+962 7 7744 5591",
    "google_url": "https://maps.google.com/?cid=6026374472453970276"
  },
  {
    "city": "Amman, Jordan",
    "country": "Jordan",
    "name": "Ryaheen Al Kulood Hotel Apartments",
    "rating": 4.3,
    "user_ratings_total": 159,
    "price_level": null,
    "types": [
      "establishment",
      "lodging",
      "point_of_interest"
    ],
    "lat": 32.0056535,
    "lng": 35.8689334,
    "cribsLikely": true,
    "place_id": "ChIJS3Jj936fHBURSlenLH0AT48",
    "address": "Ryaheen Al Koloud Hotel Apartments, Habeeb Bin Mathhar St 14, Amman, Jordan",
    "website": "https://www.facebook.com/RayaheenALkhloud",
    "phone": "+962 6 533 3122",
    "google_url": "https://maps.google.com/?cid=10326473008203913034"
  }
]