[
  {
    "city": "Amsterdam, Netherlands",
    "country": "Netherlands",
    "name": "Hampton by Hilton Amsterdam / Arena Boulevard",
    "rating": 4.2,
    "user_ratings_total": 3501,
    "price_level": null,
    "types": [
      "establishment",
      "lodging",
      "point_of_interest"
    ],
    "lat": 52.3130354,
    "lng": 4.947841599999999,
    "cribsLikely": true,
    "place_id": "ChIJ7_JeDZALxkcR6zrSG75eNNI",
    "address": "Hoekenrode 1, 1102 BR Amsterdam, Netherlands",
    "website": "https://www.hilton.com/en/hotels/amszuhx-hampton-amsterdam-arena-boulevard/?SEO_id=GMB-EMEA-HX-AMSZUHX",
    "phone": "+31 20 820 3200",
    "google_url": "https://maps.google.com/?cid=15146835617357380331"
  },
  {
    "city": "Amsterdam, Netherlands",
    "country": "Netherlands",
    "name": "ITC Hotel Amsterdam",
    "rating": 3.4,
    "user_ratings_total": 769,
    "price_level": null,
    "types": [
      "establishment",
      "lodging",
      "point_of_interest"
    ],
    "lat": 52.36224989999999,
    "lng": 4.8984667,
    "cribsLikely": true,
    "place_id": "ChIJkUSQa5QJxkcRl34RnotElKE",
    "address": "Prinsengracht 1051, 1017 JE Amsterdam, Netherlands",
    "website": "http://www.itc-hotel.com/",
    "phone": "+31 20 623 0230",
    "google_url": "https://maps.google.com/?cid=11643006303102664343"
  },
  {
    "city": "Amsterdam, Netherlands",
    "country": "Netherlands",
    "name": "Best Western Amsterdam",
    "rating": 3.6,
    "user_ratings_total": 4201,
    "price_level": null,
    "types": [
      "establishment",
      "lodging",
      "point_of_interest"
    ],
    "lat": 52.34873,
    "lng": 4.842652,
    "cribsLikely": true,
    "place_id": "ChIJ1TT0OB7ixUcRqdgd8HPVkTw",
    "address": "Voorburgstraat 250, 1059 VD Amsterdam, Netherlands",
    "website": "https://www.bestwesternamsterdam.nl/",
    "phone": "+31 85 273 3568",
    "google_url": "https://maps.google.com/?cid=4364504207825164457"
  },
  {
    "city": "Amsterdam, Netherlands",
    "country": "Netherlands",
    "name": "The Flying Pig Downtown Hostel",
    "rating": 4.4,
    "user_ratings_total": 2609,
    "price_level": null,
    "types": [
      "establishment",
      "lodging",
      "point_of_interest"
    ],
    "lat": 52.3767132,
    "lng": 4.896378299999999,
    "cribsLikely": true,
    "place_id": "ChIJk17zB7gJxkcR8E1SEpIcE_4",
    "address": "Nieuwendijk 100, 1012 MR Amsterdam, Netherlands",
    "website": "https://www.st-christophers.co.uk/amsterdam/downtown-hostel",
    "phone": "+31 20 420 6822",
    "google_url": "https://maps.google.com/?cid=18308008323889384944"
  },
  {
    "city": "Amsterdam, Netherlands",
    "country": "Netherlands",
    "name": "Hotel City Garden Amsterdam",
    "rating": 3.5,
    "user_ratings_total": 1307,
    "price_level": null,
    "types": [
      "establishment",
      "lodging",
      "point_of_interest"
    ],
    "lat": 52.3591774,
    "lng": 4.8762438,
    "cribsLikely": true,
    "place_id": "ChIJLYIWaPwNxkcRxNVPxkWwJMM",
    "address": "Pieter Cornelisz Hooftstraat 162, 1071 CH Amsterdam, Netherlands",
    "website": "https://hotelcitygardenamsterdam.com/?utm_source=GoogleBusiness",
    "phone": "+31 20 672 7919",
    "google_url": "https://maps.google.com/?cid=14061557750283883972"
  },
  {
    "city": "Amsterdam, Netherlands",
    "country": "Netherlands",
    "name": "MEININGER Hotel Amsterdam Amstel",
    "rating": 4.2,
    "user_ratings_total": 4687,
    "price_level": null,
    "types": [
      "establishment",
      "lodging",
      "point_of_interest"
    ],
    "lat": 52.3457763,
    "lng": 4.9192528,
    "cribsLikely": true,
    "place_id": "ChIJ0RZ1vX8JxkcRZ9jQ-jthG6c",
    "address": "Julianaplein 6, 1097 DN Amsterdam, Netherlands",
    "website": "https://www.meininger-hotels.com/en/hotels/amsterdam/hotel-amsterdam-amstel/?utm_source=gmb&utm_medium=referral&utm_campaign=AMS-JP&utm_content=website",
    "phone": null,
    "google_url": "https://maps.google.com/?cid=12041324938944108647"
  },
  {
    "city": "Amsterdam, Netherlands",
    "country": "Netherlands",
    "name": "Budget Hotel Tourist Inn",
    "rating": 4.1,
    "user_ratings_total": 1300,
    "price_level": null,
    "types": [
      "establishment",
      "lodging",
      "point_of_interest"
    ],
    "lat": 52.37619,
    "lng": 4.89229,
    "cribsLikely": true,
    "place_id": "ChIJBwoxNsYJxkcR3BmGjpyeSw0",
    "address": "Spuistraat 52, 1012 TV Amsterdam, Netherlands",
    "website": "https://www.tourist-inn.com/?utm_source=GMBlisting&utm_medium=organic",
    "phone": "+31 20 421 5841",
    "google_url": "https://maps.google.com/?cid=958033740989602268"
  },
  {
    "city": "Amsterdam, Netherlands",
    "country": "Netherlands",
    "name": "ibis Schiphol Amsterdam Airport",
    "rating": 3.9,
    "user_ratings_total": 12648,
    "price_level": null,
    "types": [
      "establishment",
      "food",
      "lodging",
      "point_of_interest",
      "restaurant"
    ],
    "lat": 52.3251484,
    "lng": 4.7939543,
    "cribsLikely": true,
    "place_id": "ChIJ0Qfxgg3hxUcRqjdY75sCBiM",
    "address": "Schipholweg 181, 1171 PK Badhoevedorp, Netherlands",
    "website": "https://all.accor.com/lien_externe.svlt?goto=fiche_hotel&code_hotel=0649&merchantid=seo-maps-NL-0649&sourceid=aw-cen&utm_medium=seo%20maps&utm_source=google%20Maps&utm_campaign=seo%20maps",
    "phone": "+31 20 721 9171",
    "google_url": "https://maps.google.com/?cid=2523707509946464170"
  },
  {
    "city": "Amsterdam, Netherlands",
    "country": "Netherlands",
    "name": "Grand Canal Boutique Hotel",
    "rating": 3.1,
    "user_ratings_total": 182,
    "price_level": null,
    "types": [
      "establishment",
      "lodging",
      "point_of_interest"
    ],
    "lat": 52.3706207,
    "lng": 4.8842681,
    "cribsLikely": true,
    "place_id": "ChIJozDTD8MJxkcRO_HxQ1B4wF4",
    "address": "Keizersgracht 302, 1016 EX Amsterdam, Netherlands",
    "website": "https://www.amsterdamcanalhotels.com/grand-canal-boutique-hotel",
    "phone": "+31 20 234 5600",
    "google_url": "https://maps.google.com/?cid=6827589321226318139"
  },
  {
    "city": "Amsterdam, Netherlands",
    "country": "Netherlands",
    "name": "XO Hotels Couture",
    "rating": 4.4,
    "user_ratings_total": 3868,
    "price_level": null,
    "types": [
      "establishment",
      "lodging",
      "point_of_interest"
    ],
    "lat": 52.3511547,
    "lng": 4.8414231,
    "cribsLikely": true,
    "place_id": "ChIJv42bEB_ixUcRO8p-I1HMl-M",
    "address": "Delflandlaan 15, 1062 EA Amsterdam, Netherlands",
    "website": "https://xohotels.com/hotel/xo-hotels-couture-amsterdam/?utm_source=GMBlisting-COU&utm_medium=organic",
    "phone": "+31 20 881 2595",
    "google_url": "https://maps.google.com/?cid=16399801216952879675"
  },
  {
    "city": "Amsterdam, Netherlands",
    "country": "Netherlands",
    "name": "Hotel Artemis Amsterdam",
    "rating": 4.1,
    "user_ratings_total": 3187,
    "price_level": null,
    "types": [
      "establishment",
      "lodging",
      "point_of_interest"
    ],
    "lat": 52.3417663,
    "lng": 4.824796699999999,
    "cribsLikely": true,
    "place_id": "ChIJzVN3QY_hxUcREIzfWnT4u94",
    "address": "John M. Keynesplein 2, 1066 EP Amsterdam, Netherlands",
    "website": "https://xohotels.com/hotel/hotel-artemis/?utm_source=GMBlisting-ART&utm_medium=organic",
    "phone": "+31 20 714 1000",
    "google_url": "https://maps.google.com/?cid=16049694875689389072"
  },
  {
    "city": "Amsterdam, Netherlands",
    "country": "Netherlands",
    "name": "Weber Hotel",
    "rating": 4.1,
    "user_ratings_total": 285,
    "price_level": null,
    "types": [
      "establishment",
      "lodging",
      "point_of_interest"
    ],
    "lat": 52.3648862,
    "lng": 4.8802743,
    "cribsLikely": true,
    "place_id": "ChIJexX30ecJxkcRTiP1T7f21wQ",
    "address": "Marnixstraat 386, 1017 PL Amsterdam, Netherlands",
    "website": "https://www.weberhotel.nl/",
    "phone": "+31 6 38578510",
    "google_url": "https://maps.google.com/?cid=349018763325416270"
  }
]