[
  {
    "city": "Athens, Greece",
    "country": "Greece",
    "name": "The Convo Syngrou Apartments",
    "rating": 4.2,
    "user_ratings_total": 113,
    "price_level": null,
    "types": [
      "establishment",
      "lodging",
      "point_of_interest"
    ],
    "lat": 37.9533787,
    "lng": 23.7116488,
    "cribsLikely": true,
    "place_id": "ChIJq9CLs7a9oRQRs31eFaPOZvQ",
    "address": "Leof. Andrea Siggrou 212, Kallithea 176 72, Greece",
    "website": "http://the-convo-syngrou-apartments.com.es/",
    "phone": "+30 21 1411 0191",
    "google_url": "https://maps.google.com/?cid=17610990592712408499"
  },
  {
    "city": "Athens, Greece",
    "country": "Greece",
    "name": "Novotel Athenes",
    "rating": 4.2,
    "user_ratings_total": 4752,
    "price_level": null,
    "types": [
      "establishment",
      "lodging",
      "point_of_interest"
    ],
    "lat": 37.989576,
    "lng": 23.7252461,
    "cribsLikely": true,
    "place_id": "ChIJa-QX1C29oRQRFbl43xxnp-w",
    "address": "4, Michail Voda Str, Athina 104 39, Greece",
    "website": "https://all.accor.com/lien_externe.svlt?goto=fiche_hotel&code_hotel=0866&merchantid=seo-maps-GR-0866&sourceid=aw-cen&utm_medium=seo+maps&utm_source=google+Maps&utm_campaign=seo+maps&y_source=1_MTUzNTc4OTYtNzE1LWxvY2F0aW9uLndlYnNpdGU=",
    "phone": "+30 21 0820 0700",
    "google_url": "https://maps.google.com/?cid=17052711887767648533"
  },
  {
    "city": "Athens, Greece",
    "country": "Greece",
    "name": "A&N Athens Luxury Apartments - Acropolis",
    "rating": 4.9,
    "user_ratings_total": 11,
    "price_level": null,
    "types": [
      "establishment",
      "lodging",
      "point_of_interest"
    ],
    "lat": 37.9676019,
    "lng": 23.7299753,
    "cribsLikely": true,
    "place_id": "ChIJ8W22s9q9oRQREclWag-olUI",
    "address": "Pl. Tsokri 1, Athina 117 42, Greece",
    "website": "https://hotels.cloudbeds.com/reservation/j0At83",
    "phone": "+30 694 842 7801",
    "google_url": "https://maps.google.com/?cid=4797925762195179793"
  },
  {
    "city": "Athens, Greece",
    "country": "Greece",
    "name": "Athens Panorama Project",
    "rating": 4.1,
    "user_ratings_total": 470,
    "price_level": null,
    "types": [
      "establishment",
      "lodging",
      "point_of_interest"
    ],
    "lat": 37.9964395,
    "lng": 23.7418243,
    "cribsLikely": true,
    "place_id": "ChIJj3beZLaioRQRFYxS_6NSH_E",
    "address": "Evelpidon 77, Athina 113 62, Greece",
    "website": "http://www.athenspanoramaproject.com/",
    "phone": "+30 21 0884 0005",
    "google_url": "https://maps.google.com/?cid=17374696751735409685"
  },
  {
    "city": "Athens, Greece",
    "country": "Greece",
    "name": "City Circus Athens Hostel",
    "rating": 4.5,
    "user_ratings_total": 582,
    "price_level": null,
    "types": [
      "establishment",
      "lodging",
      "point_of_interest"
    ],
    "lat": 37.979585,
    "lng": 23.723374,
    "cribsLikely": true,
    "place_id": "ChIJJ73P4CO9oRQRWBQRnQ46PG0",
    "address": "Sarri 16, Athina 105 53, Greece",
    "website": "http://www.citycircus.gr/",
    "phone": "+30 21 3023 7244",
    "google_url": "https://maps.google.com/?cid=7871230083175879768"
  },
  {
    "city": "Athens, Greece",
    "country": "Greece",
    "name": "A&N Athens Luxury Apartments - Akadimou",
    "rating": 4.9,
    "user_ratings_total": 59,
    "price_level": null,
    "types": [
      "establishment",
      "lodging",
      "point_of_interest"
    ],
    "lat": 37.9820693,
    "lng": 23.7203064,
    "cribsLikely": true,
    "place_id": "ChIJv4eB2My9oRQRbXySA9pjhfI",
    "address": "Akadimou 15, Athina 104 36, Greece",
    "website": "https://hotels.cloudbeds.com/reservation/vaJwex",
    "phone": "+30 694 842 7801",
    "google_url": "https://maps.google.com/?cid=17475483717095029869"
  },
  {
    "city": "Athens, Greece",
    "country": "Greece",
    "name": "11 Reasons Why Metaxourgeio",
    "rating": 5,
    "user_ratings_total": 4,
    "price_level": null,
    "types": [
      "establishment",
      "lodging",
      "point_of_interest"
    ],
    "lat": 37.9824168,
    "lng": 23.7223282,
    "cribsLikely": true,
    "place_id": "ChIJDSSHfmu9oRQR2m8_y_SVaUk",
    "address": "Agisilaou 24-28, Athina 104 36, Greece",
    "website": "https://www.reasonswhyhotels.gr/",
    "phone": "+30 694 822 2006",
    "google_url": "https://maps.google.com/?cid=5289924115937849306"
  },
  {
    "city": "Athens, Greece",
    "country": "Greece",
    "name": "Wyndham Grand Athens",
    "rating": 4.3,
    "user_ratings_total": 5403,
    "price_level": null,
    "types": [
      "establishment",
      "lodging",
      "point_of_interest"
    ],
    "lat": 37.9847978,
    "lng": 23.7211787,
    "cribsLikely": true,
    "place_id": "ChIJI50NBCa9oRQRQJcu8OyeXMU",
    "address": "Meg. Alexandrou 2, Athina 104 37, Greece",
    "website": "https://www.wyndhamgrandathens.com/",
    "phone": "+30 21 6800 9900",
    "google_url": "https://maps.google.com/?cid=14221416463808239424"
  },
  {
    "city": "Athens, Greece",
    "country": "Greece",
    "name": "Athens Odeon Hotel",
    "rating": 3.5,
    "user_ratings_total": 636,
    "price_level": null,
    "types": [
      "establishment",
      "lodging",
      "point_of_interest"
    ],
    "lat": 37.9821254,
    "lng": 23.7231427,
    "cribsLikely": true,
    "place_id": "ChIJLx01d0E1oBQRI3fRNnHo9DE",
    "address": "Pireos 42, Athina 104 37, Greece",
    "website": "https://www.athensodeon.com/",
    "phone": "+30 21 0523 9200",
    "google_url": "https://maps.google.com/?cid=3599757575124514595"
  },
  {
    "city": "Athens, Greece",
    "country": "Greece",
    "name": "Athens One Smart Hotel",
    "rating": 4.1,
    "user_ratings_total": 434,
    "price_level": null,
    "types": [
      "establishment",
      "lodging",
      "point_of_interest"
    ],
    "lat": 37.9861014,
    "lng": 23.725406,
    "cribsLikely": true,
    "place_id": "ChIJF1eoui-9oRQRZFBjiepldbk",
    "address": "Veranzerou 50 &, Marni, Athina 104 38, Greece",
    "website": "https://www.athensonehotel.gr/",
    "phone": "+30 21 1990 9100",
    "google_url": "https://maps.google.com/?cid=13363699527293554788"
  },
  {
    "city": "Athens, Greece",
    "country": "Greece",
    "name": "Newel Metaxourgeio",
    "rating": 4.1,
    "user_ratings_total": 147,
    "price_level": null,
    "types": [
      "establishment",
      "lodging",
      "point_of_interest"
    ],
    "lat": 37.987838,
    "lng": 23.7224689,
    "cribsLikely": true,
    "place_id": "ChIJYzKOgiu9oRQRDIntDAwpikU",
    "address": "Psaron 31, Athina 104 38, Greece",
    "website": "https://www.the-newel.com/metaxourgeio/?utm_source=GMB&utm_medium=GMB&utm_campaign=Metaxourgeio",
    "phone": "+30 21 0360 0058",
    "google_url": "https://maps.google.com/?cid=5010862667136338188"
  },
  {
    "city": "Athens, Greece",
    "country": "Greece",
    "name": "WYZ Athens Apartments by UPSTREET",
    "rating": 4.1,
    "user_ratings_total": 56,
    "price_level": null,
    "types": [
      "establishment",
      "lodging",
      "point_of_interest"
    ],
    "lat": 37.9598509,
    "lng": 23.7339462,
    "cribsLikely": true,
    "place_id": "ChIJySG6hC29oRQRYt_iR4Pwb-k",
    "address": "Spintharou 13, Athina 117 43, Greece",
    "website": null,
    "phone": "+30 21 5215 4529",
    "google_url": "https://maps.google.com/?cid=16820927579889524578"
  }
]