[
  {
    "city": "Auckland, New Zealand",
    "country": "New Zealand",
    "name": "Ramada Suites By Wyndham Victoria Street West",
    "rating": 4.3,
    "user_ratings_total": 323,
    "price_level": null,
    "types": [
      "establishment",
      "lodging",
      "point_of_interest"
    ],
    "lat": -36.8473527,
    "lng": 174.7595059,
    "cribsLikely": true,
    "place_id": "ChIJ9R4CDzdHDW0RkI4HwfBs0CA",
    "address": "147 Victoria Street West, Auckland Central, Auckland 1010, New Zealand",
    "website": "https://www.wyndhamhotels.com/ramada/auckland-new-zealand/ramada-suites-victoria-street-west/overview?CID=LC:wmcic5n98gs1g0r:50470&iata=00093796",
    "phone": "+64 9 971 5000",
    "google_url": "https://maps.google.com/?cid=2364509585655959184"
  },
  {
    "city": "Auckland, New Zealand",
    "country": "New Zealand",
    "name": "Hilton Auckland",
    "rating": 4.4,
    "user_ratings_total": 2893,
    "price_level": null,
    "types": [
      "establishment",
      "lodging",
      "point_of_interest"
    ],
    "lat": -36.83968369999999,
    "lng": 174.7657468,
    "cribsLikely": true,
    "place_id": "ChIJfTk-uPlHDW0RdJhvcFyvl8c",
    "address": "147 Quay Street, Auckland Central, Auckland 1010, New Zealand",
    "website": "https://www.hilton.com/en/hotels/aklhihi-hilton-auckland/?SEO_id=GMB-APAC-HI-AKLHIHI",
    "phone": "+64 9 978 2000",
    "google_url": "https://maps.google.com/?cid=14382156746589182068"
  },
  {
    "city": "Auckland, New Zealand",
    "country": "New Zealand",
    "name": "Holiday Inn Express Auckland City Centre by IHG",
    "rating": 4.2,
    "user_ratings_total": 413,
    "price_level": null,
    "types": [
      "establishment",
      "lodging",
      "point_of_interest"
    ],
    "lat": -36.8469934,
    "lng": 174.7647933,
    "cribsLikely": true,
    "place_id": "ChIJG1iCYPpHDW0RiOpccv9Yra0",
    "address": "9 Wyndham Street, Auckland Central, Auckland 1010, New Zealand",
    "website": "https://www.ihg.com/holidayinnexpress/hotels/us/en/auckland/aklcc/hoteldetail?cm_mmc=GoogleMaps-_-EX-_-NZ-_-AKLCC",
    "phone": "+64 9 883 2900",
    "google_url": "https://maps.google.com/?cid=12514756793691073160"
  },
  {
    "city": "Auckland, New Zealand",
    "country": "New Zealand",
    "name": "President Hotel Auckland",
    "rating": 3.6,
    "user_ratings_total": 1278,
    "price_level": null,
    "types": [
      "establishment",
      "lodging",
      "point_of_interest"
    ],
    "lat": -36.8484873,
    "lng": 174.7642959,
    "cribsLikely": true,
    "place_id": "ChIJnUBhwPpHDW0Rl6XmyS5ZAs0",
    "address": "27-35 Victoria Street West, Auckland Central, Auckland 1010, New Zealand",
    "website": "https://www.cpghotels.com/hotels/president-hotel/",
    "phone": "+64 9 303 1333",
    "google_url": "https://maps.google.com/?cid=14772467785219351959"
  },
  {
    "city": "Auckland, New Zealand",
    "country": "New Zealand",
    "name": "VR Queen Street - Hotel & Suites",
    "rating": 3.7,
    "user_ratings_total": 826,
    "price_level": null,
    "types": [
      "establishment",
      "lodging",
      "point_of_interest"
    ],
    "lat": -36.8563366,
    "lng": 174.7617983,
    "cribsLikely": true,
    "place_id": "ChIJP6dyvuhHDW0R4p663Xpt89I",
    "address": "401 Queen Street, Auckland Central, Auckland 1010, New Zealand",
    "website": "https://vrhotels.co.nz/vr-queen-street/",
    "phone": "+64 9 222 0199",
    "google_url": "https://maps.google.com/?cid=15200613541778988770"
  },
  {
    "city": "Auckland, New Zealand",
    "country": "New Zealand",
    "name": "Auckland City Hotel",
    "rating": 4.1,
    "user_ratings_total": 1416,
    "price_level": null,
    "types": [
      "establishment",
      "lodging",
      "point_of_interest"
    ],
    "lat": -36.8512923,
    "lng": 174.7595785,
    "cribsLikely": true,
    "place_id": "ChIJSwXQSu5HDW0RMOWdCG9sl58",
    "address": "157 Hobson Street, Auckland Central, Auckland 1010, New Zealand",
    "website": "http://www.aucklandcityhotel.co.nz/",
    "phone": "+64 9 925 0777",
    "google_url": "https://maps.google.com/?cid=11499779397655586096"
  },
  {
    "city": "Auckland, New Zealand",
    "country": "New Zealand",
    "name": "Haka House Auckland City",
    "rating": 3.9,
    "user_ratings_total": 614,
    "price_level": null,
    "types": [
      "establishment",
      "lodging",
      "point_of_interest"
    ],
    "lat": -36.855705,
    "lng": 174.763354,
    "cribsLikely": true,
    "place_id": "ChIJcSrvBOZHDW0RJ3ILx9k2Le0",
    "address": "5 Turner Street, Auckland Central, Auckland 1010, New Zealand",
    "website": "https://hakahouse.com/",
    "phone": "+64 9 956 7408",
    "google_url": "https://maps.google.com/?cid=17090376469916119591"
  },
  {
    "city": "Auckland, New Zealand",
    "country": "New Zealand",
    "name": "VR Auckland City",
    "rating": 3.2,
    "user_ratings_total": 938,
    "price_level": null,
    "types": [
      "establishment",
      "lodging",
      "point_of_interest"
    ],
    "lat": -36.8522805,
    "lng": 174.7599359,
    "cribsLikely": true,
    "place_id": "ChIJp3EGVu5HDW0RIcCiI8YSVgg",
    "address": "188 Hobson Street, Auckland Central, Auckland 1010, New Zealand",
    "website": "https://vrhotels.co.nz/vr-auckland-city/",
    "phone": "+64 9 337 5800",
    "google_url": "https://maps.google.com/?cid=600688242511233057"
  },
  {
    "city": "Auckland, New Zealand",
    "country": "New Zealand",
    "name": "Horizon by SkyCity",
    "rating": 4.7,
    "user_ratings_total": 242,
    "price_level": null,
    "types": [
      "establishment",
      "lodging",
      "point_of_interest"
    ],
    "lat": -36.8485378,
    "lng": 174.761232,
    "cribsLikely": true,
    "place_id": "ChIJtZKj3UhHDW0R8USWeIKTnEo",
    "address": "85 Hobson Street, Auckland Central, Auckland 1010, New Zealand",
    "website": "https://horizonbyskycity.skycityauckland.co.nz/",
    "phone": "+64 9 363 6000",
    "google_url": "https://maps.google.com/?cid=5376334243751675121"
  },
  {
    "city": "Auckland, New Zealand",
    "country": "New Zealand",
    "name": "Hotel Indigo Auckland by IHG",
    "rating": 4.6,
    "user_ratings_total": 76,
    "price_level": null,
    "types": [
      "establishment",
      "lodging",
      "point_of_interest"
    ],
    "lat": -36.8464214,
    "lng": 174.7637605,
    "cribsLikely": true,
    "place_id": "ChIJCbXYAYxHDW0RjWyQQRfbxIU",
    "address": "53 Saint Patricks Square, Auckland Central, Auckland 1010, New Zealand",
    "website": "https://www.ihg.com/hotelindigo/hotels/us/en/auckland/aklal/hoteldetail?cm_mmc=GoogleMaps-_-IN-_-NZ-_-AKLAL",
    "phone": "+64 9 610 8400",
    "google_url": "https://maps.google.com/?cid=9639069995410418829"
  },
  {
    "city": "Auckland, New Zealand",
    "country": "New Zealand",
    "name": "The Hotel Britomart",
    "rating": 4.6,
    "user_ratings_total": 336,
    "price_level": null,
    "types": [
      "establishment",
      "food",
      "lodging",
      "point_of_interest",
      "restaurant"
    ],
    "lat": -36.8448067,
    "lng": 174.7686408,
    "cribsLikely": true,
    "place_id": "ChIJeciNbqpHDW0RJeI6AH_AlaI",
    "address": "29 Galway Street, Auckland Central, Auckland 1010, New Zealand",
    "website": "https://thehotelbritomart.com/?utm_source=googleplaces&utm_medium=organic&utm_campaign=googleplaces&utm_content=the-hotel-britomart&utm_term=plcid_13302658497525127640",
    "phone": "+64 9 300 9595",
    "google_url": "https://maps.google.com/?cid=11715481657371451941"
  },
  {
    "city": "Auckland, New Zealand",
    "country": "New Zealand",
    "name": "Mercure Auckland Queen Street",
    "rating": 4.2,
    "user_ratings_total": 362,
    "price_level": null,
    "types": [
      "establishment",
      "lodging",
      "point_of_interest"
    ],
    "lat": -36.856901,
    "lng": 174.7621958,
    "cribsLikely": true,
    "place_id": "ChIJnZ7XqiJHDW0R3p3M2sE7mTQ",
    "address": "500 Queen Street, Auckland Central, Auckland 1010, New Zealand",
    "website": "https://all.accor.com/lien_externe.svlt?goto=fiche_hotel&code_hotel=B1R9&merchantid=seo-maps-NZ-B1R9&sourceid=aw-cen&utm_medium=seo%20maps&utm_source=google%20Maps&utm_campaign=seo%20maps",
    "phone": "+64 9 281 6363",
    "google_url": "https://maps.google.com/?cid=3790126265194552798"
  }
]