[
  {
    "city": "Baku, Azerbaijan",
    "country": "Azerbaijan",
    "name": "Damla Hotel Baku",
    "rating": 4.4,
    "user_ratings_total": 76,
    "price_level": null,
    "types": [
      "establishment",
      "lodging",
      "point_of_interest"
    ],
    "lat": 40.3751726,
    "lng": 49.9406395,
    "cribsLikely": true,
    "place_id": "ChIJr0SaZvVjMEARHLlw_i_H43g",
    "address": "Ramiz Quliyev, Bakı, Azerbaijan",
    "website": null,
    "phone": null,
    "google_url": "https://maps.google.com/?cid=8711025113210861852"
  },
  {
    "city": "Baku, Azerbaijan",
    "country": "Azerbaijan",
    "name": "Baku Marriott Hotel Boulevard",
    "rating": 4.5,
    "user_ratings_total": 5432,
    "price_level": null,
    "types": [
      "establishment",
      "lodging",
      "point_of_interest"
    ],
    "lat": 40.3748784,
    "lng": 49.8836253,
    "cribsLikely": true,
    "place_id": "ChIJObbZhR99MEAR3WobTYXLqe0",
    "address": "Khagani Rustamov Street, 4C Khatai District, Baku 1010, Azerbaijan",
    "website": "https://www.marriott.com/en-us/hotels/gydmb-baku-marriott-hotel-boulevard/overview/?scid=f2ae0541-1279-4f24-b197-a979c79310b0",
    "phone": "+994 12 310 00 10",
    "google_url": "https://maps.google.com/?cid=17125442831437753053"
  },
  {
    "city": "Baku, Azerbaijan",
    "country": "Azerbaijan",
    "name": "Central Baku Hotel",
    "rating": 4.3,
    "user_ratings_total": 225,
    "price_level": null,
    "types": [
      "establishment",
      "lodging",
      "point_of_interest"
    ],
    "lat": 40.3738075,
    "lng": 49.835151,
    "cribsLikely": true,
    "place_id": "ChIJ6TMcWrp9MEARvuXJCWybFmY",
    "address": "143 Bashir Safaroglu St, Baku 1005, Azerbaijan",
    "website": "http://centralbakuhotel.az/",
    "phone": "+994 50 450 33 22",
    "google_url": "https://maps.google.com/?cid=7356237929679283646"
  },
  {
    "city": "Baku, Azerbaijan",
    "country": "Azerbaijan",
    "name": "Wyndham Baku",
    "rating": 3.9,
    "user_ratings_total": 755,
    "price_level": null,
    "types": [
      "establishment",
      "lodging",
      "point_of_interest"
    ],
    "lat": 40.4194998,
    "lng": 49.8780692,
    "cribsLikely": true,
    "place_id": "ChIJPevhlR2IMEAR5Yvq2GmCT4w",
    "address": "12 Ələsgər Qayıbov, Bakı 1029, Azerbaijan",
    "website": "https://resanthotels.az/",
    "phone": "+994 12 567 00 77",
    "google_url": "https://maps.google.com/?cid=10110443079592479717"
  },
  {
    "city": "Baku, Azerbaijan",
    "country": "Azerbaijan",
    "name": "London Hotel",
    "rating": 2.8,
    "user_ratings_total": 50,
    "price_level": null,
    "types": [
      "establishment",
      "lodging",
      "point_of_interest"
    ],
    "lat": 40.3720221,
    "lng": 49.8391459,
    "cribsLikely": true,
    "place_id": "ChIJs4sZoyx9MEARrRtMCO4n5G0",
    "address": "9RCQ+RJG, Rasul Rza, Baku, Azerbaijan",
    "website": "https://www.booking.com/hotel/az/london-baku.ru.html?label=gen173nr-1FCAsoEUILbG9uZG9uLWJha3VIIVgEaBGIAQGYASG4ARjIAQzYAQHoAQH4AQOIAgGoAgS4AuScqaUGwAIB0gIkMDYyYTllZGItNzc2ZS00YzYwLThiZjgtYjI1NmFiOTUzOGY32AIF4AIB&sid=eee1c83f9bfd3a1c1dec9d51479b757d&dist=0&group_adults=2&group_children=0&keep_landing=1&no_rooms=1&sb_price_type=total&type=total&",
    "phone": "+994 77 751 09 09",
    "google_url": "https://maps.google.com/?cid=7918497948119079853"
  },
  {
    "city": "Baku, Azerbaijan",
    "country": "Azerbaijan",
    "name": "1883 Boutique Hotel",
    "rating": 4.5,
    "user_ratings_total": 115,
    "price_level": null,
    "types": [
      "establishment",
      "lodging",
      "point_of_interest"
    ],
    "lat": 40.3758221,
    "lng": 49.8428958,
    "cribsLikely": true,
    "place_id": "ChIJVXEHii-GMEARMSD2_670AY4",
    "address": "Bul Bul prospect 37 C, Baku, Azerbaijan",
    "website": "https://1883boutiquehotel.com/rooms/",
    "phone": "+994 55 798 38 37",
    "google_url": "https://maps.google.com/?cid=10232728860818284593"
  },
  {
    "city": "Baku, Azerbaijan",
    "country": "Azerbaijan",
    "name": "Sea Pearl Hotel",
    "rating": 4.2,
    "user_ratings_total": 303,
    "price_level": null,
    "types": [
      "establishment",
      "lodging",
      "point_of_interest"
    ],
    "lat": 40.33438719999999,
    "lng": 49.8103081,
    "cribsLikely": true,
    "place_id": "ChIJtdH-RI5-MEARKWsedfYk8nI",
    "address": "85 Badamdar şossesi, Bakı, Azerbaijan",
    "website": null,
    "phone": "+994 51 444 30 40",
    "google_url": "https://maps.google.com/?cid=8282723305633245993"
  },
  {
    "city": "Baku, Azerbaijan",
    "country": "Azerbaijan",
    "name": "Moonlight Hotel & Restaurant Baku",
    "rating": 4,
    "user_ratings_total": 38,
    "price_level": null,
    "types": [
      "establishment",
      "food",
      "lodging",
      "point_of_interest",
      "restaurant"
    ],
    "lat": 40.3651356,
    "lng": 49.8324002,
    "cribsLikely": true,
    "place_id": "ChIJa9kuxNR9MEAREMB1XhSYIkY",
    "address": "26 Kichik Qala, Bakı 1001, Azerbaijan",
    "website": null,
    "phone": "+994 12 505 88 68",
    "google_url": "https://maps.google.com/?cid=5053768945114660880"
  },
  {
    "city": "Baku, Azerbaijan",
    "country": "Azerbaijan",
    "name": "Amazon Hotel Baku",
    "rating": 4.4,
    "user_ratings_total": 595,
    "price_level": null,
    "types": [
      "establishment",
      "lodging",
      "point_of_interest"
    ],
    "lat": 40.3877531,
    "lng": 49.8562291,
    "cribsLikely": true,
    "place_id": "ChIJK5oviwp9MEARJoKFUIa3jx8",
    "address": "39 Xətai prospekti, Bakı 1000, Azerbaijan",
    "website": "https://www.swiftbook.io/inst/#/home?propertyId=642NTB8MYuIBKYamCCXjY7aPWYAGYHeiVMzHyIyNDg=&JDRN=Y&RoomID=188789,188818,188820,195886,195888,195890,195892,195894,188817,188819,188821,195887,195889,195891,195893,195895&ap=1&gsId=642NTB8MYuIBKYamCCXjY7aPWYAGYHeiVMzHyIyNDg=",
    "phone": "+994 55 948 05 08",
    "google_url": "https://maps.google.com/?cid=2274238124349817382"
  },
  {
    "city": "Baku, Azerbaijan",
    "country": "Azerbaijan",
    "name": "Port Marine",
    "rating": 3.8,
    "user_ratings_total": 122,
    "price_level": null,
    "types": [
      "establishment",
      "lodging",
      "point_of_interest"
    ],
    "lat": 40.3044071,
    "lng": 49.8267795,
    "cribsLikely": true,
    "place_id": "ChIJt4p3CQB5MEARUW692vqqAS0",
    "address": "Namiq Quliyev, Baku, Azerbaijan",
    "website": null,
    "phone": null,
    "google_url": "https://maps.google.com/?cid=3243061201071861329"
  },
  {
    "city": "Baku, Azerbaijan",
    "country": "Azerbaijan",
    "name": "Metrocity Hotel Baku",
    "rating": 3.7,
    "user_ratings_total": 55,
    "price_level": null,
    "types": [
      "establishment",
      "lodging",
      "point_of_interest"
    ],
    "lat": 40.4071667,
    "lng": 49.87195209999999,
    "cribsLikely": true,
    "place_id": "ChIJ5xsRqPZ9MEARc9hFdAU6oNk",
    "address": "CV4C+VQ8, Fətəli Xan Xoyski, Bakı, Azerbaijan",
    "website": null,
    "phone": "+994 12 310 39 30",
    "google_url": "https://maps.google.com/?cid=15681597697604049011"
  },
  {
    "city": "Baku, Azerbaijan",
    "country": "Azerbaijan",
    "name": "Qafqaz Baku City Hotel & Residences",
    "rating": 4.2,
    "user_ratings_total": 1363,
    "price_level": null,
    "types": [
      "establishment",
      "lodging",
      "point_of_interest"
    ],
    "lat": 40.3962515,
    "lng": 49.8170061,
    "cribsLikely": true,
    "place_id": "ChIJ90uasX-HMEAR9pqqhNC9CHY",
    "address": "34 Tbilisi prospekti, Bakı 1122, Azerbaijan",
    "website": "https://qbch.az/en/",
    "phone": "+994 12 404 31 60",
    "google_url": "https://maps.google.com/?cid=8505256599565802230"
  }
]