[
  {
    "city": "Bali, Indonesia",
    "country": "Indonesia",
    "name": "Bali Jungle Resort",
    "rating": 4.4,
    "user_ratings_total": 103,
    "price_level": null,
    "types": [
      "establishment",
      "lodging",
      "point_of_interest"
    ],
    "lat": -8.405708299999999,
    "lng": 115.2844468,
    "cribsLikely": true,
    "place_id": "ChIJASyXhdsZ0i0Ra89FUkCu7j4",
    "address": "Br, Jl. Raya Pujung Kaja, Sebatu, Kec. Tegallalang, Kabupaten Gianyar, Bali 80561, Indonesia",
    "website": null,
    "phone": "+62 361 980972",
    "google_url": "https://maps.google.com/?cid=4534753466090114923"
  },
  {
    "city": "Bali, Indonesia",
    "country": "Indonesia",
    "name": "Sovereign Bali Hotel",
    "rating": 4.3,
    "user_ratings_total": 3224,
    "price_level": null,
    "types": [
      "establishment",
      "lodging",
      "point_of_interest"
    ],
    "lat": -8.7434349,
    "lng": 115.1787411,
    "cribsLikely": true,
    "place_id": "ChIJsycmYQVE0i0RvWeILlRy5x4",
    "address": "Jl. Raya Tuban, Lingkungan Griya No.2, Tuban, Kec. Kuta, Kabupaten Badung, Bali 80361, Indonesia",
    "website": "http://www.sovereignbali.com/",
    "phone": "+62 361 2090740",
    "google_url": "https://maps.google.com/?cid=2226874246641510333"
  },
  {
    "city": "Bali, Indonesia",
    "country": "Indonesia",
    "name": "DEVA BALI APARTMENT",
    "rating": 3.4,
    "user_ratings_total": 116,
    "price_level": null,
    "types": [
      "establishment",
      "lodging",
      "point_of_interest"
    ],
    "lat": -8.6570743,
    "lng": 115.1613155,
    "cribsLikely": true,
    "place_id": "ChIJoVqI0PxH0i0R9YFl7FFK7P0",
    "address": "Jl. Baliku II No.Kav. 88, Kerobokan, Kec. Kuta Utara, Denpasar, Bali 80361, Indonesia",
    "website": "https://facebook.com/DevaBaliApartment",
    "phone": "+62 812-6246-6725",
    "google_url": "https://maps.google.com/?cid=18297081101818364405"
  },
  {
    "city": "Bali, Indonesia",
    "country": "Indonesia",
    "name": "THE HAVEN Bali Seminyak",
    "rating": 4.6,
    "user_ratings_total": 6577,
    "price_level": null,
    "types": [
      "establishment",
      "lodging",
      "point_of_interest"
    ],
    "lat": -8.696479799999999,
    "lng": 115.1684854,
    "cribsLikely": true,
    "place_id": "ChIJN0DM_t5G0i0RfI7qPy8BDR0",
    "address": "Jl. Raya Seminyak No.500, Seminyak, Kec. Kuta, Kabupaten Badung, Bali 80361, Indonesia",
    "website": "https://phm-hotels.com/hotel/HVNBSM",
    "phone": "+62 361 738001",
    "google_url": "https://maps.google.com/?cid=2093330704244575868"
  },
  {
    "city": "Bali, Indonesia",
    "country": "Indonesia",
    "name": "Hilton Garden Inn Bali Ngurah Rai Airport",
    "rating": 4.2,
    "user_ratings_total": 3977,
    "price_level": null,
    "types": [
      "establishment",
      "lodging",
      "point_of_interest"
    ],
    "lat": -8.7436776,
    "lng": 115.17103,
    "cribsLikely": true,
    "place_id": "ChIJfSVOAhpE0i0RFI1AZ7FOUCw",
    "address": "Jl. Airport Ngurah Rai No.7, Tuban, Kec. Kuta, Kabupaten Badung, Bali 80361, Indonesia",
    "website": "https://www.hilton.com/en/hotels/dpsjagi-hilton-garden-inn-bali-ngurah-rai-airport/?SEO_id=GMB-APAC-GI-DPSJAGI",
    "phone": "+62 361 8976100",
    "google_url": "https://maps.google.com/?cid=3193138659654143252"
  },
  {
    "city": "Bali, Indonesia",
    "country": "Indonesia",
    "name": "The Kuta Beach Heritage Hotel Bali - Dikelola oleh Accor",
    "rating": 4.4,
    "user_ratings_total": 3219,
    "price_level": null,
    "types": [
      "establishment",
      "lodging",
      "point_of_interest"
    ],
    "lat": -8.720591899999999,
    "lng": 115.1698035,
    "cribsLikely": true,
    "place_id": "ChIJC7gIvKRG0i0ROnhUkeVGyGU",
    "address": "Jl Pantai Kuta Br Pande Mas Kuta Badung, Kuta, Badung Regency, Bali 80361, Indonesia",
    "website": "https://all.accor.com/lien_externe.svlt?goto=fiche_hotel&code_hotel=8151&merchantid=seo-maps-ID-8151&sourceid=aw-cen&utm_medium=seo%20maps&utm_source=google%20Maps&utm_campaign=seo%20maps",
    "phone": "+62 361 3007080",
    "google_url": "https://maps.google.com/?cid=7334189944972539962"
  },
  {
    "city": "Bali, Indonesia",
    "country": "Indonesia",
    "name": "Pelangi Bali Hotel & Spa",
    "rating": 4.2,
    "user_ratings_total": 657,
    "price_level": null,
    "types": [
      "establishment",
      "lodging",
      "point_of_interest"
    ],
    "lat": -8.693899199999999,
    "lng": 115.1621877,
    "cribsLikely": true,
    "place_id": "ChIJsVzexcRG0i0R0pCAjEvzHHs",
    "address": "Jl. Camplung Tanduk, Seminyak, Kec. Kuta, Kabupaten Badung, Bali 80361, Indonesia",
    "website": "http://www.pelangibali.com/",
    "phone": "+62 361 730346",
    "google_url": "https://maps.google.com/?cid=8871232871818367186"
  },
  {
    "city": "Bali, Indonesia",
    "country": "Indonesia",
    "name": "Triyana Resort Carangsari",
    "rating": 4.6,
    "user_ratings_total": 207,
    "price_level": null,
    "types": [
      "establishment",
      "lodging",
      "point_of_interest"
    ],
    "lat": -8.443429499999999,
    "lng": 115.2241015,
    "cribsLikely": true,
    "place_id": "ChIJ03QsOicj0i0RKa9DsUmh3xY",
    "address": "H64F+JJH, Jl. Tukad Ayung XIX, Carangsari, Kec. Petang, Kabupaten Badung, Bali 80353, Indonesia",
    "website": "https://triyanaresortcarangsari.com/",
    "phone": "+62 813-3949-8851",
    "google_url": "https://maps.google.com/?cid=1648213326519578409"
  },
  {
    "city": "Bali, Indonesia",
    "country": "Indonesia",
    "name": "Bali Relaxing Resort & Spa",
    "rating": 4.3,
    "user_ratings_total": 1460,
    "price_level": null,
    "types": [
      "establishment",
      "lodging",
      "point_of_interest"
    ],
    "lat": -8.7778115,
    "lng": 115.2240081,
    "cribsLikely": true,
    "place_id": "ChIJcRnJZA9D0i0RgvoPKPSJPJg",
    "address": "Jl. Pratama No.62, Benoa, Kec. Kuta Sel., Kabupaten Badung, Bali 80361, Indonesia",
    "website": "http://www.balirelaxing.com/",
    "phone": "+62 361 778333",
    "google_url": "https://maps.google.com/?cid=10969794474104846978"
  },
  {
    "city": "Bali, Indonesia",
    "country": "Indonesia",
    "name": "The Patra Bali Resort & Villas",
    "rating": 4.5,
    "user_ratings_total": 3503,
    "price_level": null,
    "types": [
      "establishment",
      "lodging",
      "point_of_interest"
    ],
    "lat": -8.7396213,
    "lng": 115.16165,
    "cribsLikely": true,
    "place_id": "ChIJS_VWIiJE0i0RsARSih43au0",
    "address": "Jl.Ir. H. Juanda South Kuta Beach, 7566+QQV, Tuban, Kuta, Badung Regency, Bali 80361, Indonesia",
    "website": "http://www.thepatrabali.com/",
    "phone": "+62 361 9351161",
    "google_url": "https://maps.google.com/?cid=17107546738829427888"
  },
  {
    "city": "Bali, Indonesia",
    "country": "Indonesia",
    "name": "Kuta Central Park Hotel Bali",
    "rating": 4.2,
    "user_ratings_total": 4418,
    "price_level": null,
    "types": [
      "establishment",
      "lodging",
      "point_of_interest"
    ],
    "lat": -8.7103142,
    "lng": 115.1793693,
    "cribsLikely": true,
    "place_id": "ChIJre2KWMhG0i0RgTWOu-9SEiQ",
    "address": "Jl. Patih Jelantik, Kuta, Badung, Kabupaten Badung, Bali 80361, Indonesia",
    "website": "https://www.kutacentralparkhotel.com/",
    "phone": "+62 361 769222",
    "google_url": "https://maps.google.com/?cid=2599231124543518081"
  },
  {
    "city": "Bali, Indonesia",
    "country": "Indonesia",
    "name": "Ganga Hotel & Apartment,Denpasar-Bali",
    "rating": 3.9,
    "user_ratings_total": 325,
    "price_level": null,
    "types": [
      "establishment",
      "lodging",
      "point_of_interest"
    ],
    "lat": -8.683969,
    "lng": 115.190169,
    "cribsLikely": true,
    "place_id": "ChIJM4e8OLNB0i0RQOsM36dm0OY",
    "address": "Jl. Kepuh Segina 8, Jl. Kepuh Segina No.8 A, Pemecutan Klod, Kec. Denpasar Bar., Denpasar Barat, Bali 80119, Indonesia",
    "website": "https://www.gangabalihotel.com/",
    "phone": "+62 877-6258-5940",
    "google_url": "https://maps.google.com/?cid=16631906295066979136"
  }
]