[
  {
    "city": "Bangkok, Thailand",
    "country": "Thailand",
    "name": "Khaosan Palace",
    "rating": 3.6,
    "user_ratings_total": 1885,
    "price_level": null,
    "types": [
      "establishment",
      "lodging",
      "point_of_interest"
    ],
    "lat": 13.7590345,
    "lng": 100.4971682,
    "cribsLikely": true,
    "place_id": "ChIJWWc4Sm2Z4jARphBswDsPWz0",
    "address": "139 Thanon Khao San, Khwaeng Talat Yot, Khet Phra Nakhon, Krung Thep Maha Nakhon 10200, Thailand",
    "website": "http://www.khaosanpalace.com/",
    "phone": "+66 2 282 0578",
    "google_url": "https://maps.google.com/?cid=4421144208500068518"
  },
  {
    "city": "Bangkok, Thailand",
    "country": "Thailand",
    "name": "Villa Bangkok Hotel",
    "rating": 4.5,
    "user_ratings_total": 593,
    "price_level": null,
    "types": [
      "establishment",
      "lodging",
      "point_of_interest"
    ],
    "lat": 13.759097,
    "lng": 100.5032333,
    "cribsLikely": true,
    "place_id": "ChIJM0AXNGuZ4jARNsuw4-1VB9s",
    "address": "457 Thanon Phra Sumen, Khwaeng Wat Bowon Niwet, Khet Phra Nakhon, Krung Thep Maha Nakhon 10200, Thailand",
    "website": "http://www.villabangkokhotel.com/",
    "phone": "+66 80 085 0085",
    "google_url": "https://maps.google.com/?cid=15782677899358817078"
  },
  {
    "city": "Bangkok, Thailand",
    "country": "Thailand",
    "name": "D&D Inn Bangkok",
    "rating": 3.5,
    "user_ratings_total": 2876,
    "price_level": null,
    "types": [
      "establishment",
      "lodging",
      "point_of_interest"
    ],
    "lat": 13.759189,
    "lng": 100.4965356,
    "cribsLikely": true,
    "place_id": "ChIJB9pVtRKZ4jARFeDT4rEKYTQ",
    "address": "68-70 Thanon Khao San, Khwaeng Talat Yot, Khet Phra Nakhon, Krung Thep Maha Nakhon 10200, Thailand",
    "website": "http://ddinn.bangkoks.space/",
    "phone": "+66 2 629 0526",
    "google_url": "https://maps.google.com/?cid=3774309721844211733"
  },
  {
    "city": "Bangkok, Thailand",
    "country": "Thailand",
    "name": "Pratunam Atrium Hotel",
    "rating": 3.5,
    "user_ratings_total": 137,
    "price_level": null,
    "types": [
      "establishment",
      "lodging",
      "point_of_interest"
    ],
    "lat": 13.7548271,
    "lng": 100.5377046,
    "cribsLikely": true,
    "place_id": "ChIJvUvjaeqf4jARZBv2YO-l5VY",
    "address": "99/9 Soi Phetchaburi 15 Yeak 2, Khwaeng Thanon Phaya Thai, Khet Ratchathewi, Krung Thep Maha Nakhon 10400, Thailand",
    "website": "https://www.hotelsbkk.com/pratunam-atrium-hotel/",
    "phone": "+66 87 600 7777",
    "google_url": "https://maps.google.com/?cid=6261593304471051108"
  },
  {
    "city": "Bangkok, Thailand",
    "country": "Thailand",
    "name": "The Quarter Chao Phraya by UHG",
    "rating": 4.2,
    "user_ratings_total": 1077,
    "price_level": null,
    "types": [
      "establishment",
      "lodging",
      "point_of_interest"
    ],
    "lat": 13.7318047,
    "lng": 100.509316,
    "cribsLikely": true,
    "place_id": "ChIJy_QNzl2Z4jARsLSGISLloUc",
    "address": "1190 Soi Somdet Chao Phraya 17, Khwaeng Khlong San, Khet Khlong San, Krung Thep Maha Nakhon 10600, Thailand",
    "website": "https://www.quarterchaophraya.com/",
    "phone": "+66 2 044 4999",
    "google_url": "https://maps.google.com/?cid=5161658582697424048"
  },
  {
    "city": "Bangkok, Thailand",
    "country": "Thailand",
    "name": "Shama Yen-Akat Bangkok",
    "rating": 4.8,
    "user_ratings_total": 1389,
    "price_level": null,
    "types": [
      "establishment",
      "lodging",
      "point_of_interest"
    ],
    "lat": 13.7111756,
    "lng": 100.5432195,
    "cribsLikely": true,
    "place_id": "ChIJvcECSBqf4jARgoHWb5x0r2Q",
    "address": "69 Thanon Yen Akat, Khwaeng Chong Nonsi, Khet Yan Nawa, Krung Thep Maha Nakhon 10120, Thailand",
    "website": "https://www.shama.com/yen-akat-bangkok?utm_source=google&utm_medium=gmb&utm_campaign=syb&utm_content=website-homepage",
    "phone": "+66 2 160 8750",
    "google_url": "https://maps.google.com/?cid=7255145739957207426"
  },
  {
    "city": "Bangkok, Thailand",
    "country": "Thailand",
    "name": "Jono Bangkok Asok Hotel",
    "rating": 4.4,
    "user_ratings_total": 419,
    "price_level": null,
    "types": [
      "establishment",
      "lodging",
      "point_of_interest"
    ],
    "lat": 13.733801,
    "lng": 100.5609112,
    "cribsLikely": true,
    "place_id": "ChIJVWNSJemf4jAR72YxwXdkYZU",
    "address": "70 Soi Sukhumvit 16, Sammitr, Khet Khlong Toei, Krung Thep Maha Nakhon 10110, Thailand",
    "website": "https://www.jonohotels.com/bangkok-asok?utm_source=google&utm_medium=organic&utm_campaign=jonobangkokasokhotel&utm_term=gbp",
    "phone": "+66 2 033 2377",
    "google_url": "https://maps.google.com/?cid=10763995049897322223"
  },
  {
    "city": "Bangkok, Thailand",
    "country": "Thailand",
    "name": "Hilton Garden Inn Bangkok Silom",
    "rating": 4.2,
    "user_ratings_total": 4754,
    "price_level": null,
    "types": [
      "establishment",
      "lodging",
      "point_of_interest"
    ],
    "lat": 13.7230653,
    "lng": 100.5184452,
    "cribsLikely": true,
    "place_id": "ChIJM2-E-c-Y4jARi7e0-2STLgA",
    "address": "320 Silom Rd, Khwaeng Suriya Wong, Khet Bang Rak, Krung Thep Maha Nakhon 10500, Thailand",
    "website": "https://www.hilton.com/en/hotels/bkksigi-hilton-garden-inn-bangkok-silom/",
    "phone": "+66 2 206 9100",
    "google_url": "https://maps.google.com/?cid=13109910857627531"
  },
  {
    "city": "Bangkok, Thailand",
    "country": "Thailand",
    "name": "Bangkok Palace Hotel",
    "rating": 3.7,
    "user_ratings_total": 7141,
    "price_level": null,
    "types": [
      "establishment",
      "lodging",
      "point_of_interest"
    ],
    "lat": 13.7531399,
    "lng": 100.5476734,
    "cribsLikely": true,
    "place_id": "ChIJNSH6OMGe4jAR_J55xAKPYJo",
    "address": "1091, 336 New Petchaburi Rd, Khwaeng Makkasan, Khet Ratchathewi, Krung Thep Maha Nakhon 10400, Thailand",
    "website": "http://www.bangkokpalace.com/",
    "phone": "+66 2 890 9000",
    "google_url": "https://maps.google.com/?cid=11124048321654136572"
  },
  {
    "city": "Bangkok, Thailand",
    "country": "Thailand",
    "name": "Akara Bangkok",
    "rating": 4.3,
    "user_ratings_total": 1201,
    "price_level": null,
    "types": [
      "establishment",
      "lodging",
      "point_of_interest"
    ],
    "lat": 13.7558961,
    "lng": 100.5412318,
    "cribsLikely": true,
    "place_id": "ChIJoVRY5Mee4jARI_sqfC92WAM",
    "address": "372 Thanon Si Ayutthaya, Khwaeng Thanon Phaya Thai, Khet Ratchathewi, Krung Thep Maha Nakhon 10400, Thailand",
    "website": "http://www.akarahotel.com/",
    "phone": "+66 2 248 5511",
    "google_url": "https://maps.google.com/?cid=241072526383053603"
  },
  {
    "city": "Bangkok, Thailand",
    "country": "Thailand",
    "name": "Royal Rattanakosin Hotel",
    "rating": 3.8,
    "user_ratings_total": 3553,
    "price_level": null,
    "types": [
      "establishment",
      "lodging",
      "point_of_interest"
    ],
    "lat": 13.7570823,
    "lng": 100.4956264,
    "cribsLikely": true,
    "place_id": "ChIJG5ujYw2Z4jARmh5CJglDVYw",
    "address": "2 Thanon Ratchadamnoen Klang, Khwaeng Wat Bowon Niwet, Khet Phra Nakhon, Krung Thep Maha Nakhon 10200, Thailand",
    "website": "http://www.rattanakosinhotel.com/",
    "phone": "+66 2 222 9112",
    "google_url": "https://maps.google.com/?cid=10112062244905950874"
  },
  {
    "city": "Bangkok, Thailand",
    "country": "Thailand",
    "name": "Hotel Royal Bangkok@Chinatown",
    "rating": 4.2,
    "user_ratings_total": 2641,
    "price_level": null,
    "types": [
      "establishment",
      "lodging",
      "point_of_interest"
    ],
    "lat": 13.7404641,
    "lng": 100.5099168,
    "cribsLikely": true,
    "place_id": "ChIJNeaGgiGZ4jARti015OlJo2A",
    "address": "3 Floor, Room 302, 421/4 Yaowarat Rd, Khwaeng Samphanthawong, Khet Samphanthawong, Krung Thep Maha Nakhon 10100, Thailand",
    "website": "http://www.hotelroyalbangkok.com/",
    "phone": "+66 2 226 0026",
    "google_url": "https://maps.google.com/?cid=6963490717749816758"
  }
]