[
  {
    "city": "Bangkok,",
    "country": "Thailand",
    "name": "Podstel Hostel Bangkok",
    "rating": 3.4,
    "user_ratings_total": 114,
    "price_level": null,
    "types": [
      "establishment",
      "lodging",
      "point_of_interest"
    ],
    "lat": 13.8034179,
    "lng": 100.5744719,
    "cribsLikely": true,
    "place_id": "ChIJd7ovPYmc4jAR0r_xvWcaxpo",
    "address": "5 Thanon Ratchadaphisek, Khwaeng Chom Phon, Khet Chatuchak, Krung Thep Maha Nakhon 10900, Thailand",
    "website": "https://www.reddoorz.com/th-th/hotel/thailand/bangkok/chatuchak/chom-pon/reddoorz-podstel-hostel/?",
    "phone": "+66 2 553 5553",
    "google_url": "https://maps.google.com/?cid=11152630560100302802"
  },
  {
    "city": "Bangkok,",
    "country": "Thailand",
    "name": "Villa Bangkok Hotel",
    "rating": 4.5,
    "user_ratings_total": 593,
    "price_level": null,
    "types": [
      "establishment",
      "lodging",
      "point_of_interest"
    ],
    "lat": 13.759097,
    "lng": 100.5032333,
    "cribsLikely": true,
    "place_id": "ChIJM0AXNGuZ4jARNsuw4-1VB9s",
    "address": "457 Thanon Phra Sumen, Khwaeng Wat Bowon Niwet, Khet Phra Nakhon, Krung Thep Maha Nakhon 10200, Thailand",
    "website": "http://www.villabangkokhotel.com/",
    "phone": "+66 80 085 0085",
    "google_url": "https://maps.google.com/?cid=15782677899358817078"
  },
  {
    "city": "Bangkok,",
    "country": "Thailand",
    "name": "Asia Hotel Bangkok",
    "rating": 4,
    "user_ratings_total": 6330,
    "price_level": null,
    "types": [
      "establishment",
      "lodging",
      "point_of_interest"
    ],
    "lat": 13.7513459,
    "lng": 100.5310997,
    "cribsLikely": true,
    "place_id": "ChIJH2h86IGe4jARyjZ6wppSlkQ",
    "address": "296 Phaya Thai Rd, Khwaeng Thanon Phetchaburi, Khet Ratchathewi, Krung Thep Maha Nakhon 10400, Thailand",
    "website": "http://www.asiahotel.co.th/asia_bangkok/",
    "phone": "+66 2 217 0808",
    "google_url": "https://maps.google.com/?cid=4942228465726928586"
  },
  {
    "city": "Bangkok,",
    "country": "Thailand",
    "name": "Lilit Bang Lumphu Hotel - Bangkok",
    "rating": 4.5,
    "user_ratings_total": 456,
    "price_level": null,
    "types": [
      "establishment",
      "food",
      "lodging",
      "point_of_interest",
      "restaurant"
    ],
    "lat": 13.761619,
    "lng": 100.5012689,
    "cribsLikely": true,
    "place_id": "ChIJ2fJWh2uZ4jARd_yIk0iAQss",
    "address": "55/8 Trok Soi Ban, ซอย พานถม แขวงบ้านพานถม เขตพระนคร กรุงเทพมหานคร 10200, Thailand",
    "website": "https://www.lilithotel.com/",
    "phone": "+66 2 026 6949",
    "google_url": "https://maps.google.com/?cid=14646409987363503223"
  },
  {
    "city": "Bangkok,",
    "country": "Thailand",
    "name": "Shangri-La Bangkok",
    "rating": 4.6,
    "user_ratings_total": 10731,
    "price_level": null,
    "types": [
      "establishment",
      "lodging",
      "point_of_interest"
    ],
    "lat": 13.7214325,
    "lng": 100.5142446,
    "cribsLikely": true,
    "place_id": "ChIJcf_j1C-Z4jARfDy3FlDr-Wc",
    "address": "89 Soi Wat Suan Phlu, Khwaeng Bang Rak, Khet Bang Rak, Krung Thep Maha Nakhon 10500, Thailand",
    "website": "https://www.shangri-la.com/bangkok/?WT.mc_id=SLBK_201905_GLOBAL_GMB_HOTEL_TEXTLINK_EN",
    "phone": "+66 2 236 7777",
    "google_url": "https://maps.google.com/?cid=7492278184318549116"
  },
  {
    "city": "Bangkok,",
    "country": "Thailand",
    "name": "Akara Bangkok",
    "rating": 4.3,
    "user_ratings_total": 1201,
    "price_level": null,
    "types": [
      "establishment",
      "lodging",
      "point_of_interest"
    ],
    "lat": 13.7558961,
    "lng": 100.5412318,
    "cribsLikely": true,
    "place_id": "ChIJoVRY5Mee4jARI_sqfC92WAM",
    "address": "372 Thanon Si Ayutthaya, Khwaeng Thanon Phaya Thai, Khet Ratchathewi, Krung Thep Maha Nakhon 10400, Thailand",
    "website": "http://www.akarahotel.com/",
    "phone": "+66 2 248 5511",
    "google_url": "https://maps.google.com/?cid=241072526383053603"
  },
  {
    "city": "Bangkok,",
    "country": "Thailand",
    "name": "Hotel Royal Bangkok@Chinatown",
    "rating": 4.2,
    "user_ratings_total": 2641,
    "price_level": null,
    "types": [
      "establishment",
      "lodging",
      "point_of_interest"
    ],
    "lat": 13.7404641,
    "lng": 100.5099168,
    "cribsLikely": true,
    "place_id": "ChIJNeaGgiGZ4jARti015OlJo2A",
    "address": "3 Floor, Room 302, 421/4 Yaowarat Rd, Khwaeng Samphanthawong, Khet Samphanthawong, Krung Thep Maha Nakhon 10100, Thailand",
    "website": "http://www.hotelroyalbangkok.com/",
    "phone": "+66 2 226 0026",
    "google_url": "https://maps.google.com/?cid=6963490717749816758"
  },
  {
    "city": "Bangkok,",
    "country": "Thailand",
    "name": "Bonsai Hotel Bangkok",
    "rating": 4.4,
    "user_ratings_total": 126,
    "price_level": null,
    "types": [
      "establishment",
      "lodging",
      "point_of_interest"
    ],
    "lat": 13.756092,
    "lng": 100.5427933,
    "cribsLikely": true,
    "place_id": "ChIJZWEqcNif4jARf9oLWPVxWNk",
    "address": "275, 24-25 Ratchaprarop Rd, Khwaeng Makkasan, Khet Ratchathewi, Krung Thep Maha Nakhon 10400, Thailand",
    "website": "http://www.bonsaihotelbangkok.com/",
    "phone": "+66 65 414 2400",
    "google_url": "https://maps.google.com/?cid=15661393002738997887"
  },
  {
    "city": "Bangkok,",
    "country": "Thailand",
    "name": "Tim Mansion Bangkok Hotel",
    "rating": 4.5,
    "user_ratings_total": 720,
    "price_level": null,
    "types": [
      "establishment",
      "food",
      "lodging",
      "point_of_interest",
      "restaurant"
    ],
    "lat": 13.7524414,
    "lng": 100.5047271,
    "cribsLikely": true,
    "place_id": "ChIJW-WLexaZ4jART9hjCi-Cq7E",
    "address": "337 Maha Chai Rd, Khwaeng Samran Rat, Khet Phra Nakhon, Krung Thep Maha Nakhon 10200, Thailand",
    "website": "http://www.timmansionbkk.com/",
    "phone": "+66 65 353 2549",
    "google_url": "https://maps.google.com/?cid=12802469504280156239"
  },
  {
    "city": "Bangkok,",
    "country": "Thailand",
    "name": "Warm Window Silom",
    "rating": 4.4,
    "user_ratings_total": 300,
    "price_level": null,
    "types": [
      "bar",
      "cafe",
      "establishment",
      "food",
      "lodging",
      "point_of_interest",
      "restaurant"
    ],
    "lat": 13.7233344,
    "lng": 100.5233015,
    "cribsLikely": true,
    "place_id": "ChIJT_9QLZKZ4jARYwFY2EpimvI",
    "address": "50, 18-19 Thanon Pan, Si Lom, Khet Bang Rak, Krung Thep Maha Nakhon 10500, Thailand",
    "website": "http://www.warmwindowsilom.com/",
    "phone": "+66 2 235 8759",
    "google_url": "https://maps.google.com/?cid=17481392977188749667"
  },
  {
    "city": "Bangkok,",
    "country": "Thailand",
    "name": "Hyde Park Hotel Bangkok",
    "rating": 4,
    "user_ratings_total": 379,
    "price_level": null,
    "types": [
      "establishment",
      "lodging",
      "point_of_interest"
    ],
    "lat": 13.7577275,
    "lng": 100.5432765,
    "cribsLikely": true,
    "place_id": "ChIJgR-Y8Lie4jARVuZupcAclsc",
    "address": "285 Soi Ratchaprarop 12, Khwaeng Makkasan, Khet Ratchathewi, Krung Thep Maha Nakhon 10400, Thailand",
    "website": "https://book-directonline.com/properties/hydeparkhoteldirect",
    "phone": "+66 2 117 9375",
    "google_url": "https://maps.google.com/?cid=14381714073789064790"
  },
  {
    "city": "Bangkok,",
    "country": "Thailand",
    "name": "PARKROYAL Suites Bangkok",
    "rating": 4.2,
    "user_ratings_total": 461,
    "price_level": null,
    "types": [
      "establishment",
      "lodging",
      "point_of_interest"
    ],
    "lat": 13.7392071,
    "lng": 100.5538858,
    "cribsLikely": true,
    "place_id": "ChIJoaKKy-Ce4jARSfF9aGxLOOw",
    "address": "22 Sukhumvit Soi 6, Khwaeng Khlong Toei, Khet Khlong Toei, Krung Thep Maha Nakhon 10110, Thailand",
    "website": "https://www.panpacific.com/en/hotels-and-resorts/pr-ss-bangkok.html?utm_source=google&utm_medium=business_listing&utm_campaign=googlemybusiness",
    "phone": "+66 2 262 9999",
    "google_url": "https://maps.google.com/?cid=17021437720628425033"
  }
]