[
  {
    "city": "Barcelona,",
    "country": "Spain",
    "name": "Hotel Soho Barcelona",
    "rating": 4.6,
    "user_ratings_total": 1284,
    "price_level": null,
    "types": [
      "establishment",
      "lodging",
      "point_of_interest"
    ],
    "lat": 41.3834388,
    "lng": 2.1598504,
    "cribsLikely": true,
    "place_id": "ChIJx53DKoqipBIRsP8x7QGI88A",
    "address": "Gran Via de les Corts Catalanes, 543, 545, L'Eixample, 08011 Barcelona, Spain",
    "website": "http://www.hotelsohobarcelona.com/",
    "phone": "+34 935 52 96 00",
    "google_url": "https://maps.google.com/?cid=13903606016478674864"
  },
  {
    "city": "Barcelona,",
    "country": "Spain",
    "name": "Acta Voraport",
    "rating": 4.5,
    "user_ratings_total": 2054,
    "price_level": null,
    "types": [
      "establishment",
      "lodging",
      "point_of_interest"
    ],
    "lat": 41.3991101,
    "lng": 2.2006928,
    "cribsLikely": true,
    "place_id": "ChIJwTu8ChWjpBIR7YDzEQLpHek",
    "address": "Carrer de Ramon Turró, 169, B, Sant Martí, 08005 Barcelona, Spain",
    "website": "https://www.actahotels.com/hoteles/hotel-acta-voraport",
    "phone": "+34 935 95 55 60",
    "google_url": "https://maps.google.com/?cid=16797838380262195437"
  },
  {
    "city": "Barcelona,",
    "country": "Spain",
    "name": "Generator Barcelona",
    "rating": 4.4,
    "user_ratings_total": 6757,
    "price_level": null,
    "types": [
      "bar",
      "cafe",
      "establishment",
      "food",
      "lodging",
      "point_of_interest"
    ],
    "lat": 41.3992138,
    "lng": 2.1625594,
    "cribsLikely": true,
    "place_id": "ChIJq3-mD5WipBIRQxCr-6SSacI",
    "address": "Carrer de Còrsega, 373, Gràcia, 08037 Barcelona, Spain",
    "website": "https://staygenerator.com/hostels/barcelona?utm_source=google-my-business&utm_medium=organic&utm_campaign=hostel-Barcelona",
    "phone": "+34 932 20 03 77",
    "google_url": "https://maps.google.com/?cid=14008889353207222339"
  },
  {
    "city": "Barcelona,",
    "country": "Spain",
    "name": "Hotel Vincci Bit",
    "rating": 4.3,
    "user_ratings_total": 2607,
    "price_level": null,
    "types": [
      "establishment",
      "lodging",
      "point_of_interest"
    ],
    "lat": 41.4114215,
    "lng": 2.2117505,
    "cribsLikely": true,
    "place_id": "ChIJ4WfZpE-jpBIRO_2cPHtNX5M",
    "address": "Carrer de Josep Pla, 69, Sant Martí, 08019 Barcelona, Spain",
    "website": "https://www.vinccibit.com/?utm_source=google&utm_medium=organic&utm_campaign=GoogleMyBusiness&partner=8221",
    "phone": "+34 931 65 74 20",
    "google_url": "https://maps.google.com/?cid=10619291638056156475"
  },
  {
    "city": "Barcelona,",
    "country": "Spain",
    "name": "Ramblas Hotel",
    "rating": 3.5,
    "user_ratings_total": 1452,
    "price_level": null,
    "types": [
      "establishment",
      "lodging",
      "point_of_interest"
    ],
    "lat": 41.3790084,
    "lng": 2.1748601,
    "cribsLikely": true,
    "place_id": "ChIJK0WujleipBIR4GlGd4uij4Q",
    "address": "La Rambla, 33, Ciutat Vella, 08002 Barcelona, Spain",
    "website": "https://www.hotelramblasbarcelona.com/?utm_medium=organic&utm_source=google&utm_campaign=google-my-business&utm_term=google-local",
    "phone": "+34 933 01 57 00",
    "google_url": "https://maps.google.com/?cid=9552032054561368544"
  },
  {
    "city": "Barcelona,",
    "country": "Spain",
    "name": "Hotel Catalonia Sagrada Familia",
    "rating": 4,
    "user_ratings_total": 2928,
    "price_level": null,
    "types": [
      "establishment",
      "lodging",
      "point_of_interest"
    ],
    "lat": 41.4078366,
    "lng": 2.1853361,
    "cribsLikely": true,
    "place_id": "ChIJXRiWCyejpBIRJXcIV1hOEME",
    "address": "Carrer d'Aragó, 577, 579, Sant Martí, 08026 Barcelona, Spain",
    "website": "https://www.cataloniahotels.com/es/hotel/catalonia-sagrada-familia?mb=1",
    "phone": "+34 932 45 89 05",
    "google_url": "https://maps.google.com/?cid=13911705390271723301"
  },
  {
    "city": "Barcelona,",
    "country": "Spain",
    "name": "Travelodge Barcelona Poblenou",
    "rating": 3.7,
    "user_ratings_total": 4356,
    "price_level": null,
    "types": [
      "establishment",
      "lodging",
      "point_of_interest"
    ],
    "lat": 41.4,
    "lng": 2.2011111,
    "cribsLikely": true,
    "place_id": "ChIJ-1xGPxajpBIR95qJ11T2bQE",
    "address": "Carrer de Llull, 170, Sant Martí, 08005 Barcelona, Spain",
    "website": "https://travelodge.es/travelodge-destino-barcelona/hotel-travelodge-barcelona-poblenou-google/?utm_source=MAPS-GOOGLE&utm_medium=ESP-POBLENOU&utm_campaign=POBLENOU-MAPS",
    "phone": "+34 936 24 18 02",
    "google_url": "https://maps.google.com/?cid=103009210753194743"
  },
  {
    "city": "Barcelona,",
    "country": "Spain",
    "name": "St Christopher's Inn Barcelona",
    "rating": 4.2,
    "user_ratings_total": 4644,
    "price_level": null,
    "types": [
      "establishment",
      "lodging",
      "point_of_interest"
    ],
    "lat": 41.3860993,
    "lng": 2.167679,
    "cribsLikely": true,
    "place_id": "ChIJ2xqph_OipBIRs3td1AO8cck",
    "address": "Carrer de Bergara, 3, L'Eixample, 08002 Barcelona, Spain",
    "website": "https://www.st-christophers.co.uk/barcelona/las-ramblas-hostel/?utm_source=google&utm_medium=organic&utm_campaign=gmb_barcelona",
    "phone": "+34 931 75 14 01",
    "google_url": "https://maps.google.com/?cid=14515589798625639347"
  },
  {
    "city": "Barcelona,",
    "country": "Spain",
    "name": "Hotel Oasis",
    "rating": 4.1,
    "user_ratings_total": 1391,
    "price_level": null,
    "types": [
      "establishment",
      "lodging",
      "point_of_interest"
    ],
    "lat": 41.3827789,
    "lng": 2.1847671,
    "cribsLikely": true,
    "place_id": "ChIJu-j3KwCjpBIRGyMRxhc9jjo",
    "address": "Pla de Palau, 17, Ciutat Vella, 08003 Barcelona, Spain",
    "website": "http://www.hoteloasis.es/",
    "phone": "+34 933 19 43 96",
    "google_url": "https://maps.google.com/?cid=4219377073209287451"
  },
  {
    "city": "Barcelona,",
    "country": "Spain",
    "name": "Hotel Catalonia Park Güell",
    "rating": 3.9,
    "user_ratings_total": 3041,
    "price_level": null,
    "types": [
      "establishment",
      "food",
      "lodging",
      "point_of_interest",
      "restaurant"
    ],
    "lat": 41.4142325,
    "lng": 2.1448418,
    "cribsLikely": true,
    "place_id": "ChIJWXoMfAeYpBIRXQp243_31IY",
    "address": "Passeig de la Mare de Déu del Coll, 10, Gràcia, 08023 Barcelona, Spain",
    "website": "https://www.cataloniahotels.com/es/hotel/catalonia-park-guell?mb=1",
    "phone": "+34 932 19 12 04",
    "google_url": "https://maps.google.com/?cid=9715662424794073693"
  },
  {
    "city": "Barcelona,",
    "country": "Spain",
    "name": "Travelodge Barcelona Fira",
    "rating": 3.6,
    "user_ratings_total": 1637,
    "price_level": null,
    "types": [
      "establishment",
      "lodging",
      "point_of_interest"
    ],
    "lat": 41.3524948,
    "lng": 2.1333997,
    "cribsLikely": true,
    "place_id": "ChIJSUKYWreYpBIRr7PonZXrtc8",
    "address": "Carrer de la Botànica, 25, 08908 L'Hospitalet de Llobregat, Barcelona, Spain",
    "website": "https://travelodge.es/travelodge-destino-barcelona/hotel-travelodge-barcelona-fira-google/?utm_source=MAPS-GOOGLE&utm_medium=ESP-FIRA&utm_campaign=FIRA-MAPS",
    "phone": "+34 932 63 72 50",
    "google_url": "https://maps.google.com/?cid=14967127964467639215"
  },
  {
    "city": "Barcelona,",
    "country": "Spain",
    "name": "Hotel Condado",
    "rating": 4.2,
    "user_ratings_total": 901,
    "price_level": null,
    "types": [
      "establishment",
      "lodging",
      "point_of_interest"
    ],
    "lat": 41.39562859999999,
    "lng": 2.1494895,
    "cribsLikely": true,
    "place_id": "ChIJpdTnBZyipBIR9nFMz2z0CPc",
    "address": "Carrer d'Aribau, 201, Sarrià-Sant Gervasi, 08021 Barcelona, Spain",
    "website": "http://www.condadohotel.com/",
    "phone": "+34 932 00 23 11",
    "google_url": "https://maps.google.com/?cid=17800746275353424374"
  }
]