[
  {
    "city": "Barcelona, Spain",
    "country": "Spain",
    "name": "Acta Voraport",
    "rating": 4.5,
    "user_ratings_total": 2054,
    "price_level": null,
    "types": [
      "establishment",
      "lodging",
      "point_of_interest"
    ],
    "lat": 41.3991101,
    "lng": 2.2006928,
    "cribsLikely": true,
    "place_id": "ChIJwTu8ChWjpBIR7YDzEQLpHek",
    "address": "Carrer de Ramon Turró, 169, B, Sant Martí, 08005 Barcelona, Spain",
    "website": "https://www.actahotels.com/hoteles/hotel-acta-voraport",
    "phone": "+34 935 95 55 60",
    "google_url": "https://maps.google.com/?cid=16797838380262195437"
  },
  {
    "city": "Barcelona, Spain",
    "country": "Spain",
    "name": "Hotel Catalonia Barcelona 505",
    "rating": 4.1,
    "user_ratings_total": 1812,
    "price_level": null,
    "types": [
      "establishment",
      "lodging",
      "parking",
      "point_of_interest"
    ],
    "lat": 41.4032776,
    "lng": 2.1372365,
    "cribsLikely": true,
    "place_id": "ChIJW6HdBA2YpBIRVqJQF0vQ5AA",
    "address": "C/ de Muntaner, 505, Sarrià-Sant Gervasi, 08022 Barcelona, Spain",
    "website": "https://www.cataloniahotels.com/es/hotel/catalonia-barcelona-505?mb=1",
    "phone": "+34 932 12 80 12",
    "google_url": "https://maps.google.com/?cid=64405315622314582"
  },
  {
    "city": "Barcelona, Spain",
    "country": "Spain",
    "name": "Hotel Catalonia Sagrada Familia",
    "rating": 4,
    "user_ratings_total": 2928,
    "price_level": null,
    "types": [
      "establishment",
      "lodging",
      "point_of_interest"
    ],
    "lat": 41.4078366,
    "lng": 2.1853361,
    "cribsLikely": true,
    "place_id": "ChIJXRiWCyejpBIRJXcIV1hOEME",
    "address": "Carrer d'Aragó, 577, 579, Sant Martí, 08026 Barcelona, Spain",
    "website": "https://www.cataloniahotels.com/es/hotel/catalonia-sagrada-familia?mb=1",
    "phone": "+34 932 45 89 05",
    "google_url": "https://maps.google.com/?cid=13911705390271723301"
  },
  {
    "city": "Barcelona, Spain",
    "country": "Spain",
    "name": "Bonanova Suite Hotel",
    "rating": 4.1,
    "user_ratings_total": 84,
    "price_level": null,
    "types": [
      "establishment",
      "food",
      "lodging",
      "point_of_interest",
      "restaurant"
    ],
    "lat": 41.4054914,
    "lng": 2.136113,
    "cribsLikely": true,
    "place_id": "ChIJzWYO7A2YpBIRTbyT1oycebI",
    "address": "Carrer del Bisbe Sivilla, 7, Sarrià-Sant Gervasi, 08022 Barcelona, Spain",
    "website": "https://www.premiumsuitehotels.com/bonanova-suite-hotel/?utm_source=gmb&utm_medium=organic",
    "phone": "+34 932 53 15 63",
    "google_url": "https://maps.google.com/?cid=12860482339642522701"
  },
  {
    "city": "Barcelona, Spain",
    "country": "Spain",
    "name": "Travelodge Barcelona Poblenou",
    "rating": 3.7,
    "user_ratings_total": 4356,
    "price_level": null,
    "types": [
      "establishment",
      "lodging",
      "point_of_interest"
    ],
    "lat": 41.4,
    "lng": 2.2011111,
    "cribsLikely": true,
    "place_id": "ChIJ-1xGPxajpBIR95qJ11T2bQE",
    "address": "Carrer de Llull, 170, Sant Martí, 08005 Barcelona, Spain",
    "website": "https://travelodge.es/travelodge-destino-barcelona/hotel-travelodge-barcelona-poblenou-google/?utm_source=MAPS-GOOGLE&utm_medium=ESP-POBLENOU&utm_campaign=POBLENOU-MAPS",
    "phone": "+34 936 24 18 02",
    "google_url": "https://maps.google.com/?cid=103009210753194743"
  },
  {
    "city": "Barcelona, Spain",
    "country": "Spain",
    "name": "Hotel Soho Barcelona",
    "rating": 4.6,
    "user_ratings_total": 1284,
    "price_level": null,
    "types": [
      "establishment",
      "lodging",
      "point_of_interest"
    ],
    "lat": 41.3834388,
    "lng": 2.1598504,
    "cribsLikely": true,
    "place_id": "ChIJx53DKoqipBIRsP8x7QGI88A",
    "address": "Gran Via de les Corts Catalanes, 543, 545, L'Eixample, 08011 Barcelona, Spain",
    "website": "http://www.hotelsohobarcelona.com/",
    "phone": "+34 935 52 96 00",
    "google_url": "https://maps.google.com/?cid=13903606016478674864"
  },
  {
    "city": "Barcelona, Spain",
    "country": "Spain",
    "name": "Bruc & Bruc",
    "rating": 3.7,
    "user_ratings_total": 140,
    "price_level": null,
    "types": [
      "establishment",
      "lodging",
      "point_of_interest"
    ],
    "lat": 41.39646190000001,
    "lng": 2.1663277,
    "cribsLikely": true,
    "place_id": "ChIJu5ChX-iipBIR48d5h1pRC3E",
    "address": "Carrer de Mallorca, 290, L'Eixample, 08037 Barcelona, Spain",
    "website": "https://www.thebookingbutton.co.uk/properties/brucandbrucdirect",
    "phone": "+34 605 93 21 31",
    "google_url": "https://maps.google.com/?cid=8145693800291485667"
  },
  {
    "city": "Barcelona, Spain",
    "country": "Spain",
    "name": "Hotel Market Barcelona",
    "rating": 3.9,
    "user_ratings_total": 1395,
    "price_level": null,
    "types": [
      "establishment",
      "food",
      "lodging",
      "point_of_interest",
      "real_estate_agency",
      "restaurant"
    ],
    "lat": 41.3791308,
    "lng": 2.1605785,
    "cribsLikely": true,
    "place_id": "ChIJG3aNkGGipBIR2Mdwj1bM6y4",
    "address": "Carrer del Comte Borrell, 68, L'Eixample, 08015 Barcelona, Spain",
    "website": "https://www.hotelmarketbarcelona.com/",
    "phone": "+34 933 25 12 05",
    "google_url": "https://maps.google.com/?cid=3381020617417476056"
  },
  {
    "city": "Barcelona, Spain",
    "country": "Spain",
    "name": "easyHotel Barcelona Fira",
    "rating": 3.9,
    "user_ratings_total": 2635,
    "price_level": null,
    "types": [
      "establishment",
      "lodging",
      "point_of_interest"
    ],
    "lat": 41.3609371,
    "lng": 2.129532,
    "cribsLikely": true,
    "place_id": "ChIJK1Of5aOZpBIRE41WyNmpfHU",
    "address": "Avinguda de la Granvia de l’Hospitalet, 22, 08902 L'Hospitalet de Llobregat, Barcelona, Spain",
    "website": "https://www.easyhotel.com/hotels/spain/barcelona/barcelona-fira?utm_source=google&utm_medium=organic&utm_campaign=GMB-owned-barcelona-fira",
    "phone": "+34 931 99 07 11",
    "google_url": "https://maps.google.com/?cid=8465828152383802643"
  },
  {
    "city": "Barcelona, Spain",
    "country": "Spain",
    "name": "St Christopher's Inn Barcelona",
    "rating": 4.2,
    "user_ratings_total": 4644,
    "price_level": null,
    "types": [
      "establishment",
      "lodging",
      "point_of_interest"
    ],
    "lat": 41.3860993,
    "lng": 2.167679,
    "cribsLikely": true,
    "place_id": "ChIJ2xqph_OipBIRs3td1AO8cck",
    "address": "Carrer de Bergara, 3, L'Eixample, 08002 Barcelona, Spain",
    "website": "https://www.st-christophers.co.uk/barcelona/las-ramblas-hostel/?utm_source=google&utm_medium=organic&utm_campaign=gmb_barcelona",
    "phone": "+34 931 75 14 01",
    "google_url": "https://maps.google.com/?cid=14515589798625639347"
  },
  {
    "city": "Barcelona, Spain",
    "country": "Spain",
    "name": "Sercotel Porta Barcelona",
    "rating": 4.1,
    "user_ratings_total": 1732,
    "price_level": null,
    "types": [
      "establishment",
      "lodging",
      "point_of_interest"
    ],
    "lat": 41.377191,
    "lng": 2.0791233,
    "cribsLikely": true,
    "place_id": "ChIJoWD7K3GZpBIR_ax-6RNwslE",
    "address": "Avinguda Generalitat de Catalunya, 2-6, 08960 Sant Just Desvern, Barcelona, Spain",
    "website": "https://www.sercotelhoteles.com/es/hotel-porta-barcelona?utm_source=google&utm_medium=referral&utm_campaign=metasearch-links",
    "phone": "+34 934 80 25 01",
    "google_url": "https://maps.google.com/?cid=5886890893750742269"
  },
  {
    "city": "Barcelona, Spain",
    "country": "Spain",
    "name": "Hotel htop BCN City",
    "rating": 3,
    "user_ratings_total": 703,
    "price_level": null,
    "types": [
      "establishment",
      "food",
      "lodging",
      "point_of_interest"
    ],
    "lat": 41.41098,
    "lng": 2.173427,
    "cribsLikely": true,
    "place_id": "ChIJxbgzi8-ipBIRYfx6Np9mmwg",
    "address": "Travessera de Gràcia, 380, 384, Horta-Guinardó, 08025 Barcelona, Spain",
    "website": "https://www.htophotels.com/hoteles-destinos/hoteles/bcncity/",
    "phone": "+34 932 69 68 74",
    "google_url": "https://maps.google.com/?cid=620202207693438049"
  }
]