[
  {
    "city": "Berlin, Germany",
    "country": "Germany",
    "name": "Park Inn by Radisson Berlin Alexanderplatz",
    "rating": 4.1,
    "user_ratings_total": 27906,
    "price_level": null,
    "types": [
      "bar",
      "establishment",
      "food",
      "lodging",
      "point_of_interest",
      "restaurant"
    ],
    "lat": 52.522811,
    "lng": 13.4131023,
    "cribsLikely": true,
    "place_id": "ChIJ4Q7iHh9OqEcRoYdM_f1daq0",
    "address": "Alexanderpl. 7, 10178 Berlin, Germany",
    "website": "https://www.radissonhotels.com/en-us/hotels/park-inn-berlin-alexanderplatz?cid=a:se+b:gmb+c:emea+i:local+e:pii+d:cese+h:DEBERALX",
    "phone": "+49 30 23890",
    "google_url": "https://maps.google.com/?cid=12495903461550622625"
  },
  {
    "city": "Berlin, Germany",
    "country": "Germany",
    "name": "CALMA Berlin Mitte by little BIG hotels",
    "rating": 4.6,
    "user_ratings_total": 1222,
    "price_level": null,
    "types": [
      "establishment",
      "lodging",
      "point_of_interest"
    ],
    "lat": 52.52651299999999,
    "lng": 13.3899821,
    "cribsLikely": true,
    "place_id": "ChIJt63EHOlRqEcRe3E9Ipj2-I4",
    "address": "Linienstraße 139-140, 10115 Berlin, Germany",
    "website": "https://littlebighotels.com/hotel-berlin/calma-berlin-mitte/",
    "phone": "+49 30 91539333",
    "google_url": "https://maps.google.com/?cid=10302255280879923579"
  },
  {
    "city": "Berlin, Germany",
    "country": "Germany",
    "name": "Hotel Ambiente Berlin City",
    "rating": 3.9,
    "user_ratings_total": 640,
    "price_level": null,
    "types": [
      "establishment",
      "lodging",
      "point_of_interest"
    ],
    "lat": 52.49650399999999,
    "lng": 13.347863,
    "cribsLikely": true,
    "place_id": "ChIJ1zxYHlBQqEcRciBWXtShRUY",
    "address": "Gossowstraße 11, 10777 Berlin, Germany",
    "website": "http://www.ambiente-berlin.com/",
    "phone": "+49 30 2148800",
    "google_url": "https://maps.google.com/?cid=5063631289535832178"
  },
  {
    "city": "Berlin, Germany",
    "country": "Germany",
    "name": "LINDEMANN'S",
    "rating": 4.5,
    "user_ratings_total": 1781,
    "price_level": null,
    "types": [
      "establishment",
      "lodging",
      "point_of_interest"
    ],
    "lat": 52.4937768,
    "lng": 13.3613533,
    "cribsLikely": true,
    "place_id": "ChIJp_ehDUhQqEcRPpHUnU198Pw",
    "address": "Potsdamer Str. 171-173, 10783 Berlin, Germany",
    "website": "https://littlebighotels.com/hotel-berlin/lindemanns/",
    "phone": "+49 30 5268540",
    "google_url": "https://maps.google.com/?cid=18226205464282304830"
  },
  {
    "city": "Berlin, Germany",
    "country": "Germany",
    "name": "Comfort Hotel Lichtenberg",
    "rating": 3.7,
    "user_ratings_total": 2032,
    "price_level": null,
    "types": [
      "establishment",
      "lodging",
      "point_of_interest"
    ],
    "lat": 52.5335317,
    "lng": 13.5176288,
    "cribsLikely": true,
    "place_id": "ChIJc_MmF69OqEcR_e4eA0_y5oU",
    "address": "Rhinstraße 159, 10315 Berlin, Germany",
    "website": "https://hotel-berlin-lichtenberg.de/",
    "phone": "+49 30 549350",
    "google_url": "https://maps.google.com/?cid=9648665672856563453"
  },
  {
    "city": "Berlin, Germany",
    "country": "Germany",
    "name": "St Christopher's Inn Berlin - Alexanderplatz",
    "rating": 4.2,
    "user_ratings_total": 2741,
    "price_level": null,
    "types": [
      "establishment",
      "lodging",
      "point_of_interest"
    ],
    "lat": 52.5268917,
    "lng": 13.410607,
    "cribsLikely": true,
    "place_id": "ChIJs8Mj8B1OqEcRQbGylAf51y4",
    "address": "Rosa-Luxemburg-Straße 41, Rosa-Luxemburg-Straße 39-41, 10178 Berlin, Germany",
    "website": "https://www.st-christophers.co.uk/berlin/alexanderplatz-hostel",
    "phone": "+49 30 81453960",
    "google_url": "https://maps.google.com/?cid=3375440256692302145"
  },
  {
    "city": "Berlin, Germany",
    "country": "Germany",
    "name": "Hampton by Hilton Berlin City Centre Alexanderplatz",
    "rating": 4.3,
    "user_ratings_total": 5301,
    "price_level": null,
    "types": [
      "establishment",
      "lodging",
      "point_of_interest"
    ],
    "lat": 52.5245154,
    "lng": 13.4186938,
    "cribsLikely": true,
    "place_id": "ChIJWQBUehlOqEcRkYUVlqkl6og",
    "address": "Otto-Braun-Straße 69, 10178 Berlin, Germany",
    "website": "https://www.hilton.com/en/hotels/berhxhx-hampton-berlin-city-centre-alexanderplatz/?SEO_id=GMB-EMEA-HX-BERHXHX",
    "phone": "+49 30 21308555",
    "google_url": "https://maps.google.com/?cid=9865739344006186385"
  },
  {
    "city": "Berlin, Germany",
    "country": "Germany",
    "name": "Premier Inn Berlin Alexanderplatz Hotel",
    "rating": 4.1,
    "user_ratings_total": 1785,
    "price_level": null,
    "types": [
      "establishment",
      "food",
      "lodging",
      "point_of_interest",
      "restaurant"
    ],
    "lat": 52.5239239,
    "lng": 13.4171183,
    "cribsLikely": true,
    "place_id": "ChIJWaMidkVPqEcR9lyjEOAQB3o",
    "address": "Theanolte-Bähnisch-Straße 2, 10178 Berlin, Germany",
    "website": "https://www.premierinn.com/de/de/hotels/deutschland/berlin/berlin/berlin-alexanderplatz.html?cid=GLBC_BERALX",
    "phone": "+49 69 8500690",
    "google_url": "https://maps.google.com/?cid=8793015352002043126"
  },
  {
    "city": "Berlin, Germany",
    "country": "Germany",
    "name": "Hotel Rossi",
    "rating": 4.6,
    "user_ratings_total": 836,
    "price_level": null,
    "types": [
      "establishment",
      "food",
      "lodging",
      "point_of_interest",
      "restaurant"
    ],
    "lat": 52.52808479999999,
    "lng": 13.363781,
    "cribsLikely": true,
    "place_id": "ChIJAerjJ5hRqEcRGVF7TRDBe6c",
    "address": "Lehrter Str. 66, 10557 Berlin, Germany",
    "website": "http://www.hotel-rossi.de/",
    "phone": "+49 30 330993800",
    "google_url": "https://maps.google.com/?cid=12068451902232940825"
  },
  {
    "city": "Berlin, Germany",
    "country": "Germany",
    "name": "MEININGER Hotel Berlin Mitte Humboldthaus",
    "rating": 4,
    "user_ratings_total": 3196,
    "price_level": null,
    "types": [
      "establishment",
      "lodging",
      "point_of_interest"
    ],
    "lat": 52.5249422,
    "lng": 13.3921389,
    "cribsLikely": true,
    "place_id": "ChIJ2wrMZehRqEcRqhhmKl3JBtI",
    "address": "Oranienburger Str. 67-68, 10117 Berlin, Germany",
    "website": "https://www.meininger-hotels.com/en/hotels/berlin/hotel-berlin-center/?utm_source=gmb&utm_medium=referral&utm_campaign=BER-OS&utm_content=website",
    "phone": null,
    "google_url": "https://maps.google.com/?cid=15134004999805606058"
  },
  {
    "city": "Berlin, Germany",
    "country": "Germany",
    "name": "Mercure Hotel Potsdam City",
    "rating": 4,
    "user_ratings_total": 2480,
    "price_level": null,
    "types": [
      "establishment",
      "lodging",
      "point_of_interest"
    ],
    "lat": 52.3937113,
    "lng": 13.0598325,
    "cribsLikely": true,
    "place_id": "ChIJ_ySXdsT1qEcRnCJJbAAem7M",
    "address": "Lange Bruecke, 14467 Potsdam, Germany",
    "website": "https://all.accor.com/lien_externe.svlt?goto=fiche_hotel&code_hotel=1582&merchantid=seo-maps-DE-1582&sourceid=aw-cen&utm_medium=seo%20maps&utm_source=google%20Maps&utm_campaign=seo%20maps",
    "phone": "+49 331 272424",
    "google_url": "https://maps.google.com/?cid=12941970941344817820"
  },
  {
    "city": "Berlin, Germany",
    "country": "Germany",
    "name": "MEININGER Hotel Berlin Central Station",
    "rating": 3.6,
    "user_ratings_total": 6728,
    "price_level": null,
    "types": [
      "establishment",
      "lodging",
      "point_of_interest"
    ],
    "lat": 52.5242142,
    "lng": 13.3677721,
    "cribsLikely": true,
    "place_id": "ChIJj3yhRh9OqEcRTYFhC13xn2U",
    "address": "Ella-Trebe-Straße 9, 10557 Berlin, Germany",
    "website": "https://www.meininger-hotels.com/en/hotels/berlin/hotel-berlin-central-station/?utm_source=gmb&utm_medium=referral&utm_campaign=BER-WP&utm_content=website",
    "phone": null,
    "google_url": "https://maps.google.com/?cid=7322836901052907853"
  }
]