[
  {
    "city": "Birmingham, UK",
    "country": "United Kingdom",
    "name": "Hyatt Regency Birmingham",
    "rating": 4.3,
    "user_ratings_total": 3227,
    "price_level": null,
    "types": [
      "establishment",
      "lodging",
      "point_of_interest"
    ],
    "lat": 52.4780556,
    "lng": -1.9094444,
    "cribsLikely": true,
    "place_id": "ChIJEUfiZvS8cEgRzU-BF4xMHkQ",
    "address": "2 Bridge St, Birmingham B1 2JZ, UK",
    "website": "https://www.hyatt.com/hyatt-regency/en-US/birmi-hyatt-regency-birmingham?src=corp_lclb_google_seo_birmi&utm_source=google&utm_medium=organic&utm_campaign=lmr",
    "phone": "+44 121 643 1234",
    "google_url": "https://maps.google.com/?cid=4908444808453902285"
  },
  {
    "city": "Birmingham, UK",
    "country": "United Kingdom",
    "name": "Novotel Birmingham Centre",
    "rating": 4.1,
    "user_ratings_total": 2376,
    "price_level": null,
    "types": [
      "establishment",
      "lodging",
      "point_of_interest"
    ],
    "lat": 52.4763931,
    "lng": -1.9134664,
    "cribsLikely": true,
    "place_id": "ChIJ__jDYPa8cEgRTMKRFyuXaR0",
    "address": "70 Broad St, Birmingham B1 2HT, UK",
    "website": "https://all.accor.com/hotel/1077/index.en.shtml",
    "phone": "+44 121 619 9002",
    "google_url": "https://maps.google.com/?cid=2119391310989345356"
  },
  {
    "city": "Birmingham, UK",
    "country": "United Kingdom",
    "name": "easyHotel Birmingham City Centre",
    "rating": 4.6,
    "user_ratings_total": 5489,
    "price_level": null,
    "types": [
      "establishment",
      "lodging",
      "point_of_interest"
    ],
    "lat": 52.4768765,
    "lng": -1.9015234,
    "cribsLikely": true,
    "place_id": "ChIJ5a5FsYu8cEgRsHcOCkl5fSE",
    "address": "81-91 John Bright St, Birmingham B1 1BL, UK",
    "website": "https://www.easyhotel.com/hotels/united-kingdom/birmingham/birmingham-city-centre?utm_source=google&utm_medium=organic&utm_campaign=GMB-owned-birmingham-city-centre",
    "phone": "+44 121 634 3043",
    "google_url": "https://maps.google.com/?cid=2413218329948747696"
  },
  {
    "city": "Birmingham, UK",
    "country": "United Kingdom",
    "name": "Premier Inn Birmingham City Centre (New St Station) hotel",
    "rating": 4.3,
    "user_ratings_total": 1561,
    "price_level": null,
    "types": [
      "establishment",
      "food",
      "lodging",
      "point_of_interest",
      "restaurant"
    ],
    "lat": 52.4786686,
    "lng": -1.8976924,
    "cribsLikely": true,
    "place_id": "ChIJsRXghou8cEgRGrn5-ck4Ufs",
    "address": "Exchange Buildings, Stephenson Pl, Birmingham B2 4NH, UK",
    "website": "https://www.premierinn.com/gb/en/hotels/england/west-midlands/birmingham/birmingham-city-centre-new-st-station.html?cid=GLBC_BIREXC",
    "phone": "+44 333 321 9318",
    "google_url": "https://maps.google.com/?cid=18109318016766949658"
  },
  {
    "city": "Birmingham, UK",
    "country": "United Kingdom",
    "name": "Travelodge Birmingham Yardley",
    "rating": 3.3,
    "user_ratings_total": 498,
    "price_level": null,
    "types": [
      "establishment",
      "lodging",
      "point_of_interest"
    ],
    "lat": 52.4601924,
    "lng": -1.8042905,
    "cribsLikely": true,
    "place_id": "ChIJvycT5Wm6cEgR1xPf2HTjRfM",
    "address": "A45 Off, 1741 Coventry Rd, Steyning Rd, Birmingham B26 1DS, UK",
    "website": "https://www.travelodge.co.uk/hotels/111/birmingham-yardley-hotel?utm_source=google&utm_medium=GHA_Organic&utm_campaign=GHA_Birmingham%20Yardley&WT.tsrc=GHA_Organic",
    "phone": "+44 871 984 6065",
    "google_url": "https://maps.google.com/?cid=17529667215603733463"
  },
  {
    "city": "Birmingham, UK",
    "country": "United Kingdom",
    "name": "Travelodge Birmingham Central Bull Ring",
    "rating": 3.9,
    "user_ratings_total": 2432,
    "price_level": null,
    "types": [
      "establishment",
      "lodging",
      "point_of_interest"
    ],
    "lat": 52.4753292,
    "lng": -1.8945572,
    "cribsLikely": true,
    "place_id": "ChIJc7cTtUSicEgRKm7TltAXLIc",
    "address": "Upper Dean St, Birmingham B5 4SG, UK",
    "website": "https://www.travelodge.co.uk/hotels/503/birmingham-central-bull-ring-hotel?utm_source=google&utm_medium=GHA_Organic&utm_campaign=GHA_Birmingham%20Central%20Bull%20Ring&WT.tsrc=GHA_Organic",
    "phone": "+44 800 640 3481",
    "google_url": "https://maps.google.com/?cid=9740186278746615338"
  },
  {
    "city": "Birmingham, UK",
    "country": "United Kingdom",
    "name": "ibis Birmingham New Street Station",
    "rating": 4,
    "user_ratings_total": 2906,
    "price_level": null,
    "types": [
      "establishment",
      "lodging",
      "point_of_interest"
    ],
    "lat": 52.4750931,
    "lng": -1.8965756,
    "cribsLikely": true,
    "place_id": "ChIJfUV-aYO8cEgR-x4MyjPT-iA",
    "address": "Arcadian Centre, 21 Ladywell Walk, Birmingham B5 4ST, UK",
    "website": "https://all.accor.com/lien_externe.svlt?goto=fiche_hotel&code_hotel=1459&merchantid=seo-maps-GB-1459&sourceid=aw-cen&utm_medium=seo%20maps&utm_source=google%20Maps&utm_campaign=seo%20maps",
    "phone": "+44 121 619 9000",
    "google_url": "https://maps.google.com/?cid=2376443972777942779"
  },
  {
    "city": "Birmingham, UK",
    "country": "United Kingdom",
    "name": "Premier Inn Birmingham City Centre (Exchange Square) hotel",
    "rating": 4.3,
    "user_ratings_total": 494,
    "price_level": null,
    "types": [
      "establishment",
      "food",
      "lodging",
      "point_of_interest",
      "restaurant"
    ],
    "lat": 52.4818827,
    "lng": -1.8921333,
    "cribsLikely": true,
    "place_id": "ChIJt-NoxbS9cEgRcWM4izPc6MY",
    "address": "6, Exchange Square, The Priory Queensway, Birmingham B4 6FY, UK",
    "website": "https://www.premierinn.com/gb/en/hotels/england/west-midlands/birmingham/birmingham-city-centre-exchange-square.html?cid=GLBC_BIRESQ",
    "phone": "+44 300 373 0322",
    "google_url": "https://maps.google.com/?cid=14332947928043774833"
  },
  {
    "city": "Birmingham, UK",
    "country": "United Kingdom",
    "name": "J D Wetherspoon - The Briar Rose",
    "rating": 4,
    "user_ratings_total": 5901,
    "price_level": 1,
    "types": [
      "bar",
      "establishment",
      "food",
      "lodging",
      "point_of_interest",
      "restaurant"
    ],
    "lat": 52.47996,
    "lng": -1.9001548,
    "cribsLikely": true,
    "place_id": "ChIJ5cWKD4y8cEgRAaoY0P2gzo8",
    "address": "25 Bennetts Hill, Birmingham B2 5RE, UK",
    "website": "https://www.jdwetherspoon.com/hotels/england/west-midlands/the-briar-rose?utm_source=google&utm_medium=maps&utm_campaign=gmb",
    "phone": "+44 121 634 8100",
    "google_url": "https://maps.google.com/?cid=10362396804604537345"
  },
  {
    "city": "Birmingham, UK",
    "country": "United Kingdom",
    "name": "Xtasia Adult Hotel",
    "rating": 4.9,
    "user_ratings_total": 8,
    "price_level": null,
    "types": [
      "establishment",
      "lodging",
      "point_of_interest"
    ],
    "lat": 52.5154235,
    "lng": -1.9889342,
    "cribsLikely": true,
    "place_id": "ChIJBVLFGYyZcEgRfT2pAbrb_hk",
    "address": "140 High St, West Bromwich B70 6JJ, UK",
    "website": "https://www.xtasia.co.uk/rooms/",
    "phone": "+44 7850 236053",
    "google_url": "https://maps.google.com/?cid=1873176086970973565"
  },
  {
    "city": "Birmingham, UK",
    "country": "United Kingdom",
    "name": "Aloft Birmingham Eastside",
    "rating": 4.4,
    "user_ratings_total": 821,
    "price_level": null,
    "types": [
      "establishment",
      "lodging",
      "point_of_interest"
    ],
    "lat": 52.4859658,
    "lng": -1.8851201,
    "cribsLikely": true,
    "place_id": "ChIJ4Rtbxpy8cEgRuEUFtgM5Acs",
    "address": "4 Woodcock St, Birmingham B7 4BL, UK",
    "website": "https://www.marriott.com/en-us/hotels/bhxal-aloft-birmingham-eastside/overview/?scid=f2ae0541-1279-4f24-b197-a979c79310b0",
    "phone": "+44 121 820 6000",
    "google_url": "https://maps.google.com/?cid=14628035752777565624"
  },
  {
    "city": "Birmingham, UK",
    "country": "United Kingdom",
    "name": "Hilton Birmingham Metropole",
    "rating": 4,
    "user_ratings_total": 2249,
    "price_level": null,
    "types": [
      "establishment",
      "lodging",
      "point_of_interest"
    ],
    "lat": 52.4505825,
    "lng": -1.715153,
    "cribsLikely": true,
    "place_id": "ChIJNVQNqDyxcEgRX1lpvt6-gCQ",
    "address": "Pendigo Way, Marston Green, Birmingham B40 1PP, UK",
    "website": "https://www.hilton.com/en/hotels/bhxmetw-hilton-birmingham-metropole/?SEO_id=GMB-EMEA-TW-BHXMETW",
    "phone": "+44 121 780 4242",
    "google_url": "https://maps.google.com/?cid=2630312046270962015"
  }
]