[
  {
    "city": "Brisbane, Australia",
    "country": "Australia",
    "name": "Emporium Hotel South Bank",
    "rating": 4.5,
    "user_ratings_total": 1725,
    "price_level": null,
    "types": [
      "bar",
      "establishment",
      "food",
      "lodging",
      "point_of_interest",
      "restaurant"
    ],
    "lat": -27.4814303,
    "lng": 153.0230943,
    "cribsLikely": true,
    "place_id": "ChIJG5vaUgxakWsRVKPi6iVlXq8",
    "address": "267 Grey St, South Brisbane QLD 4101, Australia",
    "website": "http://www.emporiumhotels.com.au/",
    "phone": "+61 7 3556 3333",
    "google_url": "https://maps.google.com/?cid=12636648817977107284"
  },
  {
    "city": "Brisbane, Australia",
    "country": "Australia",
    "name": "The Great Southern Hotel Brisbane",
    "rating": 3.5,
    "user_ratings_total": 1067,
    "price_level": null,
    "types": [
      "establishment",
      "lodging",
      "point_of_interest"
    ],
    "lat": -27.4727901,
    "lng": 153.0256865,
    "cribsLikely": true,
    "place_id": "ChIJHZ1cOgVakWsRzGOl18d70Gg",
    "address": "103 George St, Brisbane City QLD 4000, Australia",
    "website": "http://www.greatsouthernhotel.com.au/",
    "phone": "+61 7 3221 6044",
    "google_url": "https://maps.google.com/?cid=7552672673346970572"
  },
  {
    "city": "Brisbane, Australia",
    "country": "Australia",
    "name": "Brisbane Manor Hotel",
    "rating": 3.3,
    "user_ratings_total": 715,
    "price_level": null,
    "types": [
      "establishment",
      "lodging",
      "point_of_interest"
    ],
    "lat": -27.4523654,
    "lng": 153.0303097,
    "cribsLikely": true,
    "place_id": "ChIJR7mJc_BZkWsRVDtZVUih6qQ",
    "address": "555 Gregory Ter, Fortitude Valley QLD 4006, Australia",
    "website": "http://www.brisbanemanor.com/",
    "phone": "+61 1800 800 589",
    "google_url": "https://maps.google.com/?cid=11883487898812103508"
  },
  {
    "city": "Brisbane, Australia",
    "country": "Australia",
    "name": "Novotel Brisbane South Bank",
    "rating": 4.4,
    "user_ratings_total": 1580,
    "price_level": null,
    "types": [
      "establishment",
      "lodging",
      "point_of_interest"
    ],
    "lat": -27.4778106,
    "lng": 153.0173864,
    "cribsLikely": true,
    "place_id": "ChIJu5yohAlakWsRSk8rCQrNt_g",
    "address": "38 Cordelia St, South Brisbane QLD 4101, Australia",
    "website": "https://all.accor.com/lien_externe.svlt?goto=fiche_hotel&code_hotel=A0X0&merchantid=seo-maps-AU-A0X0&sourceid=aw-cen&utm_medium=seo%20maps&utm_source=google%20Maps&utm_campaign=seo%20maps",
    "phone": "+61 7 3295 4100",
    "google_url": "https://maps.google.com/?cid=17922018685131378506"
  },
  {
    "city": "Brisbane, Australia",
    "country": "Australia",
    "name": "Quest Woolloongabba",
    "rating": 4.2,
    "user_ratings_total": 305,
    "price_level": null,
    "types": [
      "establishment",
      "lodging",
      "point_of_interest",
      "real_estate_agency"
    ],
    "lat": -27.4912529,
    "lng": 153.0407257,
    "cribsLikely": true,
    "place_id": "ChIJOwSwVkBakWsRx-zrQo7v0YY",
    "address": "130 Logan Rd, Woolloongabba QLD 4102, Australia",
    "website": "http://www.questwoolloongabba.com.au/",
    "phone": "+61 7 3873 3000",
    "google_url": "https://maps.google.com/?cid=9714809265502022855"
  },
  {
    "city": "Brisbane, Australia",
    "country": "Australia",
    "name": "Courtyard by Marriott Brisbane South Bank",
    "rating": 4.3,
    "user_ratings_total": 934,
    "price_level": null,
    "types": [
      "establishment",
      "lodging",
      "point_of_interest"
    ],
    "lat": -27.4830282,
    "lng": 153.0275731,
    "cribsLikely": true,
    "place_id": "ChIJdyRKYhJakWsRn1qAYuU_oeA",
    "address": "218 Vulture St, South Brisbane QLD 4101, Australia",
    "website": "https://www.marriott.com/en-us/hotels/bnecy-courtyard-brisbane-south-bank/overview/?scid=f2ae0541-1279-4f24-b197-a979c79310b0",
    "phone": "+61 7 3120 0800",
    "google_url": "https://maps.google.com/?cid=16186288790178912927"
  },
  {
    "city": "Brisbane, Australia",
    "country": "Australia",
    "name": "Mercure Brisbane Spring Hill",
    "rating": 3.9,
    "user_ratings_total": 1257,
    "price_level": null,
    "types": [
      "bar",
      "establishment",
      "food",
      "lodging",
      "point_of_interest",
      "restaurant"
    ],
    "lat": -27.4642838,
    "lng": 153.0211123,
    "cribsLikely": true,
    "place_id": "ChIJTbCcigFakWsRP0oSlsoVKu0",
    "address": "345 Wickham Ter, Spring Hill QLD 4000, Australia",
    "website": "https://all.accor.com/hotel/C2T8/index.en.shtml",
    "phone": "+61 7 3831 6177",
    "google_url": "https://maps.google.com/?cid=17089495695856126527"
  },
  {
    "city": "Brisbane, Australia",
    "country": "Australia",
    "name": "The Calile Hotel",
    "rating": 4.5,
    "user_ratings_total": 1230,
    "price_level": null,
    "types": [
      "establishment",
      "food",
      "lodging",
      "point_of_interest",
      "restaurant"
    ],
    "lat": -27.4566167,
    "lng": 153.0403719,
    "cribsLikely": true,
    "place_id": "ChIJAf1SvqVZkWsRIi9YGehg2ME",
    "address": "48 James St, Fortitude Valley QLD 4006, Australia",
    "website": "https://thecalilehotel.com/?utm_source=googleplaces&utm_medium=organic&utm_campaign=the-calile&utm_term=plcid_5909816758766354176",
    "phone": "+61 7 3607 5888",
    "google_url": "https://maps.google.com/?cid=13968020794263482146"
  },
  {
    "city": "Brisbane, Australia",
    "country": "Australia",
    "name": "Roamer Brisbane",
    "rating": 4.6,
    "user_ratings_total": 936,
    "price_level": null,
    "types": [
      "establishment",
      "lodging",
      "point_of_interest"
    ],
    "lat": -27.4673229,
    "lng": 153.0195231,
    "cribsLikely": true,
    "place_id": "ChIJJfu_YINbkWsRw0bBNUj0NAs",
    "address": "466 George St, Brisbane City QLD 4000, Australia",
    "website": "https://roamerhostels.com/brisbane/",
    "phone": "+61 483 869 016",
    "google_url": "https://maps.google.com/?cid=807538824182843075"
  },
  {
    "city": "Brisbane, Australia",
    "country": "Australia",
    "name": "Hyatt Regency Brisbane",
    "rating": 4.4,
    "user_ratings_total": 1762,
    "price_level": null,
    "types": [
      "establishment",
      "lodging",
      "point_of_interest"
    ],
    "lat": -27.4702868,
    "lng": 153.0241235,
    "cribsLikely": true,
    "place_id": "ChIJIXk7mq9bkWsRI_InBqGw1r0",
    "address": "33 Burnett Ln, Brisbane City QLD 4000, Australia",
    "website": "https://www.hyatt.com/hyatt-regency/en-US/bnerb-hyatt-regency-brisbane?src=corp_lclb_google_seo_bnerb&utm_source=google&utm_medium=organic&utm_campaign=lmr",
    "phone": "+61 7 5647 1234",
    "google_url": "https://maps.google.com/?cid=13679315123823964707"
  },
  {
    "city": "Brisbane, Australia",
    "country": "Australia",
    "name": "Treasury Hotel Brisbane",
    "rating": 4.1,
    "user_ratings_total": 9392,
    "price_level": null,
    "types": [
      "bar",
      "establishment",
      "food",
      "lodging",
      "point_of_interest",
      "restaurant"
    ],
    "lat": -27.4726783,
    "lng": 153.0246408,
    "cribsLikely": true,
    "place_id": "ChIJVQ1_WANakWsR8ORfvZHivn8",
    "address": "130 William St, Brisbane City QLD 4000, Australia",
    "website": "https://www.treasurybrisbane.com.au/",
    "phone": "+61 7 3306 8888",
    "google_url": "https://maps.google.com/?cid=9205043803967186160"
  },
  {
    "city": "Brisbane, Australia",
    "country": "Australia",
    "name": "The Point Brisbane - Hotel",
    "rating": 4.3,
    "user_ratings_total": 1503,
    "price_level": null,
    "types": [
      "establishment",
      "lodging",
      "point_of_interest"
    ],
    "lat": -27.4740473,
    "lng": 153.0365149,
    "cribsLikely": true,
    "place_id": "ChIJKzsw9BhakWsR7YAzBIpMqZQ",
    "address": "21 Lambert St, Kangaroo Point QLD 4169, Australia",
    "website": "http://www.gettothepoint.com.au/",
    "phone": "+61 7 3240 0888",
    "google_url": "https://maps.google.com/?cid=10712177344337117421"
  }
]