[
  {
    "city": "Brussels, Belgium",
    "country": "Belgium",
    "name": "Best Western City Centre",
    "rating": 3.5,
    "user_ratings_total": 1324,
    "price_level": null,
    "types": [
      "establishment",
      "lodging",
      "point_of_interest"
    ],
    "lat": 50.8561184,
    "lng": 4.3629482,
    "cribsLikely": true,
    "place_id": "ChIJ3wSXTXjDw0cRtHEyyO0d0oc",
    "address": "Sq. Victoria Régina 9, 1210 Brussels, Belgium",
    "website": "https://www.citycentre.be/fr/",
    "phone": "+32 2 219 06 61",
    "google_url": "https://maps.google.com/?cid=9786917847332712884"
  },
  {
    "city": "Brussels, Belgium",
    "country": "Belgium",
    "name": "Europacity Hotel",
    "rating": 3.3,
    "user_ratings_total": 238,
    "price_level": null,
    "types": [
      "establishment",
      "lodging",
      "point_of_interest"
    ],
    "lat": 50.85816,
    "lng": 4.36194,
    "cribsLikely": true,
    "place_id": "ChIJQRD-infDw0cR15joldTYsfs",
    "address": "Rue de Brabant 80, 1210 Bruxelles, Belgium",
    "website": "https://www.hoteleuropacity.com/",
    "phone": "+32 2 511 74 00",
    "google_url": "https://maps.google.com/?cid=18136515581957413079"
  },
  {
    "city": "Brussels, Belgium",
    "country": "Belgium",
    "name": "Vintage Hotel Brussels",
    "rating": 4.3,
    "user_ratings_total": 568,
    "price_level": null,
    "types": [
      "establishment",
      "lodging",
      "point_of_interest"
    ],
    "lat": 50.8334717,
    "lng": 4.3554803,
    "cribsLikely": true,
    "place_id": "ChIJ9a-zEmLEw0cRKRTcT1A4NiM",
    "address": "Rue Dejoncker 45, 1060 Bruxelles, Belgium",
    "website": "https://vintagehotel.be/?utm_source=google&utm_medium=organic&utm_campaign=gmb",
    "phone": "+32 2 533 99 80",
    "google_url": "https://maps.google.com/?cid=2537277357658215465"
  },
  {
    "city": "Brussels, Belgium",
    "country": "Belgium",
    "name": "B&B HOTEL Brussels Centre Louise",
    "rating": 4.5,
    "user_ratings_total": 1822,
    "price_level": null,
    "types": [
      "establishment",
      "lodging",
      "point_of_interest"
    ],
    "lat": 50.8281169,
    "lng": 4.364872699999999,
    "cribsLikely": true,
    "place_id": "ChIJDXUr4IzEw0cRgKaBNtvUtUo",
    "address": "Rue Paul Spaak 15, 1000 Bruxelles, Belgium",
    "website": "https://www.hotel-bb.com/fr/hotel/brussels-centre-louise?utm_source=googlemaps&utm_medium=fichehotel&utm_campaign=yext",
    "phone": "+32 2 645 61 11",
    "google_url": "https://maps.google.com/?cid=5383442967568688768"
  },
  {
    "city": "Brussels, Belgium",
    "country": "Belgium",
    "name": "ibis Brussels City Centre",
    "rating": 3.9,
    "user_ratings_total": 3703,
    "price_level": null,
    "types": [
      "establishment",
      "lodging",
      "point_of_interest"
    ],
    "lat": 50.850551,
    "lng": 4.349326599999999,
    "cribsLikely": true,
    "place_id": "ChIJU0ZsB4fDw0cRypIpWHumEzo",
    "address": "Rue Joseph Plateau N°2, 1000 Bruxelles, Belgium",
    "website": "https://all.accor.com/lien_externe.svlt?goto=fiche_hotel&code_hotel=1454&merchantid=seo-maps-BE-1454&sourceid=aw-cen&utm_medium=seo%20maps&utm_source=google%20Maps&utm_campaign=seo%20maps",
    "phone": "+32 2 620 04 26",
    "google_url": "https://maps.google.com/?cid=4184871527447630538"
  },
  {
    "city": "Brussels, Belgium",
    "country": "Belgium",
    "name": "easyHotel Brussels City Centre",
    "rating": 4.3,
    "user_ratings_total": 3879,
    "price_level": null,
    "types": [
      "establishment",
      "lodging",
      "point_of_interest"
    ],
    "lat": 50.8503523,
    "lng": 4.355553,
    "cribsLikely": true,
    "place_id": "ChIJTQ7vAYHDw0cR6P8HJaO3YAk",
    "address": "Rue d'Argent 1, 1000 Bruxelles, Belgium",
    "website": "https://www.easyhotel.com/hotels/belgium/brussels/brussels-city-centre?utm_source=google&utm_medium=organic&utm_campaign=GMB-owned-brussels-city-centre",
    "phone": "+32 2 781 02 59",
    "google_url": "https://maps.google.com/?cid=675741855434407912"
  },
  {
    "city": "Brussels, Belgium",
    "country": "Belgium",
    "name": "Novotel Brussels Centre Midi Station",
    "rating": 4.2,
    "user_ratings_total": 1543,
    "price_level": null,
    "types": [
      "establishment",
      "lodging",
      "point_of_interest"
    ],
    "lat": 50.8369102,
    "lng": 4.339884,
    "cribsLikely": true,
    "place_id": "ChIJQVljPm7Ew0cRSpHsvV_vkkQ",
    "address": "Av. Fonsny 5/7, 1060 Bruxelles, Belgium",
    "website": "https://all.accor.com/lien_externe.svlt?goto=fiche_hotel&code_hotel=9336&merchantid=seo-maps-BE-9336&sourceid=aw-cen&utm_medium=seo%20maps&utm_source=google%20Maps&utm_campaign=seo%20maps",
    "phone": "+32 2 533 10 90",
    "google_url": "https://maps.google.com/?cid=4941274935666184522"
  },
  {
    "city": "Brussels, Belgium",
    "country": "Belgium",
    "name": "Hygge Hotel",
    "rating": 4.4,
    "user_ratings_total": 1804,
    "price_level": null,
    "types": [
      "establishment",
      "lodging",
      "point_of_interest"
    ],
    "lat": 50.83500780000001,
    "lng": 4.3594211,
    "cribsLikely": true,
    "place_id": "ChIJKSKpVojEw0cR_c_ARzrvgpU",
    "address": "Rue des Drapiers 31-33 Ixelles, 1050 Brussels, Belgium",
    "website": "http://www.hyggehotel.be/",
    "phone": "+32 2 274 28 00",
    "google_url": "https://maps.google.com/?cid=10773436292214607869"
  },
  {
    "city": "Brussels, Belgium",
    "country": "Belgium",
    "name": "Motel One Brussels",
    "rating": 4.4,
    "user_ratings_total": 5379,
    "price_level": null,
    "types": [
      "establishment",
      "lodging",
      "point_of_interest"
    ],
    "lat": 50.8486877,
    "lng": 4.363131099999999,
    "cribsLikely": true,
    "place_id": "ChIJJUEfP37Dw0cRTkdvU-ve9_k",
    "address": "Rue Royale 120, 1000 Bruxelles, Belgium",
    "website": "https://www.motel-one.com/hotels/bruessel/hotel-bruessel/",
    "phone": "+32 2 209 61 10",
    "google_url": "https://maps.google.com/?cid=18012110336990070606"
  },
  {
    "city": "Brussels, Belgium",
    "country": "Belgium",
    "name": "Moxy Brussels City Center",
    "rating": 4.6,
    "user_ratings_total": 749,
    "price_level": null,
    "types": [
      "establishment",
      "lodging",
      "point_of_interest"
    ],
    "lat": 50.8345581,
    "lng": 4.363642899999999,
    "cribsLikely": true,
    "place_id": "ChIJGQhAKI_Ew0cRvQUE4uQyPuk",
    "address": "Rue du Prince Albert 2, 1050 Bruxelles, Belgium",
    "website": "https://www.marriott.com/en-us/hotels/bruoc-moxy-brussels-city-center/overview/?scid=f2ae0541-1279-4f24-b197-a979c79310b0",
    "phone": "+32 2 486 63 88",
    "google_url": "https://maps.google.com/?cid=16806926818019116477"
  },
  {
    "city": "Brussels, Belgium",
    "country": "Belgium",
    "name": "Hotel Agenda Louise",
    "rating": 4.3,
    "user_ratings_total": 502,
    "price_level": null,
    "types": [
      "establishment",
      "lodging",
      "point_of_interest"
    ],
    "lat": 50.8294889,
    "lng": 4.3600861,
    "cribsLikely": true,
    "place_id": "ChIJjfoqp4vEw0cRSCg-L3fs8tc",
    "address": "Rue de Florence 6, 1000 Bruxelles, Belgium",
    "website": "http://hotel-agenda.com/",
    "phone": "+32 2 539 00 31",
    "google_url": "https://maps.google.com/?cid=15560759659156351048"
  },
  {
    "city": "Brussels, Belgium",
    "country": "Belgium",
    "name": "Hôtel Yadoya",
    "rating": 4.3,
    "user_ratings_total": 1850,
    "price_level": null,
    "types": [
      "establishment",
      "lodging",
      "point_of_interest"
    ],
    "lat": 50.8571874,
    "lng": 4.350789799999999,
    "cribsLikely": true,
    "place_id": "ChIJ9x0q3oTDw0cR9xg5GxUg0Do",
    "address": "Bd d'Anvers 32/33, 1000 Bruxelles, Belgium",
    "website": "http://www.yadoyahotel.be/?utm_source=GoogleBusiness&utm_campaign=source_directsearch",
    "phone": "+32 2 209 31 10",
    "google_url": "https://maps.google.com/?cid=4237922524378765559"
  }
]