[
  {
    "city": "Budapest, Hungary",
    "country": "Hungary",
    "name": "Royal Park Boutique Hotel",
    "rating": 3.8,
    "user_ratings_total": 1892,
    "price_level": null,
    "types": [
      "cafe",
      "establishment",
      "food",
      "lodging",
      "point_of_interest"
    ],
    "lat": 47.5018272,
    "lng": 19.0827255,
    "cribsLikely": true,
    "place_id": "ChIJ-dCwgmLcQUcR-fvVweLIFwU",
    "address": "Budapest, Nefelejcs u. 6, 1078 Hungary",
    "website": "https://www.royalpark.hu/",
    "phone": "+36 1 491 8800",
    "google_url": "https://maps.google.com/?cid=366982770894175225"
  },
  {
    "city": "Budapest, Hungary",
    "country": "Hungary",
    "name": "Museum Hotel Budapest",
    "rating": 4.3,
    "user_ratings_total": 1679,
    "price_level": null,
    "types": [
      "establishment",
      "lodging",
      "point_of_interest"
    ],
    "lat": 47.493669,
    "lng": 19.06336,
    "cribsLikely": true,
    "place_id": "ChIJX5J4z1zcQUcRnQ3Rjto2CeY",
    "address": "Budapest, Trefort u. 2, 1088 Hungary",
    "website": "http://www.museumhotel.hu/",
    "phone": "+36 1 485 1080",
    "google_url": "https://maps.google.com/?cid=16575840215840656797"
  },
  {
    "city": "Budapest, Hungary",
    "country": "Hungary",
    "name": "InterContinental Budapest",
    "rating": 4.6,
    "user_ratings_total": 5521,
    "price_level": null,
    "types": [
      "establishment",
      "lodging",
      "point_of_interest"
    ],
    "lat": 47.4974227,
    "lng": 19.0478504,
    "cribsLikely": true,
    "place_id": "ChIJuWSEpT_cQUcRX2X7om9Ls5M",
    "address": "Budapest, Budapest Budapest Apaczai Csere J.U, 12-14, 1052 Hungary",
    "website": "https://www.ihg.com/intercontinental/hotels/gb/en/budapest/budhb/hoteldetail?cm_mmc=GoogleMaps-_-IC-_-HU-_-BUDHB",
    "phone": "+36 1 327 6333",
    "google_url": "https://maps.google.com/?cid=10642933287254451551"
  },
  {
    "city": "Budapest, Hungary",
    "country": "Hungary",
    "name": "Four Seasons Hotel Gresham Palace Budapest",
    "rating": 4.8,
    "user_ratings_total": 4020,
    "price_level": null,
    "types": [
      "establishment",
      "lodging",
      "point_of_interest",
      "spa"
    ],
    "lat": 47.4996722,
    "lng": 19.0480417,
    "cribsLikely": true,
    "place_id": "ChIJp7NvhxXcQUcRT3GQWPZBEjs",
    "address": "Budapest, Széchenyi István tér 5-6, 1051 Hungary",
    "website": "https://www.fourseasons.com/budapest/?utm_source=google&utm_medium=organicsearch&utm_campaign=tor-bud-hre-mid-seo-na&utm_content=na-na&utm_term=na",
    "phone": "+36 1 268 6000",
    "google_url": "https://maps.google.com/?cid=4256537124122161487"
  },
  {
    "city": "Budapest, Hungary",
    "country": "Hungary",
    "name": "Novotel Budapest Danube",
    "rating": 4.3,
    "user_ratings_total": 3120,
    "price_level": null,
    "types": [
      "establishment",
      "lodging",
      "point_of_interest"
    ],
    "lat": 47.5084187,
    "lng": 19.0389789,
    "cribsLikely": true,
    "place_id": "ChIJXcqEqxvcQUcRvXfMjhz3ZGQ",
    "address": "Budapest, Ntak: Sz19000074, Bem rkp. 33-34, 1027 Hungary",
    "website": "https://all.accor.com/lien_externe.svlt?goto=fiche_hotel&code_hotel=6151&merchantid=seo-maps-HU-6151&sourceid=aw-cen&utm_medium=seo%20maps&utm_source=google%20Maps&utm_campaign=seo%20maps",
    "phone": "+36 1 458 4900",
    "google_url": "https://maps.google.com/?cid=7234178603490768829"
  },
  {
    "city": "Budapest, Hungary",
    "country": "Hungary",
    "name": "Metropolis Budapest Boutique Hotel",
    "rating": 4.9,
    "user_ratings_total": 105,
    "price_level": null,
    "types": [
      "establishment",
      "lodging",
      "point_of_interest"
    ],
    "lat": 47.5022723,
    "lng": 19.0653406,
    "cribsLikely": true,
    "place_id": "ChIJqVAXL2_cQUcRGnwyCStPqfE",
    "address": "Budapest, Kertész u. 39, 2, 1073 Hungary",
    "website": "https://metropolisbudapest.com/",
    "phone": "+36 70 574 3975",
    "google_url": "https://maps.google.com/?cid=17413536480461224986"
  },
  {
    "city": "Budapest, Hungary",
    "country": "Hungary",
    "name": "Baross City Hotel",
    "rating": 3.9,
    "user_ratings_total": 1481,
    "price_level": null,
    "types": [
      "establishment",
      "lodging",
      "point_of_interest"
    ],
    "lat": 47.500597,
    "lng": 19.081288,
    "cribsLikely": true,
    "place_id": "ChIJ7zRAEmLcQUcRFJE82UxWUK8",
    "address": "Budapest, Baross tér 15, 1077 Hungary",
    "website": "https://www.mellowmoodhotels.com/hu/hotelek/baross-city-hotel/",
    "phone": "+36 1 461 3010",
    "google_url": "https://maps.google.com/?cid=12632691842836369684"
  },
  {
    "city": "Budapest, Hungary",
    "country": "Hungary",
    "name": "Maple Tree Apartments Budapest",
    "rating": 4,
    "user_ratings_total": 760,
    "price_level": null,
    "types": [
      "establishment",
      "lodging",
      "point_of_interest"
    ],
    "lat": 47.4889321,
    "lng": 19.072025,
    "cribsLikely": true,
    "place_id": "ChIJf95rkljcQUcRo7g6J0O7jaE",
    "address": "Budapest, Kisfaludy u. 18-20, 1082 Hungary",
    "website": "http://mapletreebp.com/",
    "phone": "+36 20 365 7488",
    "google_url": "https://maps.google.com/?cid=11641166508917962915"
  },
  {
    "city": "Budapest, Hungary",
    "country": "Hungary",
    "name": "Pest-Buda Design Hotel",
    "rating": 4.4,
    "user_ratings_total": 67,
    "price_level": null,
    "types": [
      "establishment",
      "lodging",
      "point_of_interest"
    ],
    "lat": 47.5031074,
    "lng": 19.0326973,
    "cribsLikely": true,
    "place_id": "ChIJw-5KfcTdQUcRfpoLKOQe2jw",
    "address": "Budapest, Fortuna u. 3, 1014 Hungary",
    "website": "https://pestbudahotel.com/hu/",
    "phone": "+36 1 800 9213",
    "google_url": "https://maps.google.com/?cid=4384851152471825022"
  },
  {
    "city": "Budapest, Hungary",
    "country": "Hungary",
    "name": "Fortuna Boat Hotel Budapest",
    "rating": 4.3,
    "user_ratings_total": 1225,
    "price_level": null,
    "types": [
      "establishment",
      "food",
      "lodging",
      "point_of_interest",
      "restaurant"
    ],
    "lat": 47.5185225,
    "lng": 19.0492436,
    "cribsLikely": true,
    "place_id": "ChIJecax4AfcQUcRrJbnGLAv_-8",
    "address": "Budapest, Budapest, 1137 Budapest, Szent istván park, Pesti alsó rkp., 1138 Hungary",
    "website": "https://fortunaboat.com/en/",
    "phone": "+36 70 770 0402",
    "google_url": "https://maps.google.com/?cid=17293593527504574124"
  },
  {
    "city": "Budapest, Hungary",
    "country": "Hungary",
    "name": "Giselle Vintage Doubles",
    "rating": 4.2,
    "user_ratings_total": 167,
    "price_level": null,
    "types": [
      "establishment",
      "lodging",
      "point_of_interest"
    ],
    "lat": 47.4927869,
    "lng": 19.0554446,
    "cribsLikely": true,
    "place_id": "ChIJ6bReBUTcQUcR0Z6eKM3avq0",
    "address": "Budapest, Ferenciek tere 2, 1053 Hungary",
    "website": "http://gisellebudapest.com/",
    "phone": "+36 1 267 3166",
    "google_url": "https://maps.google.com/?cid=12519684588821192401"
  },
  {
    "city": "Budapest, Hungary",
    "country": "Hungary",
    "name": "MEININGER Budapest Great Market Hall",
    "rating": 4.4,
    "user_ratings_total": 3547,
    "price_level": null,
    "types": [
      "establishment",
      "lodging",
      "point_of_interest"
    ],
    "lat": 47.4858631,
    "lng": 19.0603503,
    "cribsLikely": true,
    "place_id": "ChIJzWyHaFDcQUcRt5PMI7ldEgY",
    "address": "Budapest, Csarnok tér 2, 1093 Hungary",
    "website": "https://www.meininger-hotels.com/en/hotels/budapest/hotel-budapest-great-market-hall/?utm_source=gmb&utm_medium=referral&utm_campaign=BUD-CS&utm_content=website",
    "phone": null,
    "google_url": "https://maps.google.com/?cid=437515163559302071"
  }
]