[
  {
    "city": "Buenos Aires, Argentina",
    "country": "Argentina",
    "name": "InterContinental Buenos Aires by IHG",
    "rating": 4.6,
    "user_ratings_total": 5270,
    "price_level": null,
    "types": [
      "establishment",
      "lodging",
      "point_of_interest"
    ],
    "lat": -34.6114152,
    "lng": -58.3780598,
    "cribsLikely": true,
    "place_id": "ChIJ3bxvG4G9vJURzZimEwVgMdU",
    "address": "Moreno 809, C1091AAQ Cdad. Autónoma de Buenos Aires, Argentina",
    "website": "https://www.ihg.com/intercontinental/hotels/us/en/buenos-aires/bueha/hoteldetail?cm_mmc=GoogleMaps-_-IC-_-AR-_-BUEHA",
    "phone": "+54 11 4340-7100",
    "google_url": "https://maps.google.com/?cid=15362165378858260685"
  },
  {
    "city": "Buenos Aires, Argentina",
    "country": "Argentina",
    "name": "Buenos Aires Marriott",
    "rating": 4.5,
    "user_ratings_total": 7467,
    "price_level": null,
    "types": [
      "establishment",
      "lodging",
      "point_of_interest"
    ],
    "lat": -34.6019041,
    "lng": -58.380725,
    "cribsLikely": true,
    "place_id": "ChIJsy_G6m_IvJURRF8sf5fEL0g",
    "address": "Carlos Pellegrini 551, C1009 Cdad. Autónoma de Buenos Aires, Argentina",
    "website": "https://www.marriott.com/en-us/hotels/buemb-buenos-aires-marriott/overview/?scid=f2ae0541-1279-4f24-b197-a979c79310b0",
    "phone": "+54 11 4348-5000",
    "google_url": "https://maps.google.com/?cid=5201592249588932420"
  },
  {
    "city": "Buenos Aires, Argentina",
    "country": "Argentina",
    "name": "Bristol Hotel Buenos Aires",
    "rating": 4.2,
    "user_ratings_total": 1987,
    "price_level": null,
    "types": [
      "establishment",
      "lodging",
      "point_of_interest"
    ],
    "lat": -34.6052041,
    "lng": -58.38239979999999,
    "cribsLikely": true,
    "place_id": "ChIJ5WG9nc_KvJURPF7S4sgIpdg",
    "address": "Cerrito 286, C1010AAF Cdad. Autónoma de Buenos Aires, Argentina",
    "website": "http://www.hotelbristol.com.ar/",
    "phone": "+54 11 5252-6400",
    "google_url": "https://maps.google.com/?cid=15610893342241611324"
  },
  {
    "city": "Buenos Aires, Argentina",
    "country": "Argentina",
    "name": "Savoy hotel",
    "rating": 4.5,
    "user_ratings_total": 5325,
    "price_level": null,
    "types": [
      "establishment",
      "lodging",
      "point_of_interest"
    ],
    "lat": -34.6070906,
    "lng": -58.39181680000001,
    "cribsLikely": true,
    "place_id": "ChIJYfZOScLKvJURD7VWlTjAK5Q",
    "address": "Av. Callao 181, C1022 Cdad. Autónoma de Buenos Aires, Argentina",
    "website": "http://www.savoyhotel.com.ar/",
    "phone": "+54 11 4370-8000",
    "google_url": "https://maps.google.com/?cid=10676838690868081935"
  },
  {
    "city": "Buenos Aires, Argentina",
    "country": "Argentina",
    "name": "Four Seasons Hotel Buenos Aires",
    "rating": 4.7,
    "user_ratings_total": 8599,
    "price_level": null,
    "types": [
      "establishment",
      "lodging",
      "point_of_interest",
      "spa"
    ],
    "lat": -34.590391,
    "lng": -58.38242949999999,
    "cribsLikely": true,
    "place_id": "ChIJN6Y6fbDKvJUR79f451VNI68",
    "address": "Posadas 1086 88, C1011ABB Cdad. Autónoma de Buenos Aires, Argentina",
    "website": "https://www.fourseasons.com/buenosaires/?utm_source=google&utm_medium=organicsearch&utm_campaign=tor-bue-hre-mid-seo-na&utm_content=na-na&utm_term=na",
    "phone": "+54 11 4321-1200",
    "google_url": "https://maps.google.com/?cid=12620015612181665775"
  },
  {
    "city": "Buenos Aires, Argentina",
    "country": "Argentina",
    "name": "Hotel NH Buenos Aires City",
    "rating": 4.4,
    "user_ratings_total": 6361,
    "price_level": null,
    "types": [
      "establishment",
      "lodging",
      "point_of_interest"
    ],
    "lat": -34.6096906,
    "lng": -58.37287119999999,
    "cribsLikely": true,
    "place_id": "ChIJo23KaNPKvJURK3BsapwMVDU",
    "address": "Bolívar 160, C1066AAD Cdad. Autónoma de Buenos Aires, Argentina",
    "website": "https://www.nh-hotels.com/en/hotel/nh-buenos-aires-city?utm_campaign=local-gmb&utm_medium=organic_search&utm_source=google_gmb",
    "phone": "+54 11 4121-6464",
    "google_url": "https://maps.google.com/?cid=3842710247993798699"
  },
  {
    "city": "Buenos Aires, Argentina",
    "country": "Argentina",
    "name": "Scala Hotel Buenos Aires",
    "rating": 4.6,
    "user_ratings_total": 4739,
    "price_level": null,
    "types": [
      "establishment",
      "lodging",
      "point_of_interest"
    ],
    "lat": -34.61693169999999,
    "lng": -58.3800147,
    "cribsLikely": true,
    "place_id": "ChIJq74x1dfKvJURIn_cs3ilRSE",
    "address": "Bernardo de Irigoyen 740, C1072AAP Cdad. Autónoma de Buenos Aires, Argentina",
    "website": "http://scalabuenosaires.com/",
    "phone": "+54 11 4343-0606",
    "google_url": "https://maps.google.com/?cid=2397504314476887842"
  },
  {
    "city": "Buenos Aires, Argentina",
    "country": "Argentina",
    "name": "Claridge Hotel, Buenos Aires",
    "rating": 4,
    "user_ratings_total": 2786,
    "price_level": null,
    "types": [
      "establishment",
      "lodging",
      "point_of_interest"
    ],
    "lat": -34.6008168,
    "lng": -58.3745287,
    "cribsLikely": true,
    "place_id": "ChIJ-83ph8zKvJUR-zR4427wujA",
    "address": "Tucumán 535, C1049 Cdad. Autónoma de Buenos Aires, Argentina",
    "website": "https://www.eurostarshotels.com/claridge-hotel.html?referer_code=lb0gg00yx&utm_source=google&utm_medium=business&utm_campaign=lb0gg00yx",
    "phone": "+54 11 4319-8000",
    "google_url": "https://maps.google.com/?cid=3511383218542097659"
  },
  {
    "city": "Buenos Aires, Argentina",
    "country": "Argentina",
    "name": "Konke Buenos Aires Hotel",
    "rating": 4.7,
    "user_ratings_total": 1534,
    "price_level": null,
    "types": [
      "establishment",
      "food",
      "lodging",
      "point_of_interest",
      "restaurant"
    ],
    "lat": -34.6027835,
    "lng": -58.42622369999999,
    "cribsLikely": true,
    "place_id": "ChIJVQiHqmXKvJURAbSSVNVcRo0",
    "address": "Av. Corrientes 4320, C1195AAP, C1195 Cdad. Autónoma de Buenos Aires, Argentina",
    "website": "http://www.konkehotel.com/",
    "phone": "+54 11 5284-8300",
    "google_url": "https://maps.google.com/?cid=10179926079034274817"
  },
  {
    "city": "Buenos Aires, Argentina",
    "country": "Argentina",
    "name": "Novotel Buenos Aires",
    "rating": 4.3,
    "user_ratings_total": 2680,
    "price_level": null,
    "types": [
      "establishment",
      "lodging",
      "point_of_interest"
    ],
    "lat": -34.6041022,
    "lng": -58.3857227,
    "cribsLikely": true,
    "place_id": "ChIJB1Di08XKvJURA6aOur-j8BU",
    "address": "Av. Corrientes 1334, C1043ABN Cdad. Autónoma de Buenos Aires, Argentina",
    "website": "https://all.accor.com/lien_externe.svlt?goto=fiche_hotel&code_hotel=6503&merchantid=seo-maps-AR-6503&sourceid=aw-cen&utm_medium=seo%20maps&utm_source=google%20Maps&utm_campaign=seo%20maps",
    "phone": "+54 11 4370-9500",
    "google_url": "https://maps.google.com/?cid=1580943513071035907"
  },
  {
    "city": "Buenos Aires, Argentina",
    "country": "Argentina",
    "name": "HTL 9 de Julio",
    "rating": 4.4,
    "user_ratings_total": 3850,
    "price_level": null,
    "types": [
      "establishment",
      "lodging",
      "point_of_interest"
    ],
    "lat": -34.6108929,
    "lng": -58.3821885,
    "cribsLikely": true,
    "place_id": "ChIJAYV9kdDKvJURBAKbsjnfNoU",
    "address": "Adolfo Alsina 1112, C1088 Cdad. Autónoma de Buenos Aires, Argentina",
    "website": "https://www.htlhoteles.com/htl9dejulio/?utm_source=my-business",
    "phone": "+54 11 7078-0731",
    "google_url": "https://maps.google.com/?cid=9599105094689423876"
  },
  {
    "city": "Buenos Aires, Argentina",
    "country": "Argentina",
    "name": "Midtown Boutique Hotel",
    "rating": 3.5,
    "user_ratings_total": 2842,
    "price_level": null,
    "types": [
      "establishment",
      "lodging",
      "point_of_interest"
    ],
    "lat": -34.6030782,
    "lng": -58.3833004,
    "cribsLikely": true,
    "place_id": "ChIJM97EVc_KvJURm3ukWZgYbX0",
    "address": "Av. Pres. Roque Sáenz Peña 1178, C1035 Cdad. Autónoma de Buenos Aires, Argentina",
    "website": "https://hotels-unique.com/unique-executive-central.html",
    "phone": "+54 11 2078-5140",
    "google_url": "https://maps.google.com/?cid=9037907069820500891"
  }
]