[
  {
    "city": "Cairo, Egypt",
    "country": "Egypt",
    "name": "Ramses Hilton",
    "rating": 4.2,
    "user_ratings_total": 28470,
    "price_level": null,
    "types": [
      "establishment",
      "lodging",
      "point_of_interest"
    ],
    "lat": 30.050365,
    "lng": 31.2320411,
    "cribsLikely": true,
    "place_id": "ChIJN5WigcNAWBQR4U0OSqaz1fE",
    "address": "1115 Nile Corniche, Sharkas, Bulaq, Cairo Governorate 12344, Egypt",
    "website": "https://www.hilton.com/en/hotels/cairhtw-ramses-hilton/?SEO_id=GMB-EMEA-TW-CAIRHTW",
    "phone": "+20 2 25777444",
    "google_url": "https://maps.google.com/?cid=17426031859968396769"
  },
  {
    "city": "Cairo, Egypt",
    "country": "Egypt",
    "name": "cairo casa hostel",
    "rating": 4.8,
    "user_ratings_total": 47,
    "price_level": null,
    "types": [
      "establishment",
      "lodging",
      "point_of_interest"
    ],
    "lat": 30.0494299,
    "lng": 31.2412749,
    "cribsLikely": true,
    "place_id": "ChIJLWbJXdlBWBQRswD1gO3N71M",
    "address": "6 Al Shawarbi, Bab Al Louq, Abdeen, Cairo Governorate 4280151, Egypt",
    "website": null,
    "phone": "+20 12 70452205",
    "google_url": "https://maps.google.com/?cid=6048279244536348851"
  },
  {
    "city": "Cairo, Egypt",
    "country": "Egypt",
    "name": "Atlas International Hotels",
    "rating": 3.8,
    "user_ratings_total": 1353,
    "price_level": null,
    "types": [
      "establishment",
      "lodging",
      "point_of_interest"
    ],
    "lat": 30.04846139999999,
    "lng": 31.2462598,
    "cribsLikely": true,
    "place_id": "ChIJ5_o4HLxAWBQRxv9jXbiOt10",
    "address": "2 Mohammed Roushdy, st، Abdeen, Cairo Governorate 4282013, Egypt",
    "website": "http://atlashotels.ch/",
    "phone": "+20 2 23918127",
    "google_url": "https://maps.google.com/?cid=6753023088757309382"
  },
  {
    "city": "Cairo, Egypt",
    "country": "Egypt",
    "name": "Casablanca Hotel & Suites - فندق كازابلانكا",
    "rating": 4.6,
    "user_ratings_total": 46,
    "price_level": null,
    "types": [
      "establishment",
      "lodging",
      "point_of_interest"
    ],
    "lat": 30.0494437,
    "lng": 31.2395967,
    "cribsLikely": true,
    "place_id": "ChIJp3Aeci9BWBQRGZQYZelwyBs",
    "address": "Downtown، 28 Talaat Harb, Downtwon, معروف، Abdeen, محافظة القاهرة‬ 11518, Egypt",
    "website": "https://www.facebook.com/casablanca.cai",
    "phone": "+20 10 67813421",
    "google_url": "https://maps.google.com/?cid=2001974182091985945"
  },
  {
    "city": "Cairo, Egypt",
    "country": "Egypt",
    "name": "Space Cairo Hostel",
    "rating": 4.8,
    "user_ratings_total": 37,
    "price_level": null,
    "types": [
      "establishment",
      "lodging",
      "point_of_interest"
    ],
    "lat": 30.0459145,
    "lng": 31.2430782,
    "cribsLikely": true,
    "place_id": "ChIJp5sANPlBWBQRuGcBuTJ_oCE",
    "address": "2 gwad hoseny, As Sahah, Abdeen, Cairo Governorate 11513, Egypt",
    "website": null,
    "phone": "+20 2 23950513",
    "google_url": "https://maps.google.com/?cid=2423076455354296248"
  },
  {
    "city": "Cairo, Egypt",
    "country": "Egypt",
    "name": "Four Seasons Hotel Cairo at The First Residence",
    "rating": 4.7,
    "user_ratings_total": 10018,
    "price_level": null,
    "types": [
      "establishment",
      "health",
      "lodging",
      "point_of_interest",
      "spa"
    ],
    "lat": 30.0241939,
    "lng": 31.2167448,
    "cribsLikely": true,
    "place_id": "ChIJh9b52a5BWBQRGPh8hnRv3Tc",
    "address": "35 Giza St, Oula, Al Giza, Giza Governorate 12612, Egypt",
    "website": "https://www.fourseasons.com/cairofr/?utm_source=google&utm_medium=organicsearch&utm_campaign=tor-caf-hre-mid-seo-na&utm_content=na-na&utm_term=na",
    "phone": "+20 2 35671600",
    "google_url": "https://maps.google.com/?cid=4025496188202317848"
  },
  {
    "city": "Cairo, Egypt",
    "country": "Egypt",
    "name": "InterContinental Cairo Semiramis by IHG",
    "rating": 4.8,
    "user_ratings_total": 53393,
    "price_level": null,
    "types": [
      "establishment",
      "lodging",
      "point_of_interest"
    ],
    "lat": 30.042987,
    "lng": 31.2324871,
    "cribsLikely": true,
    "place_id": "ChIJz2GOEc9AWBQRPWWYVRruSq8",
    "address": "Nile Corniche, Qasr Ad Dobarah, Qasr El Nil, Cairo Governorate 11511, Egypt",
    "website": "https://www.ihg.com/intercontinental/hotels/gb/en/cairo/croha/hoteldetail?cm_mmc=GoogleMaps-_-IC-_-EG-_-CROHA",
    "phone": "+20 2 27988000",
    "google_url": "https://maps.google.com/?cid=12631169901786588477"
  },
  {
    "city": "Cairo, Egypt",
    "country": "Egypt",
    "name": "Fairmont Nile City Hotel",
    "rating": 4.7,
    "user_ratings_total": 24942,
    "price_level": null,
    "types": [
      "establishment",
      "food",
      "lodging",
      "point_of_interest",
      "restaurant"
    ],
    "lat": 30.07179009999999,
    "lng": 31.2277359,
    "cribsLikely": true,
    "place_id": "ChIJxxh4BfpAWBQR_OrLU6EDfj8",
    "address": "Nile City Towers 2005 B، Nile Corniche, Boulaq Num.1, Bulaq, Cairo Governorate 11311, Egypt",
    "website": "https://www.fairmont.com/nile-city-cairo/?goto=fiche_hotel&code_hotel=A5E9&merchantid=seo-maps-EG-A5E9&sourceid=aw-cen&utm_medium=seo%20maps&utm_source=google%20Maps&utm_campaign=seo%20maps",
    "phone": "+20 2 24619494",
    "google_url": "https://maps.google.com/?cid=4575098262885493500"
  },
  {
    "city": "Cairo, Egypt",
    "country": "Egypt",
    "name": "Tahrir Plaza Suites",
    "rating": 4.2,
    "user_ratings_total": 451,
    "price_level": null,
    "types": [
      "establishment",
      "lodging",
      "point_of_interest"
    ],
    "lat": 30.0484304,
    "lng": 31.2348203,
    "cribsLikely": true,
    "place_id": "ChIJuXJlo8ZAWBQRE_xbj288dgo",
    "address": "19 Meret Basha, Ismailia, Qasr El Nil, Cairo Governorate 4272110, Egypt",
    "website": "http://www.tahrirplazasuites.com/",
    "phone": "+20 2 25755639",
    "google_url": "https://maps.google.com/?cid=753856437475343379"
  },
  {
    "city": "Cairo, Egypt",
    "country": "Egypt",
    "name": "Tahrir view hotel",
    "rating": 4,
    "user_ratings_total": 137,
    "price_level": null,
    "types": [
      "establishment",
      "lodging",
      "point_of_interest"
    ],
    "lat": 30.0441875,
    "lng": 31.2365625,
    "cribsLikely": true,
    "place_id": "ChIJZ6Wqlu5BWBQRD0U2iF5MuyU",
    "address": "5 El-Tahrir Square, Ad Dawawin, Abdeen, Cairo Governorate 11567, Egypt",
    "website": null,
    "phone": "+20 12 22160186",
    "google_url": "https://maps.google.com/?cid=2718850768944121103"
  },
  {
    "city": "Cairo, Egypt",
    "country": "Egypt",
    "name": "Steigenberger Hotel El Tahrir Cairo",
    "rating": 4.7,
    "user_ratings_total": 20684,
    "price_level": null,
    "types": [
      "establishment",
      "lodging",
      "point_of_interest"
    ],
    "lat": 30.0467285,
    "lng": 31.235259,
    "cribsLikely": true,
    "place_id": "ChIJFwK058ZAWBQRPaVPy7dwbqU",
    "address": "2 Kasr Al Nile, Ismailia, Qasr El Nil, Cairo Governorate 4272102, Egypt",
    "website": "https://hrewards.com/en/steigenberger-hotel-el-tahrir-cairo",
    "phone": "+20 2 25750777",
    "google_url": "https://maps.google.com/?cid=11920589198388602173"
  },
  {
    "city": "Cairo, Egypt",
    "country": "Egypt",
    "name": "Osiris Hotel",
    "rating": 4.1,
    "user_ratings_total": 539,
    "price_level": null,
    "types": [
      "establishment",
      "lodging",
      "point_of_interest"
    ],
    "lat": 30.0426291,
    "lng": 31.24150109999999,
    "cribsLikely": true,
    "place_id": "ChIJ2UDmR0tBWBQRUU-CJDI1cws",
    "address": "49 Noubar St, Bab Al Louq, Abdeen, Cairo Governorate 4280032, Egypt",
    "website": "http://www.osirishotelcairo.com/",
    "phone": "+20 12 76181261",
    "google_url": "https://maps.google.com/?cid=825061646216089425"
  }
]