[
  {
    "city": "Cape Town, South Africa",
    "country": "South Africa",
    "name": "Sabbath Lodge VIP",
    "rating": 4.3,
    "user_ratings_total": 6,
    "price_level": null,
    "types": [
      "establishment",
      "lodging",
      "point_of_interest"
    ],
    "lat": -33.9000154,
    "lng": 18.6444054,
    "cribsLikely": true,
    "place_id": "ChIJb7xPelhRzB0RKnlKwIgWSLE",
    "address": "5 Scharmberg St, Belgravia, Cape Town, 7530, South Africa",
    "website": null,
    "phone": "+27 73 918 8166",
    "google_url": "https://maps.google.com/?cid=12774485119633881386"
  },
  {
    "city": "Cape Town, South Africa",
    "country": "South Africa",
    "name": "Lagoon Beach Hotel & Spa",
    "rating": 4.3,
    "user_ratings_total": 7453,
    "price_level": null,
    "types": [
      "establishment",
      "lodging",
      "point_of_interest"
    ],
    "lat": -33.8925909,
    "lng": 18.4832667,
    "cribsLikely": true,
    "place_id": "ChIJZZZ11C5czB0R-ZhSGcVlyeQ",
    "address": "1 Lagoon Gate Drive, Lagoon Beach, Kaapstad, 7441, South Africa",
    "website": "http://www.lagoonbeachhotel.co.za/",
    "phone": "+27 21 528 2000",
    "google_url": "https://maps.google.com/?cid=16485819808174217465"
  },
  {
    "city": "Cape Town, South Africa",
    "country": "South Africa",
    "name": "The Vineyard",
    "rating": 4.6,
    "user_ratings_total": 4689,
    "price_level": null,
    "types": [
      "cafe",
      "establishment",
      "food",
      "gym",
      "health",
      "lodging",
      "point_of_interest",
      "restaurant",
      "spa"
    ],
    "lat": -33.979044,
    "lng": 18.4586993,
    "cribsLikely": true,
    "place_id": "ChIJW79dPsxCzB0R1o6l4o5o1jA",
    "address": "Colinton Rd, Newlands, Cape Town, 7700, South Africa",
    "website": "http://www.vineyard.co.za/",
    "phone": "+27 21 657 4500",
    "google_url": "https://maps.google.com/?cid=3519115121733766870"
  },
  {
    "city": "Cape Town, South Africa",
    "country": "South Africa",
    "name": "The Bay Hotel",
    "rating": 4.5,
    "user_ratings_total": 1505,
    "price_level": null,
    "types": [
      "establishment",
      "lodging",
      "point_of_interest"
    ],
    "lat": -33.9525587,
    "lng": 18.378216,
    "cribsLikely": true,
    "place_id": "ChIJQzk05FJmzB0RD-Q5NbUR-7U",
    "address": "69 Victoria Rd, Camps Bay, Cape Town, 8001, South Africa",
    "website": "https://thebayhotel.com/",
    "phone": "+27 21 430 4444",
    "google_url": "https://maps.google.com/?cid=13113094209999070223"
  },
  {
    "city": "Cape Town, South Africa",
    "country": "South Africa",
    "name": "Camps Bay Retreat",
    "rating": 4.4,
    "user_ratings_total": 586,
    "price_level": null,
    "types": [
      "establishment",
      "lodging",
      "point_of_interest"
    ],
    "lat": -33.9463899,
    "lng": 18.3803024,
    "cribsLikely": true,
    "place_id": "ChIJV9SEmdBnzB0RWTn2Pxja2d4",
    "address": "7 Chilworth Rd, Camps Bay, Cape Town, 8040, South Africa",
    "website": "http://www.campsbayretreat.com/",
    "phone": "+27 21 437 8300",
    "google_url": "https://maps.google.com/?cid=16058105744053385561"
  },
  {
    "city": "Cape Town, South Africa",
    "country": "South Africa",
    "name": "Taj Cape Town",
    "rating": 4.6,
    "user_ratings_total": 3811,
    "price_level": null,
    "types": [
      "bar",
      "establishment",
      "food",
      "lodging",
      "point_of_interest",
      "restaurant",
      "spa"
    ],
    "lat": -33.9244079,
    "lng": 18.4197954,
    "cribsLikely": true,
    "place_id": "ChIJf87R9mRnzB0RYL4W8SzIR28",
    "address": "1 Wale Street corner Saint Georges Mall, Wale St, Cape Town City Centre, Cape Town, 8000, South Africa",
    "website": "https://www.tajhotels.com/en-in/hotels/taj-cape-town/?utm_medium=Local&utm_source=Google&utm_campaign=taj-cape-town",
    "phone": "+27 21 819 2000",
    "google_url": "https://maps.google.com/?cid=8018597756905373280"
  },
  {
    "city": "Cape Town, South Africa",
    "country": "South Africa",
    "name": "Atlanticview Cape Town Boutique Hotel",
    "rating": 4.8,
    "user_ratings_total": 288,
    "price_level": null,
    "types": [
      "establishment",
      "lodging",
      "point_of_interest"
    ],
    "lat": -33.9595851,
    "lng": 18.3852805,
    "cribsLikely": true,
    "place_id": "ChIJNyF9BbRnzB0RYyDLbo1lrl4",
    "address": "31 Francolin Rd, Camps Bay, Cape Town, 8005, South Africa",
    "website": "http://www.atlanticviewcapetown.com/",
    "phone": "+27 63 959 7983",
    "google_url": "https://maps.google.com/?cid=6822502143636480099"
  },
  {
    "city": "Cape Town, South Africa",
    "country": "South Africa",
    "name": "The President Hotel",
    "rating": 4.4,
    "user_ratings_total": 4717,
    "price_level": null,
    "types": [
      "bar",
      "cafe",
      "establishment",
      "food",
      "lodging",
      "point_of_interest",
      "restaurant",
      "spa"
    ],
    "lat": -33.9231822,
    "lng": 18.3796244,
    "cribsLikely": true,
    "place_id": "ChIJx_0XoxJnzB0Rcl1yAPvVaEk",
    "address": "4 Alexander Rd, Bantry Bay, Cape Town, 8001, South Africa",
    "website": "https://www.presidenthotel.co.za/",
    "phone": "+27 21 434 8111",
    "google_url": "https://maps.google.com/?cid=5289713036367650162"
  },
  {
    "city": "Cape Town, South Africa",
    "country": "South Africa",
    "name": "Blouberg Beach Retreat",
    "rating": 4.6,
    "user_ratings_total": 2245,
    "price_level": null,
    "types": [
      "establishment",
      "lodging",
      "point_of_interest"
    ],
    "lat": -33.8161656,
    "lng": 18.4825566,
    "cribsLikely": true,
    "place_id": "ChIJPR780IlfzB0Rg2ePiEiBf9k",
    "address": "27 Dipidax Rd, Table View, City Town, 7441, South Africa",
    "website": null,
    "phone": "+27 63 186 7290",
    "google_url": "https://maps.google.com/?cid=15672387376801343363"
  },
  {
    "city": "Cape Town, South Africa",
    "country": "South Africa",
    "name": "Home Suite Hotels Sea Point",
    "rating": 4.8,
    "user_ratings_total": 251,
    "price_level": null,
    "types": [
      "establishment",
      "lodging",
      "point_of_interest"
    ],
    "lat": -33.9111378,
    "lng": 18.3981819,
    "cribsLikely": true,
    "place_id": "ChIJ2c2CIEdnzB0R3tndMUGdJ0A",
    "address": "2 Main Dr, Sea Point, Cape Town, 8005, South Africa",
    "website": "https://www.homesuitehotels.com/sea-point",
    "phone": "+27 21 203 3447",
    "google_url": "https://maps.google.com/?cid=4622836445854161374"
  },
  {
    "city": "Cape Town, South Africa",
    "country": "South Africa",
    "name": "Somerset Nest Lodge",
    "rating": 5,
    "user_ratings_total": 4,
    "price_level": null,
    "types": [
      "establishment",
      "lodging",
      "point_of_interest"
    ],
    "lat": -34.07579279999999,
    "lng": 18.8266011,
    "cribsLikely": true,
    "place_id": "ChIJwQIOXq61zR0RIExo7sHQcTA",
    "address": "43 Pintail Way, Somerset Ridge, Cape Town, 7130, South Africa",
    "website": "https://somersetnest.co.za/",
    "phone": "+27 79 544 7060",
    "google_url": "https://maps.google.com/?cid=3490800717535923232"
  },
  {
    "city": "Cape Town, South Africa",
    "country": "South Africa",
    "name": "Latitude Aparthotel by Totalstay",
    "rating": 4.7,
    "user_ratings_total": 357,
    "price_level": null,
    "types": [
      "establishment",
      "lodging",
      "point_of_interest"
    ],
    "lat": -33.9224183,
    "lng": 18.3811217,
    "cribsLikely": true,
    "place_id": "ChIJuUTf7x9nzB0RZ7F5oE4NeLs",
    "address": "2 Kings Rd, Sea Point, Cape Town, 8060, South Africa",
    "website": "https://www.totalstay.co.za/latitude-aparthotel/",
    "phone": "+27 21 286 2738",
    "google_url": "https://maps.google.com/?cid=13508561713648742759"
  }
]