[
  {
    "city": "Chiang Mai, Thailand",
    "country": "Thailand",
    "name": "Shangri-La Chiang Mai",
    "rating": 4.6,
    "user_ratings_total": 3923,
    "price_level": null,
    "types": [
      "establishment",
      "lodging",
      "point_of_interest"
    ],
    "lat": 18.7783217,
    "lng": 99.0002224,
    "cribsLikely": true,
    "place_id": "ChIJa6MKTwgw2jAR87UK8NeGSPM",
    "address": "89/8 Changklan Rd, Tambon Chang Khlan, Amphoe Mueang Chiang Mai, Chang Wat Chiang Mai 50100, Thailand",
    "website": "https://www.shangri-la.com/chiangmai/shangrila/",
    "phone": "+66 53 253 888",
    "google_url": "https://maps.google.com/?cid=17530409811542980083"
  },
  {
    "city": "Chiang Mai, Thailand",
    "country": "Thailand",
    "name": "Buri Sriping Riverside Resort & Spa",
    "rating": 4.8,
    "user_ratings_total": 309,
    "price_level": null,
    "types": [
      "establishment",
      "lodging",
      "point_of_interest"
    ],
    "lat": 18.8079712,
    "lng": 99.0046029,
    "cribsLikely": true,
    "place_id": "ChIJXU0X5EU72jARKsyttQ2MOPo",
    "address": "เลขที่ 431 ถนน เจริญราษฎร์ Tambon Fa Ham, Amphoe Mueang Chiang Mai, Chang Wat Chiang Mai 50000, Thailand",
    "website": null,
    "phone": "+66 52 001 437",
    "google_url": "https://maps.google.com/?cid=18030315098688310314"
  },
  {
    "city": "Chiang Mai, Thailand",
    "country": "Thailand",
    "name": "Rainforest Chiangmai Hotel",
    "rating": 4.1,
    "user_ratings_total": 630,
    "price_level": null,
    "types": [
      "establishment",
      "lodging",
      "point_of_interest"
    ],
    "lat": 18.7827918,
    "lng": 99.02023299999999,
    "cribsLikely": true,
    "place_id": "ChIJBZXFw1Yl2jARsC6_JZVhbk0",
    "address": "23, 1 Charoen Muang Rd Soi 5, Tambon Tha Sala, Amphoe Mueang Chiang Mai, Chang Wat Chiang Mai 50000, Thailand",
    "website": "http://www.chiangmairainforest.com/",
    "phone": "+66 53 309 081",
    "google_url": "https://maps.google.com/?cid=5579504281569930928"
  },
  {
    "city": "Chiang Mai, Thailand",
    "country": "Thailand",
    "name": "U Chiang Mai Hotel",
    "rating": 4.8,
    "user_ratings_total": 1692,
    "price_level": null,
    "types": [
      "establishment",
      "lodging",
      "point_of_interest"
    ],
    "lat": 18.7883369,
    "lng": 98.98708060000001,
    "cribsLikely": true,
    "place_id": "ChIJ7VK2N6I62jARPOWeKaVUTHQ",
    "address": "70 Rachadamnoen Rd, Tambon Si Phum, Amphoe Mueang Chiang Mai, Chang Wat Chiang Mai 50200, Thailand",
    "website": "https://www.uhotelsresorts.com/uchiangmai/",
    "phone": "+66 53 327 000",
    "google_url": "https://maps.google.com/?cid=8380166074974266684"
  },
  {
    "city": "Chiang Mai, Thailand",
    "country": "Thailand",
    "name": "The Chiang Mai OLD TOWN Hotel",
    "rating": 4.7,
    "user_ratings_total": 369,
    "price_level": null,
    "types": [
      "establishment",
      "lodging",
      "point_of_interest"
    ],
    "lat": 18.7858669,
    "lng": 98.97873159999999,
    "cribsLikely": true,
    "place_id": "ChIJB4ZtP4M62jARzWkW-KBbcsk",
    "address": "184 Ratchamanka Rd, Tambon Si Phum, Amphoe Mueang Chiang Mai, Chang Wat Chiang Mai 50200, Thailand",
    "website": "http://thechiangmai.com/oldtown",
    "phone": "+66 53 278 780",
    "google_url": "https://maps.google.com/?cid=14515765295883643341"
  },
  {
    "city": "Chiang Mai, Thailand",
    "country": "Thailand",
    "name": "Si Phum Heritage Boutique Chiang Mai",
    "rating": 4.5,
    "user_ratings_total": 251,
    "price_level": null,
    "types": [
      "establishment",
      "lodging",
      "point_of_interest"
    ],
    "lat": 18.7962818,
    "lng": 98.9931246,
    "cribsLikely": true,
    "place_id": "ChIJR-mGsb062jARB9XCL9z9K3g",
    "address": "14/34 ถนน มณีนพรัตน์ ซอย 1 ตำบล ศรีภูมิ อำเภอ เมืองเชียงใหม่ Chang Wat Chiang Mai 50200, Thailand",
    "website": "https://siphumheritageboutiquechiangmai.thailandhotels.site/en/",
    "phone": "+66 62 595 4926",
    "google_url": "https://maps.google.com/?cid=8659293830685840647"
  },
  {
    "city": "Chiang Mai, Thailand",
    "country": "Thailand",
    "name": "Hotel M Chiang Mai",
    "rating": 4.1,
    "user_ratings_total": 497,
    "price_level": null,
    "types": [
      "establishment",
      "lodging",
      "point_of_interest"
    ],
    "lat": 18.7880601,
    "lng": 98.9930402,
    "cribsLikely": true,
    "place_id": "ChIJHSUTk5s62jARfNe1YlCRbNc",
    "address": "2, 6 Rachadamnoen Rd, Tambon Si Phum, Amphoe Mueang Chiang Mai, Chang Wat Chiang Mai 50200, Thailand",
    "website": "https://www.hotelmchiangmai.com/",
    "phone": "+66 53 211 069",
    "google_url": "https://maps.google.com/?cid=15522941790078752636"
  },
  {
    "city": "Chiang Mai, Thailand",
    "country": "Thailand",
    "name": "At Chiang Mai - SHA Extra Plus",
    "rating": 4.4,
    "user_ratings_total": 438,
    "price_level": null,
    "types": [
      "bar",
      "establishment",
      "food",
      "lodging",
      "point_of_interest",
      "restaurant"
    ],
    "lat": 18.790718,
    "lng": 98.9892002,
    "cribsLikely": true,
    "place_id": "ChIJpzyWQ5g62jARSYhronU6dJU",
    "address": "77 Ratvithi Rd, Sripoom, Amphoe Mueang Chiang Mai, Chang Wat Chiang Mai 50200, Thailand",
    "website": "http://atchiangmaihotel.com/",
    "phone": "+66 53 226 608",
    "google_url": "https://maps.google.com/?cid=10769296885860239433"
  },
  {
    "city": "Chiang Mai, Thailand",
    "country": "Thailand",
    "name": "Meliá Chiang Mai",
    "rating": 4.7,
    "user_ratings_total": 1299,
    "price_level": null,
    "types": [
      "establishment",
      "lodging",
      "point_of_interest"
    ],
    "lat": 18.7853273,
    "lng": 99.0028658,
    "cribsLikely": true,
    "place_id": "ChIJ003nVK472jAR366QO3FQtE0",
    "address": "48 Charoen Prathet Rd, Tambon Chang Khlan, Amphoe Mueang Chiang Mai, Chang Wat Chiang Mai 50100, Thailand",
    "website": "https://www.melia.com/en/hotels/thailand/chiang-mai/melia-chiang-mai?utm_campaign=google&utm_content=5771&utm_medium=organic&utm_source=directories",
    "phone": "+66 52 090 699",
    "google_url": "https://maps.google.com/?cid=5599188683989233375"
  },
  {
    "city": "Chiang Mai, Thailand",
    "country": "Thailand",
    "name": "Anodard Hotel Chiang Mai",
    "rating": 3.3,
    "user_ratings_total": 325,
    "price_level": null,
    "types": [
      "establishment",
      "lodging",
      "point_of_interest"
    ],
    "lat": 18.7851388,
    "lng": 98.9897106,
    "cribsLikely": true,
    "place_id": "ChIJS_lG6KE62jARjjJ0uTJnUmk",
    "address": "57, 59 Ratchamanka Rd, พระสิงห์ Amphoe Mueang Chiang Mai, Chang Wat Chiang Mai 50200, Thailand",
    "website": null,
    "phone": "+66 53 270 756",
    "google_url": "https://maps.google.com/?cid=7589241789630132878"
  },
  {
    "city": "Chiang Mai, Thailand",
    "country": "Thailand",
    "name": "Amora Hotel Chiang Mai",
    "rating": 4.3,
    "user_ratings_total": 2098,
    "price_level": null,
    "types": [
      "establishment",
      "lodging",
      "point_of_interest"
    ],
    "lat": 18.7896086,
    "lng": 98.99387039999999,
    "cribsLikely": true,
    "place_id": "ChIJfy9mocY5UDARufxfjeHOWIA",
    "address": "22 Chaiyapoom Rd, Tambon Chang Moi, Amphoe Mueang Chiang Mai, Chang Wat Chiang Mai 50300, Thailand",
    "website": "https://www.amorahotels.com/amora-tapae-hotel-chiang-mai",
    "phone": "+66 53 251 531",
    "google_url": "https://maps.google.com/?cid=9248369302940155065"
  },
  {
    "city": "Chiang Mai, Thailand",
    "country": "Thailand",
    "name": "Raya Heritage",
    "rating": 4.7,
    "user_ratings_total": 548,
    "price_level": null,
    "types": [
      "establishment",
      "lodging",
      "point_of_interest"
    ],
    "lat": 18.8486074,
    "lng": 98.98525769999999,
    "cribsLikely": true,
    "place_id": "ChIJieYgBzM82jARGOIe2G6_Bbo",
    "address": "157, Tambon Don Kaeo, Amphoe Mae Rim, Chang Wat Chiang Mai 50180, Thailand",
    "website": "http://www.rayaheritage.com/",
    "phone": "+66 53 111 670",
    "google_url": "https://maps.google.com/?cid=13404330348731359768"
  }
]