[
  {
    "city": "Chicago, USA",
    "country": "United States",
    "name": "Holiday Inn & Suites Chicago North Shore (Skokie) by IHG",
    "rating": 3.6,
    "user_ratings_total": 2638,
    "price_level": null,
    "types": [
      "establishment",
      "lodging",
      "point_of_interest"
    ],
    "lat": 42.012699,
    "lng": -87.76030399999999,
    "cribsLikely": true,
    "place_id": "ChIJXyNwp97OD4gRpLsjgq0_FeM",
    "address": "5300 W Touhy Ave, Skokie, IL 60077, USA",
    "website": "https://www.ihg.com/holidayinn/hotels/us/en/skokie/chisk/hoteldetail?cm_mmc=GoogleMaps-_-HI-_-US-_-CHISK",
    "phone": "+1 847-679-8900",
    "google_url": "https://maps.google.com/?cid=16363054835565837220"
  },
  {
    "city": "Chicago, USA",
    "country": "United States",
    "name": "Holiday Inn Chicago-Elk Grove, an IHG Hotel",
    "rating": 3.6,
    "user_ratings_total": 1734,
    "price_level": null,
    "types": [
      "establishment",
      "lodging",
      "point_of_interest"
    ],
    "lat": 42.010528,
    "lng": -87.96071700000002,
    "cribsLikely": true,
    "place_id": "ChIJL5icbxqxD4gRqLQNHUdOJRo",
    "address": "1000 Busse Rd, Elk Grove Village, IL 60007, USA",
    "website": "https://www.ihg.com/holidayinn/hotels/us/en/elk-grove-village/chieg/hoteldetail?cm_mmc=GoogleMaps-_-HI-_-US-_-CHIEG",
    "phone": "+1 847-437-6010",
    "google_url": "https://maps.google.com/?cid=1883998086461502632"
  },
  {
    "city": "Chicago, USA",
    "country": "United States",
    "name": "Days Inn by Wyndham Calumet Park",
    "rating": 3,
    "user_ratings_total": 705,
    "price_level": null,
    "types": [
      "establishment",
      "lodging",
      "point_of_interest"
    ],
    "lat": 41.6610604,
    "lng": -87.66136519999999,
    "cribsLikely": true,
    "place_id": "ChIJVVXlPYEkDogRCJhGfCgPErc",
    "address": "12800 S Ashland Ave, Calumet Park, IL 60827, USA",
    "website": "https://www.wyndhamhotels.com/days-inn/calumet-park-illinois/days-inn-calumet-park/overview?CID=LC:iqv0j1dklijly45:50698&iata=00093796",
    "phone": "+1 708-897-2456",
    "google_url": "https://maps.google.com/?cid=13191622925079713800"
  },
  {
    "city": "Chicago, USA",
    "country": "United States",
    "name": "Fairfield by Marriott Inn & Suites Chicago Midway Airport",
    "rating": 4,
    "user_ratings_total": 707,
    "price_level": null,
    "types": [
      "establishment",
      "lodging",
      "point_of_interest"
    ],
    "lat": 41.7722223,
    "lng": -87.74367769999999,
    "cribsLikely": true,
    "place_id": "ChIJ4efn4PswDogRlyPq55S1rzQ",
    "address": "6630 S Cicero Ave, Bedford Park, IL 60638, USA",
    "website": "https://www.marriott.com/en-us/hotels/chimd-fairfield-inn-and-suites-chicago-midway-airport/overview/?scid=f2ae0541-1279-4f24-b197-a979c79310b0",
    "phone": "+1 708-594-0090",
    "google_url": "https://maps.google.com/?cid=3796452662047286167"
  },
  {
    "city": "Chicago, USA",
    "country": "United States",
    "name": "Extended Stay America- Suites- Chicago - Skokie",
    "rating": 3.6,
    "user_ratings_total": 740,
    "price_level": null,
    "types": [
      "establishment",
      "lodging",
      "point_of_interest"
    ],
    "lat": 42.0611046,
    "lng": -87.7574365,
    "cribsLikely": true,
    "place_id": "ChIJNVmkCvPFD4gRiUPisMEKULY",
    "address": "5211 Old Orchard Rd, Skokie, IL 60077, USA",
    "website": "https://www.extendedstayamerica.com/hotels/il/chicago/skokie?channel=gmb-listing&utm_source=google&utm_medium=organic&utm_campaign=gmb_listing",
    "phone": "+1 847-663-9031",
    "google_url": "https://maps.google.com/?cid=13137011940052321161"
  },
  {
    "city": "Chicago, USA",
    "country": "United States",
    "name": "Hilton Garden Inn Chicago OHare Airport",
    "rating": 4.3,
    "user_ratings_total": 2091,
    "price_level": null,
    "types": [
      "establishment",
      "lodging",
      "point_of_interest"
    ],
    "lat": 42.0007335,
    "lng": -87.8645445,
    "cribsLikely": true,
    "place_id": "ChIJhz8-xSK2D4gRjh5geekDP4I",
    "address": "2930 S River Rd, Des Plaines, IL 60018, USA",
    "website": "https://www.hilton.com/en/hotels/ordchgi-hilton-garden-inn-chicago-ohare-airport/?SEO_id=GMB-AMER-GI-ORDCHGI&y_source=1_MjA4MzUwMy03MTUtbG9jYXRpb24ud2Vic2l0ZQ%3D%3D",
    "phone": "+1 847-296-8900",
    "google_url": "https://maps.google.com/?cid=9385224449762008718"
  },
  {
    "city": "Chicago, USA",
    "country": "United States",
    "name": "Hilton Orrington/Evanston",
    "rating": 3.8,
    "user_ratings_total": 1467,
    "price_level": null,
    "types": [
      "establishment",
      "lodging",
      "point_of_interest"
    ],
    "lat": 42.0489899,
    "lng": -87.6807006,
    "cribsLikely": true,
    "place_id": "ChIJVdSTYgzQD4gRbzIjM9fLL3k",
    "address": "1710 Orrington Ave, Evanston, IL 60201, USA",
    "website": "https://www.hilton.com/en/hotels/ordoehf-hilton-orrington-evanston/?SEO_id=GMB-AMER-HH-ORDOEHF&y_source=1_MTIyMDgwNC03MTUtbG9jYXRpb24ud2Vic2l0ZQ%3D%3D",
    "phone": "+1 847-866-8700",
    "google_url": "https://maps.google.com/?cid=8732422327631032943"
  },
  {
    "city": "Chicago, USA",
    "country": "United States",
    "name": "SOPHY - Hyde Park",
    "rating": 4.5,
    "user_ratings_total": 829,
    "price_level": null,
    "types": [
      "bar",
      "establishment",
      "food",
      "lodging",
      "point_of_interest",
      "restaurant"
    ],
    "lat": 41.7993353,
    "lng": -87.59140269999999,
    "cribsLikely": true,
    "place_id": "ChIJZ1kPzG0pDogRXC1a9kqDczQ",
    "address": "1411 E 53rd St, Chicago, IL 60615, USA",
    "website": "https://sophyhotel.com/?utm_source=gmblisting&utm_medium=organic",
    "phone": "+1 773-289-1003",
    "google_url": "https://maps.google.com/?cid=3779508870277901660"
  },
  {
    "city": "Chicago, USA",
    "country": "United States",
    "name": "Motel 6 Schiller Park, IL - Chicago O'Hare",
    "rating": 3.9,
    "user_ratings_total": 4328,
    "price_level": null,
    "types": [
      "establishment",
      "lodging",
      "point_of_interest"
    ],
    "lat": 41.9665444,
    "lng": -87.86304469999999,
    "cribsLikely": true,
    "place_id": "ChIJe6UupfG1D4gRryX1PwIfWGM",
    "address": "9408 Lawrence Ave, Schiller Park, IL 60176, USA",
    "website": "https://www.motel6.com/en/home/motels.il.schillerpark.9141.html?lid=Local_Milestone_9141&travelAgentNumber=TA001305&corporatePlusNumber=CP792N5W&utm_source=google%20my%20business&utm_medium=listing&utm_campaign=visit%20website",
    "phone": "+1 847-500-0112",
    "google_url": "https://maps.google.com/?cid=7158505702228829615"
  },
  {
    "city": "Chicago, USA",
    "country": "United States",
    "name": "Hampton Inn Chicago North-Loyola Station",
    "rating": 4.4,
    "user_ratings_total": 1160,
    "price_level": null,
    "types": [
      "establishment",
      "lodging",
      "point_of_interest"
    ],
    "lat": 42.0023762,
    "lng": -87.6612049,
    "cribsLikely": true,
    "place_id": "ChIJlYuNWKbRD4gRFHp7A1deoFw",
    "address": "1209 W Albion Ave, Chicago, IL 60626, USA",
    "website": "https://www.hilton.com/en/hotels/chiyohx-hampton-chicago-north-loyola-station/?SEO_id=GMB-AMER-HX-CHIYOHX&y_source=1_MzgxMDg4OS03MTUtbG9jYXRpb24ud2Vic2l0ZQ%3D%3D",
    "phone": "+1 312-265-5800",
    "google_url": "https://maps.google.com/?cid=6674438375576664596"
  },
  {
    "city": "Chicago, USA",
    "country": "United States",
    "name": "Marriott Chicago O’Hare",
    "rating": 4.1,
    "user_ratings_total": 2599,
    "price_level": null,
    "types": [
      "establishment",
      "lodging",
      "point_of_interest"
    ],
    "lat": 41.9855138,
    "lng": -87.84118989999999,
    "cribsLikely": true,
    "place_id": "ChIJ4d_FDPHJD4gRg4Cu4_HZFNg",
    "address": "8535 W Higgins Rd, Chicago, IL 60631, USA",
    "website": "https://www.marriott.com/en-us/hotels/chiap-marriott-chicago-ohare/overview/?scid=f2ae0541-1279-4f24-b197-a979c79310b0",
    "phone": "+1 773-693-4444",
    "google_url": "https://maps.google.com/?cid=15570309444656857219"
  },
  {
    "city": "Chicago, USA",
    "country": "United States",
    "name": "Hilton Rosemont/Chicago O'Hare",
    "rating": 4.2,
    "user_ratings_total": 2600,
    "price_level": null,
    "types": [
      "establishment",
      "lodging",
      "point_of_interest"
    ],
    "lat": 41.9799029,
    "lng": -87.8633308,
    "cribsLikely": true,
    "place_id": "ChIJkQT6kAe2D4gRvEs6UrwVqJ0",
    "address": "5550 N River Rd, Rosemont, IL 60018, USA",
    "website": "https://www.hilton.com/en/hotels/ordhrhh-hilton-rosemont-chicago-ohare/?SEO_id=GMB-AMER-HH-ORDHRHH&y_source=1_MTIyMDkyOS03MTUtbG9jYXRpb24ud2Vic2l0ZQ%3D%3D",
    "phone": "+1 847-678-4488",
    "google_url": "https://maps.google.com/?cid=11360353958619663292"
  }
]