[
  {
    "city": "China",
    "country": "China",
    "name": "Crystal Hotel",
    "rating": 4.5,
    "user_ratings_total": 2,
    "price_level": null,
    "types": [
      "establishment",
      "lodging",
      "point_of_interest"
    ],
    "lat": 23.1234,
    "lng": 113.958296,
    "cribsLikely": true,
    "place_id": "ChIJgzj-FH56AzQRhsfi4jBFtLc",
    "address": "China, Guang Dong Sheng, Hui Zhou Shi, Bo Luo Xian, Qiao Bei Lu, 桥北路 邮政编码: 516123",
    "website": "https://hotels.wingontravel.com/detail-boluo-21728-1478441/crystal-hotel/",
    "phone": "+86 752 618 1818",
    "google_url": "https://maps.google.com/?cid=13237281281015990150"
  },
  {
    "city": "China",
    "country": "China",
    "name": "Four Seasons Hotel Hangzhou At West Lake",
    "rating": 4.7,
    "user_ratings_total": 103,
    "price_level": null,
    "types": [
      "establishment",
      "lodging",
      "point_of_interest"
    ],
    "lat": 30.2512721,
    "lng": 120.1276479,
    "cribsLikely": true,
    "place_id": "ChIJ576mGStjSzQRtr13SnqAvO4",
    "address": "5 Ling Yin Lu, Xi Hu Qu, Hang Zhou Shi, Zhe Jiang Sheng, China, 310058",
    "website": "https://www.fourseasons.com/zh/hangzhou/",
    "phone": "+86 571 8829 8888",
    "google_url": "https://maps.google.com/?cid=17202765939372178870"
  },
  {
    "city": "China",
    "country": "China",
    "name": "LN Hotel Five",
    "rating": 4.3,
    "user_ratings_total": 32,
    "price_level": null,
    "types": [
      "establishment",
      "lodging",
      "point_of_interest"
    ],
    "lat": 23.1155952,
    "lng": 113.2741602,
    "cribsLikely": true,
    "place_id": "ChIJ8SiOKr_4AjQRPJldtHJdQyg",
    "address": "277 Yan Jiang Zhong Lu, Yue Xiu Qu, Guang Zhou Shi, Guang Dong Sheng, China, 510110",
    "website": "https://lingnanhotelfive.com/cn/home.php",
    "phone": "+86 20 8931 0505",
    "google_url": "https://maps.google.com/?cid=2901265332190419260"
  },
  {
    "city": "China",
    "country": "China",
    "name": "Aiqun Hotel",
    "rating": 4.1,
    "user_ratings_total": 36,
    "price_level": null,
    "types": [
      "establishment",
      "lodging",
      "point_of_interest"
    ],
    "lat": 23.109568,
    "lng": 113.257163,
    "cribsLikely": true,
    "place_id": "ChIJn2XfKJr4AjQRygtpfTTeDPA",
    "address": "113 Yan Jiang Xi Lu, Yue Xiu Qu, Guang Zhou Shi, Guang Dong Sheng, China, 510123",
    "website": "http://www.aiqun-hotel.com/cn/photos/",
    "phone": "+86 20 8186 6668",
    "google_url": "https://maps.google.com/?cid=17297444585846934474"
  },
  {
    "city": "China",
    "country": "China",
    "name": "Hilton Chongqing",
    "rating": 4.4,
    "user_ratings_total": 116,
    "price_level": null,
    "types": [
      "establishment",
      "lodging",
      "point_of_interest"
    ],
    "lat": 29.5615682,
    "lng": 106.5559358,
    "cribsLikely": true,
    "place_id": "ChIJ_eYbH7s0kzYRF1FXh8KmY3Q",
    "address": "139 Zhong Shan San Lu, Yu Zhong Qu, Chong Qing Shi, China, 400015",
    "website": "https://www.hilton.com.cn/zh-cn/hotel/Chongqing/hilton-Chongqing-CKGHIHI/index.html",
    "phone": "+86 23 8903 9999",
    "google_url": "https://maps.google.com/?cid=8386730285518508311"
  },
  {
    "city": "China",
    "country": "China",
    "name": "Yangshuo Sudder Street Guesthouse",
    "rating": 4.6,
    "user_ratings_total": 51,
    "price_level": null,
    "types": [
      "establishment",
      "lodging",
      "point_of_interest"
    ],
    "lat": 24.7886905,
    "lng": 110.4897132,
    "cribsLikely": true,
    "place_id": "ChIJgRl1uZGvpTYRHfOdJiArTk4",
    "address": "Yangshuo County, Guilin, China, 541900",
    "website": null,
    "phone": "+86 157 7739 1630",
    "google_url": "https://maps.google.com/?cid=5642494800228643613"
  },
  {
    "city": "China",
    "country": "China",
    "name": "Radisson Blu Hotel Kashgar",
    "rating": 4.4,
    "user_ratings_total": 19,
    "price_level": null,
    "types": [
      "establishment",
      "lodging",
      "point_of_interest"
    ],
    "lat": 39.44799,
    "lng": 76.00312,
    "cribsLikely": true,
    "place_id": "ChIJgx_CNwHqkjgRmZZ88BnDmlI",
    "address": "No. 2, Duolaitebage Road, 喀什市喀什地区新疆维吾尔自治区 China, 844000",
    "website": "https://www.radissonhotels.com/zh-cn/hotels/radisson-blu-kashgar?checkInDate=2025-08-29&checkOutDate=2025-08-30&searchType=lowest&promotionCode=&voucher=&memberOnlyRatesHotelCodes=CNXJKAS1&adults%5B%5D=2&children%5B%5D=0&aoc%5B%5D=",
    "phone": "+86 998 268 8888",
    "google_url": "https://maps.google.com/?cid=5952284373699827353"
  },
  {
    "city": "China",
    "country": "China",
    "name": "Chengdu Lazybones Hostel Boutique Poshpacker",
    "rating": 4.4,
    "user_ratings_total": 25,
    "price_level": null,
    "types": [
      "establishment",
      "lodging",
      "point_of_interest"
    ],
    "lat": 30.67721,
    "lng": 104.078364,
    "cribsLikely": true,
    "place_id": "ChIJgeGsCDPb7zYRzURIy0ITkHE",
    "address": "China, Cheng Du Shi, Jin Niu Qu, CN 四川省 成都市 金牛区 星辉西路2号附9号 邮政编码: 610000",
    "website": "http://www.chengduhostel.com/",
    "phone": null,
    "google_url": "https://maps.google.com/?cid=8183061700531471565"
  },
  {
    "city": "China",
    "country": "China",
    "name": "Oriental Hotel Zhongshan Xiaolan",
    "rating": 4.3,
    "user_ratings_total": 3,
    "price_level": null,
    "types": [
      "establishment",
      "lodging",
      "point_of_interest"
    ],
    "lat": 22.675319,
    "lng": 113.244687,
    "cribsLikely": true,
    "place_id": "ChIJZTEbDt42AjQRNBkgng3xQYo",
    "address": "80 Min An Zhong Lu, Zhong Shan Shi, Guang Dong Sheng, China, 528400",
    "website": null,
    "phone": "+86 760 8982 0688",
    "google_url": "https://maps.google.com/?cid=9962508891510020404"
  },
  {
    "city": "China",
    "country": "China",
    "name": "Kempinski Hotel Guiyang",
    "rating": 4.5,
    "user_ratings_total": 32,
    "price_level": null,
    "types": [
      "establishment",
      "lodging",
      "point_of_interest"
    ],
    "lat": 26.575608,
    "lng": 106.718366,
    "cribsLikely": true,
    "place_id": "ChIJkVmgod5nvzYR-VG1nu46Fjk",
    "address": "68 Hu Guo Lu, Nan Ming Qu, Gui Yang Shi, China, 550002",
    "website": null,
    "phone": null,
    "google_url": "https://maps.google.com/?cid=4113540106188837369"
  },
  {
    "city": "China",
    "country": "China",
    "name": "Colour Hotel",
    "rating": 4.2,
    "user_ratings_total": 58,
    "price_level": null,
    "types": [
      "establishment",
      "lodging",
      "point_of_interest"
    ],
    "lat": 22.5488295,
    "lng": 114.1201954,
    "cribsLikely": true,
    "place_id": "ChIJ4SGupbz1AzQRHdyNJUqK8QY",
    "address": "Luohu District, Shenzhen, China, 518001",
    "website": null,
    "phone": "+86 755 8392 8158",
    "google_url": "https://maps.google.com/?cid=500333084677102621"
  },
  {
    "city": "China",
    "country": "China",
    "name": "锦江之星惠州桥东酒店",
    "rating": 5,
    "user_ratings_total": 1,
    "price_level": null,
    "types": [
      "establishment",
      "lodging",
      "point_of_interest"
    ],
    "lat": 23.0848,
    "lng": 114.4195551,
    "cribsLikely": true,
    "place_id": "ChIJC3dgcAWOBDQR80oTR7NclG8",
    "address": "China, Hui Zhou Shi, Hui Cheng Qu, 塔仔湖路30号 邮政编码: 516001",
    "website": "http://www.jinjianginns.com/",
    "phone": "+86 752 235 6000",
    "google_url": "https://maps.google.com/?cid=8040153159824526067"
  }
]