[
  {
    "city": "Colombo, Sri Lanka",
    "country": "Sri Lanka",
    "name": "Radisson Hotel Colombo",
    "rating": 4.4,
    "user_ratings_total": 6467,
    "price_level": null,
    "types": [
      "establishment",
      "lodging",
      "point_of_interest"
    ],
    "lat": 6.8825216,
    "lng": 79.85586909999999,
    "cribsLikely": true,
    "place_id": "ChIJtZJD3aVb4joROkc91MuElUk",
    "address": "36-38 Clifford Pl, Colombo 00400, Sri Lanka",
    "website": "https://www.radissonhotels.com/en-us/hotels/radisson-colombo?cid=a:se+b:gmb+c:apac+i:local+e:rad+d:seap+h:LKCMB2",
    "phone": "+94 112 555 570",
    "google_url": "https://maps.google.com/?cid=5302290147272640314"
  },
  {
    "city": "Colombo, Sri Lanka",
    "country": "Sri Lanka",
    "name": "Cinnamon Red Colombo",
    "rating": 4.4,
    "user_ratings_total": 5600,
    "price_level": null,
    "types": [
      "establishment",
      "lodging",
      "point_of_interest"
    ],
    "lat": 6.912170000000001,
    "lng": 79.8553156,
    "cribsLikely": true,
    "place_id": "ChIJIxlaBGlZ4joRCOu-FjV-KDs",
    "address": "59 Ananda Coomaraswamy Mawatha, Colombo 00300, Sri Lanka",
    "website": "http://www.cinnamonhotels.com/en/cinnamonredcolombo/",
    "phone": "+94 112 145 145",
    "google_url": "https://maps.google.com/?cid=4262795813786151688"
  },
  {
    "city": "Colombo, Sri Lanka",
    "country": "Sri Lanka",
    "name": "Grand Oriental Hotel",
    "rating": 4,
    "user_ratings_total": 4081,
    "price_level": null,
    "types": [
      "establishment",
      "lodging",
      "point_of_interest",
      "tourist_attraction"
    ],
    "lat": 6.937414899999999,
    "lng": 79.8449377,
    "cribsLikely": true,
    "place_id": "ChIJI146xSBZ4joRZ_W0TXLD71Y",
    "address": "2 York St, Colombo 00200, Sri Lanka",
    "website": "https://www.grandoriental.com/",
    "phone": "+94 112 320 320",
    "google_url": "https://maps.google.com/?cid=6264440502393042279"
  },
  {
    "city": "Colombo, Sri Lanka",
    "country": "Sri Lanka",
    "name": "Mandarina Colombo",
    "rating": 4.3,
    "user_ratings_total": 3267,
    "price_level": null,
    "types": [
      "establishment",
      "lodging",
      "point_of_interest"
    ],
    "lat": 6.9000439,
    "lng": 79.8536536,
    "cribsLikely": true,
    "place_id": "ChIJOZCsQWBZ4joR29AzAwfi6zk",
    "address": "433 A2, Colombo 00300, Sri Lanka",
    "website": "http://www.mandarinacolombo.com/",
    "phone": "+94 112 550 660",
    "google_url": "https://maps.google.com/?cid=4173677999435272411"
  },
  {
    "city": "Colombo, Sri Lanka",
    "country": "Sri Lanka",
    "name": "Granbell Hotel Colombo",
    "rating": 4.5,
    "user_ratings_total": 5001,
    "price_level": null,
    "types": [
      "establishment",
      "lodging",
      "point_of_interest"
    ],
    "lat": 6.9103869,
    "lng": 79.8487098,
    "cribsLikely": true,
    "place_id": "ChIJB0RFo2NZ4joRum8BVRCF28g",
    "address": "282/5 Kollupitiya Road, Marine Drive, Colombo 3, Sri Lanka",
    "website": "https://granbellhotel.lk/",
    "phone": "+94 112 397 397",
    "google_url": "https://maps.google.com/?cid=14473308132677349306"
  },
  {
    "city": "Colombo, Sri Lanka",
    "country": "Sri Lanka",
    "name": "Solace More Hotel",
    "rating": 4.9,
    "user_ratings_total": 11,
    "price_level": null,
    "types": [
      "establishment",
      "lodging",
      "point_of_interest"
    ],
    "lat": 6.9142638,
    "lng": 79.8818218,
    "cribsLikely": true,
    "place_id": "ChIJuwNGomxZ4joRE_YMTFtLPNs",
    "address": "Dr.nm perera mawatha, No3 Chandraleka Mawatha, Colombo, Sri Lanka",
    "website": null,
    "phone": "+94 77 330 8288",
    "google_url": "https://maps.google.com/?cid=15797584448398882323"
  },
  {
    "city": "Colombo, Sri Lanka",
    "country": "Sri Lanka",
    "name": "Green Palace Colombo",
    "rating": 3.6,
    "user_ratings_total": 572,
    "price_level": null,
    "types": [
      "establishment",
      "lodging",
      "point_of_interest"
    ],
    "lat": 6.875500199999999,
    "lng": 79.86160380000001,
    "cribsLikely": true,
    "place_id": "ChIJP8keRbhb4joRKlyNwAwMUdc",
    "address": "30 W.A. Silva Mawatha, Colombo 00600, Sri Lanka",
    "website": "https://www.facebook.com/profile.php?id=100083048091174&mibextid=LQQJ4d",
    "phone": "+94 112 590 135",
    "google_url": "https://maps.google.com/?cid=15515195440177699882"
  },
  {
    "city": "Colombo, Sri Lanka",
    "country": "Sri Lanka",
    "name": "China Manor Hotel & Restaurant",
    "rating": 4.5,
    "user_ratings_total": 175,
    "price_level": null,
    "types": [
      "establishment",
      "lodging",
      "point_of_interest"
    ],
    "lat": 6.929717699999999,
    "lng": 79.8634131,
    "cribsLikely": true,
    "place_id": "ChIJ_Y3t4g9Z4joRFWLFlmicaKc",
    "address": "10, 301A Maradana Rd, Colombo 01000, Sri Lanka",
    "website": "https://m.facebook.com/pages/category/Restaurant/China-manor-restaurant-hotel-%E4%B8%AD%E5%9B%BD%E4%BA%BA%E5%AE%B6-602932946729456/",
    "phone": "+94 112 444 191",
    "google_url": "https://maps.google.com/?cid=12063063574931923477"
  },
  {
    "city": "Colombo, Sri Lanka",
    "country": "Sri Lanka",
    "name": "Gentz Residency & Restaurant",
    "rating": 4.4,
    "user_ratings_total": 79,
    "price_level": null,
    "types": [
      "establishment",
      "food",
      "lodging",
      "point_of_interest",
      "restaurant"
    ],
    "lat": 6.9177702,
    "lng": 79.8845097,
    "cribsLikely": true,
    "place_id": "ChIJ_88GeGxZ4joRX3mMZK23z1Q",
    "address": "331, 2 Serpentine Rd, Colombo 00800, Sri Lanka",
    "website": null,
    "phone": "+94 74 158 6949",
    "google_url": "https://maps.google.com/?cid=6111305174709205343"
  },
  {
    "city": "Colombo, Sri Lanka",
    "country": "Sri Lanka",
    "name": "The Kingsbury Colombo",
    "rating": 4.5,
    "user_ratings_total": 19863,
    "price_level": null,
    "types": [
      "bar",
      "establishment",
      "food",
      "lodging",
      "night_club",
      "point_of_interest",
      "restaurant",
      "spa"
    ],
    "lat": 6.932852899999999,
    "lng": 79.8419406,
    "cribsLikely": true,
    "place_id": "ChIJ-1dhmiVZ4joRGUSviLLrDIw",
    "address": "48 Janadhipathi Mawatha, Colombo, Sri Lanka",
    "website": "https://www.thekingsburyhotel.com/",
    "phone": "+94 112 421 221",
    "google_url": "https://maps.google.com/?cid=10091700017060332569"
  },
  {
    "city": "Colombo, Sri Lanka",
    "country": "Sri Lanka",
    "name": "Fair View Hotel Colombo",
    "rating": 4.3,
    "user_ratings_total": 1151,
    "price_level": null,
    "types": [
      "establishment",
      "lodging",
      "point_of_interest"
    ],
    "lat": 6.865485899999999,
    "lng": 79.8612982,
    "cribsLikely": true,
    "place_id": "ChIJwbUePaVb4joR35PrIxBCBcc",
    "address": "27 Ramakrishna Rd, Colombo, Sri Lanka",
    "website": "https://www.tangerinehotels.com/fairviewhotel/",
    "phone": "+94 112 058 392",
    "google_url": "https://maps.google.com/?cid=14340941225520763871"
  },
  {
    "city": "Colombo, Sri Lanka",
    "country": "Sri Lanka",
    "name": "The Beehive Hotel - Bambalapitiya",
    "rating": 3,
    "user_ratings_total": 134,
    "price_level": null,
    "types": [
      "establishment",
      "lodging",
      "point_of_interest"
    ],
    "lat": 6.8905895,
    "lng": 79.85726319999999,
    "cribsLikely": true,
    "place_id": "ChIJnRP3qvtb4joRNV05fx6ejHk",
    "address": "8B1/1, 8 Vajira Rd, Colombo 00400, Sri Lanka",
    "website": "https://www.booking.com/hotel/lk/the-beehive.html?lang=xu",
    "phone": "+94 76 025 8270",
    "google_url": "https://maps.google.com/?cid=8758549229149445429"
  }
]