[
  {
    "city": "Copenhagen, Denmark",
    "country": "Denmark",
    "name": "Urban House Copenhagen by MEININGER",
    "rating": 4.3,
    "user_ratings_total": 6926,
    "price_level": null,
    "types": [
      "establishment",
      "lodging",
      "point_of_interest"
    ],
    "lat": 55.6722501,
    "lng": 12.5622473,
    "cribsLikely": true,
    "place_id": "ChIJQ_s8CIlTUkYRGG8bWrzwQx8",
    "address": "Colbjørnsensgade 5, 11, 1652 København, Denmark",
    "website": "https://www.meininger-hotels.com/en/hotels/copenhagen/hotel-copenhagen-urban-house/?utm_source=gmb&utm_medium=referral&utm_campaign=COP-CO&utm_content=website",
    "phone": null,
    "google_url": "https://maps.google.com/?cid=2252908930371645208"
  },
  {
    "city": "Copenhagen, Denmark",
    "country": "Denmark",
    "name": "Next House Copenhagen",
    "rating": 4.3,
    "user_ratings_total": 3728,
    "price_level": null,
    "types": [
      "bar",
      "establishment",
      "lodging",
      "point_of_interest"
    ],
    "lat": 55.6696015,
    "lng": 12.5709904,
    "cribsLikely": true,
    "place_id": "ChIJXwKJHL5TUkYRJNcSvOAEdi0",
    "address": "Bernstorffsgade 27, 1577 København, Denmark",
    "website": "https://www.nexthousecopenhagen.com/",
    "phone": "+45 33 30 11 00",
    "google_url": "https://maps.google.com/?cid=3275811142233151268"
  },
  {
    "city": "Copenhagen, Denmark",
    "country": "Denmark",
    "name": "Crowne Plaza Copenhagen Towers by IHG",
    "rating": 4.3,
    "user_ratings_total": 2947,
    "price_level": null,
    "types": [
      "establishment",
      "lodging",
      "point_of_interest"
    ],
    "lat": 55.6270439,
    "lng": 12.5772724,
    "cribsLikely": true,
    "place_id": "ChIJm804NLhUUkYRx4rp2lBLj_c",
    "address": "Copenhagen Towers, Ørestads Blvd. 114, 118, 2300 København, Denmark",
    "website": "https://www.ihg.com/crowneplaza/hotels/gb/en/copenhagen/rkecp/hoteldetail?cm_mmc=GoogleMaps-_-CP-_-DK-_-RKECP",
    "phone": "+45 88 77 66 55",
    "google_url": "https://maps.google.com/?cid=17838559459680029383"
  },
  {
    "city": "Copenhagen, Denmark",
    "country": "Denmark",
    "name": "Steel House Copenhagen",
    "rating": 4.3,
    "user_ratings_total": 5389,
    "price_level": null,
    "types": [
      "bar",
      "establishment",
      "lodging",
      "point_of_interest"
    ],
    "lat": 55.6763401,
    "lng": 12.5597626,
    "cribsLikely": true,
    "place_id": "ChIJU2TeCgxTUkYRoFjP0bRC22c",
    "address": "Herholdtsgade 6, 1605 København V, Denmark",
    "website": "https://www.steelhousecopenhagen.com/",
    "phone": "+45 33 17 71 10",
    "google_url": "https://maps.google.com/?cid=7483648550187784352"
  },
  {
    "city": "Copenhagen, Denmark",
    "country": "Denmark",
    "name": "Scandic Copenhagen",
    "rating": 4,
    "user_ratings_total": 4227,
    "price_level": null,
    "types": [
      "bar",
      "establishment",
      "food",
      "lodging",
      "point_of_interest",
      "restaurant"
    ],
    "lat": 55.6749448,
    "lng": 12.5596266,
    "cribsLikely": true,
    "place_id": "ChIJFTasnAtTUkYRw8_1UeZ-Nls",
    "address": "Vester Søgade 6, 1602 København, Denmark",
    "website": "https://www.scandichotels.dk/hoteller/danmark/kobenhavn/scandic-copenhagen?utm_campaign=gmb&utm_source=google&utm_medium=organic&utm_content=copenhagen",
    "phone": "+45 33 14 35 35",
    "google_url": "https://maps.google.com/?cid=6572580233876459459"
  },
  {
    "city": "Copenhagen, Denmark",
    "country": "Denmark",
    "name": "Annex Copenhagen",
    "rating": 4.1,
    "user_ratings_total": 1062,
    "price_level": null,
    "types": [
      "establishment",
      "lodging",
      "point_of_interest"
    ],
    "lat": 55.67141059999999,
    "lng": 12.5617657,
    "cribsLikely": true,
    "place_id": "ChIJC_bjMnNTUkYRptpY8B9uvMQ",
    "address": "Helgolandsgade 15, Helgolandsgade 17, 1653 København V, Denmark",
    "website": "https://www.annexcopenhagen.dk/",
    "phone": "+45 33 31 43 44",
    "google_url": "https://maps.google.com/?cid=14176326810510875302"
  },
  {
    "city": "Copenhagen, Denmark",
    "country": "Denmark",
    "name": "Copenhagen Marriott Hotel",
    "rating": 4.4,
    "user_ratings_total": 3314,
    "price_level": null,
    "types": [
      "establishment",
      "lodging",
      "point_of_interest"
    ],
    "lat": 55.6686771,
    "lng": 12.5738779,
    "cribsLikely": true,
    "place_id": "ChIJ8cm0n2xTUkYRuHQv4XKdSdw",
    "address": "Kalvebod Brygge 5, 1560 København, Denmark",
    "website": "https://www.marriott.com/en-us/hotels/cphdk-copenhagen-marriott-hotel/overview/?scid=f2ae0541-1279-4f24-b197-a979c79310b0",
    "phone": "+45 88 33 99 00",
    "google_url": "https://maps.google.com/?cid=15873391478373840056"
  },
  {
    "city": "Copenhagen, Denmark",
    "country": "Denmark",
    "name": "Urban Camper Hostel & Bar",
    "rating": 4.3,
    "user_ratings_total": 802,
    "price_level": null,
    "types": [
      "bar",
      "establishment",
      "lodging",
      "point_of_interest"
    ],
    "lat": 55.70216050000001,
    "lng": 12.5377165,
    "cribsLikely": true,
    "place_id": "ChIJqQMILVRTUkYRtF9T5_eWjb0",
    "address": "Lygten 2C, 2400 København, Denmark",
    "website": "https://urbancamper.dk/",
    "phone": "+45 31 77 08 06",
    "google_url": "https://maps.google.com/?cid=13658739236366671796"
  },
  {
    "city": "Copenhagen, Denmark",
    "country": "Denmark",
    "name": "Danhostel Copenhagen City",
    "rating": 4.1,
    "user_ratings_total": 3938,
    "price_level": null,
    "types": [
      "establishment",
      "lodging",
      "point_of_interest"
    ],
    "lat": 55.67102939999999,
    "lng": 12.5766907,
    "cribsLikely": true,
    "place_id": "ChIJHWaluxRTUkYRujo4DJeFAD4",
    "address": "H. C. Andersens Blvd. 50, 1553 København, Denmark",
    "website": "https://danhostelcopenhagencity.dk/?utm_source=gmb&utm_medium=organic",
    "phone": "+45 33 11 85 85",
    "google_url": "https://maps.google.com/?cid=4467717714143099578"
  },
  {
    "city": "Copenhagen, Denmark",
    "country": "Denmark",
    "name": "Bob W Østerbro Copenhagen",
    "rating": 4.7,
    "user_ratings_total": 622,
    "price_level": null,
    "types": [
      "establishment",
      "lodging",
      "point_of_interest"
    ],
    "lat": 55.707609,
    "lng": 12.5586948,
    "cribsLikely": true,
    "place_id": "ChIJA8BcKRdTUkYR-YGWuth3bZ0",
    "address": "Teglværksgade 31, 2100 Østerbro, Denmark",
    "website": "https://booking.bobw.co/?city=Copenhagen&utm_source=organic+search&utm_medium=google_my_business_search_maps&utm_campaign=bob_w_osterbro_google_maps_listing&utm_content=google_my_business_website_button",
    "phone": "+45 89 87 96 58",
    "google_url": "https://maps.google.com/?cid=11343854809143214585"
  },
  {
    "city": "Copenhagen, Denmark",
    "country": "Denmark",
    "name": "Tivoli Hotel",
    "rating": 4.2,
    "user_ratings_total": 8297,
    "price_level": null,
    "types": [
      "bar",
      "establishment",
      "food",
      "lodging",
      "point_of_interest",
      "restaurant"
    ],
    "lat": 55.66599069999999,
    "lng": 12.5663029,
    "cribsLikely": true,
    "place_id": "ChIJ_12Ut21TUkYRuCBz3jjsOtY",
    "address": "Arni Magnussons Gade 2, 1577 København, Denmark",
    "website": "https://www.tivolihotel.dk/",
    "phone": "+45 32 68 40 00",
    "google_url": "https://maps.google.com/?cid=15436910401760207032"
  },
  {
    "city": "Copenhagen, Denmark",
    "country": "Denmark",
    "name": "Axel Guldsmeden Hotels",
    "rating": 4.3,
    "user_ratings_total": 2259,
    "price_level": null,
    "types": [
      "bar",
      "cafe",
      "establishment",
      "food",
      "lodging",
      "point_of_interest",
      "restaurant"
    ],
    "lat": 55.672146,
    "lng": 12.5619202,
    "cribsLikely": true,
    "place_id": "ChIJIQgAuAxTUkYREwhuAu591mY",
    "address": "Colbjørnsensgade 14, 1652 København V, Denmark",
    "website": "https://guldsmedenhotels.com/axel-guldsmeden-spa-hotel/?utm_source=GBP&utm_medium=organic&utm_campaign=Axel+Guldsmeden+Eco-friendly+Spa+Hotel&utm_content=website_button_GBP",
    "phone": "+45 33 31 32 66",
    "google_url": "https://maps.google.com/?cid=7410248698081183763"
  }
]