[
  {
    "city": "Doha, Qatar",
    "country": "Qatar",
    "name": "Grand Hyatt Doha Hotel & Villas",
    "rating": 4.5,
    "user_ratings_total": 4923,
    "price_level": null,
    "types": [
      "establishment",
      "lodging",
      "point_of_interest"
    ],
    "lat": 25.377009,
    "lng": 51.5274316,
    "cribsLikely": true,
    "place_id": "ChIJQcEV0iXDRT4R2nrPjVXoDHI",
    "address": "Pearl Blvd, Doha, Qatar",
    "website": "https://www.hyatt.com/grand-hyatt/en-US/dohgh-grand-hyatt-doha-hotel-and-villas?src=corp_lclb_google_seo_dohgh&utm_source=google&utm_medium=organic&utm_campaign=lmr",
    "phone": "+974 4448 1234",
    "google_url": "https://maps.google.com/?cid=8218198874193361626"
  },
  {
    "city": "Doha, Qatar",
    "country": "Qatar",
    "name": "Al Mansour Suites Hotel",
    "rating": 3.8,
    "user_ratings_total": 1852,
    "price_level": null,
    "types": [
      "establishment",
      "lodging",
      "point_of_interest"
    ],
    "lat": 25.2666776,
    "lng": 51.5264847,
    "cribsLikely": true,
    "place_id": "ChIJrS7WAVrFRT4R5HNEWo0vmDo",
    "address": "7G8G+JJX, Rawdat Al Khail St, Doha, Qatar",
    "website": "https://www.almansoursuites.qa/",
    "phone": "+974 4020 8400",
    "google_url": "https://maps.google.com/?cid=4222176934811169764"
  },
  {
    "city": "Doha, Qatar",
    "country": "Qatar",
    "name": "Strato Hotel by Warwick",
    "rating": 4,
    "user_ratings_total": 1515,
    "price_level": null,
    "types": [
      "establishment",
      "lodging",
      "point_of_interest"
    ],
    "lat": 25.2688347,
    "lng": 51.552468,
    "cribsLikely": true,
    "place_id": "ChIJx0J1AuTORT4RYxQrYH4djuw",
    "address": "Old Airport Road, Doha, Qatar",
    "website": "https://www.warwickhotels.com/strato-hotel-by-warwick/?utm_source=google&utm_medium=local&utm_campaign=seo",
    "phone": null,
    "google_url": "https://maps.google.com/?cid=17045594068260426851"
  },
  {
    "city": "Doha, Qatar",
    "country": "Qatar",
    "name": "Fraser Suites Doha",
    "rating": 4.9,
    "user_ratings_total": 7257,
    "price_level": null,
    "types": [
      "establishment",
      "lodging",
      "point_of_interest"
    ],
    "lat": 25.2902956,
    "lng": 51.5439154,
    "cribsLikely": true,
    "place_id": "ChIJD2_fDizFRT4RKigfLzBwgoQ",
    "address": "Ali Bin Amur Al Attiya St, Doha, Qatar",
    "website": "http://www.frasershospitality.com/en/qatar/doha/fraser-suites-doha/?utm_source=google_map&utm_medium=organic",
    "phone": "+974 4424 3444",
    "google_url": "https://maps.google.com/?cid=9548317512230185002"
  },
  {
    "city": "Doha, Qatar",
    "country": "Qatar",
    "name": "Jouri, a Murwab Hotel",
    "rating": 4.5,
    "user_ratings_total": 1643,
    "price_level": null,
    "types": [
      "establishment",
      "lodging",
      "point_of_interest"
    ],
    "lat": 25.2870209,
    "lng": 51.5449896,
    "cribsLikely": true,
    "place_id": "ChIJA5WQ1nPFRT4Rr5fFfw7vYwQ",
    "address": "7GPW+V2F, 10670 Al Muthaf St, Doha, Qatar",
    "website": "http://www.jourihotel.com/",
    "phone": "+974 4004 1000",
    "google_url": "https://maps.google.com/?cid=316359244398303151"
  }
]