[
  {
    "city": "Dubai,",
    "country": "United Arab Emirates",
    "name": "JW Marriott Marquis Hotel Dubai",
    "rating": 4.6,
    "user_ratings_total": 21386,
    "price_level": null,
    "types": [
      "establishment",
      "lodging",
      "point_of_interest"
    ],
    "lat": 25.1854005,
    "lng": 55.2580876,
    "cribsLikely": true,
    "place_id": "ChIJ4UiYidlpXz4RrHQmF23CVDg",
    "address": "Business Bay - Dubai - United Arab Emirates",
    "website": "https://www.marriott.com/en-us/hotels/dxbjw-jw-marriott-marquis-hotel-dubai/overview/?scid=f2ae0541-1279-4f24-b197-a979c79310b0",
    "phone": "+971 4 414 0000",
    "google_url": "https://maps.google.com/?cid=4059082937963279532"
  },
  {
    "city": "Dubai,",
    "country": "United Arab Emirates",
    "name": "Kempinski Hotel Mall of the Emirates",
    "rating": 4.8,
    "user_ratings_total": 12396,
    "price_level": null,
    "types": [
      "establishment",
      "food",
      "lodging",
      "point_of_interest",
      "restaurant",
      "spa"
    ],
    "lat": 25.1187246,
    "lng": 55.1975641,
    "cribsLikely": true,
    "place_id": "ChIJa_OlIrxrXz4RwRVPdS8D2yI",
    "address": "Mall of The Emirates - Sheikh Zayed Rd - Al Barsha - Al Barsha 1 - Dubai - United Arab Emirates",
    "website": "https://www.kempinski.com/en/mall-of-the-emirates?utm_medium=organic&utm_source=google&utm_campaign=KIDXB&utm_content=gmb&source=S308962248",
    "phone": "+971 4 341 0000",
    "google_url": "https://maps.google.com/?cid=2511604719555646913"
  },
  {
    "city": "Dubai,",
    "country": "United Arab Emirates",
    "name": "Jumeirah Burj Al Arab",
    "rating": 4.7,
    "user_ratings_total": 30769,
    "price_level": null,
    "types": [
      "establishment",
      "lodging",
      "point_of_interest"
    ],
    "lat": 25.1411914,
    "lng": 55.18524679999999,
    "cribsLikely": true,
    "place_id": "ChIJLc8UZFdqXz4ROODwebhx2rM",
    "address": "Dubai - Umm Suqeim 3 - Dubai - United Arab Emirates",
    "website": "https://www.jumeirah.com/en/stay/dubai/burj-al-arab-jumeirah?utm_source=google&utm_medium=google%20places&utm_campaign=hotel",
    "phone": "+971 4 301 7777",
    "google_url": "https://maps.google.com/?cid=12959795914845773880"
  },
  {
    "city": "Dubai,",
    "country": "United Arab Emirates",
    "name": "Address Downtown",
    "rating": 4.6,
    "user_ratings_total": 8654,
    "price_level": null,
    "types": [
      "establishment",
      "lodging",
      "point_of_interest"
    ],
    "lat": 25.1936328,
    "lng": 55.27907099999999,
    "cribsLikely": true,
    "place_id": "ChIJ7w0gwihoXz4R4F5KVQWLoH0",
    "address": "Sheikh Mohammed bin Rashid Blvd - Downtown Dubai - Dubai - United Arab Emirates",
    "website": "https://www.addresshotels.com/en/hotels/address-downtown/",
    "phone": "+971 4 436 8888",
    "google_url": "https://maps.google.com/?cid=9052388106036731616"
  },
  {
    "city": "Dubai,",
    "country": "United Arab Emirates",
    "name": "Holiday Inn Dubai al-Maktoum Airport by IHG",
    "rating": 4.7,
    "user_ratings_total": 6865,
    "price_level": null,
    "types": [
      "establishment",
      "lodging",
      "point_of_interest"
    ],
    "lat": 24.8679114,
    "lng": 55.1456899,
    "cribsLikely": true,
    "place_id": "ChIJowBFSu91Xz4RLS9kcNQWxE8",
    "address": "Aviation City - Dubai Logistics City - Dubai - United Arab Emirates",
    "website": "https://www.ihg.com/holidayinn/hotels/gb/en/dubai/dxbwc/hoteldetail?cm_mmc=GoogleMaps-_-HI-_-AE-_-DXBWC",
    "phone": "+971 4 808 8999",
    "google_url": "https://maps.google.com/?cid=5747744126106087213"
  },
  {
    "city": "Dubai,",
    "country": "United Arab Emirates",
    "name": "Shangri-La Dubai",
    "rating": 4.6,
    "user_ratings_total": 8989,
    "price_level": null,
    "types": [
      "establishment",
      "lodging",
      "point_of_interest"
    ],
    "lat": 25.2081947,
    "lng": 55.271973,
    "cribsLikely": true,
    "place_id": "ChIJrX9rS4hCXz4RvC8glVyOrBo",
    "address": "Sheikh Zayed Rd Near Financial Metro Station - Trade Centre - Trade Centre 1 - Dubai - United Arab Emirates",
    "website": "http://www.shangri-la.com/dubai",
    "phone": "+971 4 343 8888",
    "google_url": "https://maps.google.com/?cid=1922067669270409148"
  },
  {
    "city": "Dubai,",
    "country": "United Arab Emirates",
    "name": "Golden Sands Hotel Creek",
    "rating": 4.7,
    "user_ratings_total": 1685,
    "price_level": null,
    "types": [
      "establishment",
      "lodging",
      "point_of_interest"
    ],
    "lat": 25.2598806,
    "lng": 55.31812189999999,
    "cribsLikely": true,
    "place_id": "ChIJMZZ9A5lDXz4RsJmswWvSeFs",
    "address": "Dubai Creek - Baniyas Rd - Deira - Riggat Al Buteen - Dubai - United Arab Emirates",
    "website": "https://www.goldensandscreek.com/",
    "phone": "+971 4 212 7000",
    "google_url": "https://maps.google.com/?cid=6591249414909368752"
  },
  {
    "city": "Dubai,",
    "country": "United Arab Emirates",
    "name": "Pullman Dubai Downtown",
    "rating": 4.7,
    "user_ratings_total": 5660,
    "price_level": null,
    "types": [
      "establishment",
      "lodging",
      "point_of_interest"
    ],
    "lat": 25.1868677,
    "lng": 55.271648,
    "cribsLikely": true,
    "place_id": "ChIJ9ezvgeFpXz4RluSMGxFlCWs",
    "address": "Downtown - مراسي درايف - الخليج التجاري - دبي - United Arab Emirates",
    "website": "https://all.accor.com/lien_externe.svlt?goto=fiche_hotel&code_hotel=B8D7&merchantid=seo-maps-AE-B8D7&sourceid=aw-cen&utm_medium=seo%20maps&utm_source=google%20Maps&utm_campaign=seo%20maps",
    "phone": "+971 4 369 0000",
    "google_url": "https://maps.google.com/?cid=7712806960999752854"
  },
  {
    "city": "Dubai,",
    "country": "United Arab Emirates",
    "name": "The Leela Hotel Dubai",
    "rating": 3.7,
    "user_ratings_total": 1627,
    "price_level": null,
    "types": [
      "establishment",
      "lodging",
      "point_of_interest"
    ],
    "lat": 25.2524213,
    "lng": 55.3355359,
    "cribsLikely": true,
    "place_id": "ChIJ6z6xM9FdXz4R3FMBpbsRMCQ",
    "address": "Port Saeed - Street - ديرة - City Center - دبي - United Arab Emirates",
    "website": null,
    "phone": "+971 4 261 1199",
    "google_url": "https://maps.google.com/?cid=2607603681872401372"
  },
  {
    "city": "Dubai,",
    "country": "United Arab Emirates",
    "name": "Radisson Blu Hotel, Dubai Waterfront",
    "rating": 4.6,
    "user_ratings_total": 8578,
    "price_level": null,
    "types": [
      "establishment",
      "lodging",
      "point_of_interest"
    ],
    "lat": 25.1864031,
    "lng": 55.2680136,
    "cribsLikely": true,
    "place_id": "ChIJbXSi-tJpXz4RZoyCnf4XkGU",
    "address": "Marasi Dr - Business Bay - Dubai - United Arab Emirates",
    "website": "https://www.radissonhotels.com/en-us/hotels/radisson-blu-dubai-waterfront?cid=a:se+b:gmb+c:emea+i:local+e:rdb+d:mea+h:AEDXBWTR",
    "phone": "+971 4 249 7800",
    "google_url": "https://maps.google.com/?cid=7318375776808766566"
  },
  {
    "city": "Dubai,",
    "country": "United Arab Emirates",
    "name": "VOGO Grand Hotel Dubai",
    "rating": 4.5,
    "user_ratings_total": 1855,
    "price_level": null,
    "types": [
      "establishment",
      "lodging",
      "point_of_interest"
    ],
    "lat": 25.1273329,
    "lng": 55.42323,
    "cribsLikely": true,
    "place_id": "ChIJBcgiH55jXz4RV7FGXQ0vulo",
    "address": "Vogo Grand Hotel - Al Ruwayyah First - Academic Road - المدينة الأكاديمية - دبي - United Arab Emirates",
    "website": "http://vogogranddubai.com/",
    "phone": "+971 4 873 0000",
    "google_url": "https://maps.google.com/?cid=6537589543527690583"
  },
  {
    "city": "Dubai,",
    "country": "United Arab Emirates",
    "name": "Concorde Deira Hotel",
    "rating": 3.5,
    "user_ratings_total": 1727,
    "price_level": null,
    "types": [
      "establishment",
      "lodging",
      "point_of_interest"
    ],
    "lat": 25.2597682,
    "lng": 55.3260485,
    "cribsLikely": true,
    "place_id": "ChIJt1vNbtpcXz4RfGekzA-H0e8",
    "address": "40C Street, Near Deira Clock Tower Roundabout - Abu Baker Al Siddique St - Deira - Dubai - United Arab Emirates",
    "website": "https://concordedeira.com/",
    "phone": "+971 4 201 8999",
    "google_url": "https://maps.google.com/?cid=17280741747124889468"
  }
]