[
  {
    "city": "Dubai, UAE",
    "country": "United Arab Emirates",
    "name": "Golden Tulip Al Barsha",
    "rating": 3.6,
    "user_ratings_total": 2171,
    "price_level": null,
    "types": [
      "establishment",
      "lodging",
      "point_of_interest"
    ],
    "lat": 25.1126199,
    "lng": 55.1901613,
    "cribsLikely": true,
    "place_id": "ChIJz60buKJrXz4RII2MAug1vKs",
    "address": "457R+23V Golden Tulip - next to Mashreq Metro Station - Al Barsha - Al Barsha 1 - Dubai - United Arab Emirates",
    "website": null,
    "phone": "+971 4 501 6161",
    "google_url": "https://maps.google.com/?cid=12374825146698730784"
  },
  {
    "city": "Dubai, UAE",
    "country": "United Arab Emirates",
    "name": "Mercure Gold Hotel Al Mina Road Dubai",
    "rating": 4.3,
    "user_ratings_total": 4326,
    "price_level": null,
    "types": [
      "establishment",
      "lodging",
      "point_of_interest"
    ],
    "lat": 25.2428904,
    "lng": 55.2757701,
    "cribsLikely": true,
    "place_id": "ChIJiTtN0mxDXz4RzhbJT08nBt0",
    "address": "Mercure Gold Hotel - Al Mina St - Bur Dubai - Dubai - United Arab Emirates",
    "website": null,
    "phone": "+971 4 301 9888",
    "google_url": "https://maps.google.com/?cid=15926460353836816078"
  },
  {
    "city": "Dubai, UAE",
    "country": "United Arab Emirates",
    "name": "Copthorne Hotel Dubai",
    "rating": 4.7,
    "user_ratings_total": 14672,
    "price_level": null,
    "types": [
      "establishment",
      "lodging",
      "point_of_interest"
    ],
    "lat": 25.2546743,
    "lng": 55.3279271,
    "cribsLikely": true,
    "place_id": "ChIJiRenq9lcXz4RqjWOYxtCVnI",
    "address": "Deira - Port Saeed - Dubai - United Arab Emirates",
    "website": "https://www.millenniumhotels.com/en/dubai/copthorne-hotel-dubai/?cid=gplaces-copthorne-hotel-dubai",
    "phone": "+971 4 295 0500",
    "google_url": "https://maps.google.com/?cid=8238845253722715562"
  },
  {
    "city": "Dubai, UAE",
    "country": "United Arab Emirates",
    "name": "Sonder Business Bay Apartments",
    "rating": 4.1,
    "user_ratings_total": 1117,
    "price_level": null,
    "types": [
      "establishment",
      "lodging",
      "point_of_interest"
    ],
    "lat": 25.1886672,
    "lng": 55.2704365,
    "cribsLikely": true,
    "place_id": "ChIJUa4mulFpXz4R9WPTgP3ixus",
    "address": "6b Marasi Dr - Business Bay - Dubai - United Arab Emirates",
    "website": "https://www.marriott.com/en-us/hotels/dxbay-sonder-business-bay-apartments/overview/?scid=f2ae0541-1279-4f24-b197-a979c79310b0",
    "phone": "+1 617-300-0956",
    "google_url": "https://maps.google.com/?cid=16989516222717715445"
  },
  {
    "city": "Dubai, UAE",
    "country": "United Arab Emirates",
    "name": "FORM Hotel Dubai, a member of Design Hotels™",
    "rating": 4.3,
    "user_ratings_total": 1337,
    "price_level": null,
    "types": [
      "establishment",
      "lodging",
      "point_of_interest"
    ],
    "lat": 25.2228263,
    "lng": 55.3345376,
    "cribsLikely": true,
    "place_id": "ChIJg-wsMV1dXz4R30gIH3XDaaM",
    "address": "Al Jadaf - Dubai Canal - Al Jaddaf - Jaddaf Waterfront - Dubai - United Arab Emirates",
    "website": "http://www.form-hotel.com/",
    "phone": "+971 4 317 9000",
    "google_url": "https://maps.google.com/?cid=11775157608536099039"
  },
  {
    "city": "Dubai, UAE",
    "country": "United Arab Emirates",
    "name": "Admiral Plaza Hotel Dubai",
    "rating": 3.9,
    "user_ratings_total": 2856,
    "price_level": null,
    "types": [
      "establishment",
      "lodging",
      "point_of_interest"
    ],
    "lat": 25.2601492,
    "lng": 55.29136339999999,
    "cribsLikely": true,
    "place_id": "ChIJ3_PBZBVDXz4RsH7zREeQ1kI",
    "address": "Khalid Bin Al Waleed Road - Al Nahdha St - Al Fahidi - Dubai - United Arab Emirates",
    "website": "http://www.admiralplazadubai.com/",
    "phone": "+971 4 393 5333",
    "google_url": "https://maps.google.com/?cid=4816195487293210288"
  },
  {
    "city": "Dubai, UAE",
    "country": "United Arab Emirates",
    "name": "Grand Excelsior Hotel Al Barsha",
    "rating": 4,
    "user_ratings_total": 4773,
    "price_level": null,
    "types": [
      "establishment",
      "lodging",
      "point_of_interest"
    ],
    "lat": 25.111522,
    "lng": 55.20341999999999,
    "cribsLikely": true,
    "place_id": "ChIJSer0tZRrXz4RVYOWViBUU6A",
    "address": "Al Barsha 1, Near Mall Of The Emirates - Al Barsha - Al Barsha 1 - Dubai - United Arab Emirates",
    "website": "https://www.gehotels.com/grand-excelsior-hotel-al-barsha/",
    "phone": "+971 4 444 9999",
    "google_url": "https://maps.google.com/?cid=11552669967003845461"
  },
  {
    "city": "Dubai, UAE",
    "country": "United Arab Emirates",
    "name": "The Leela Hotel Dubai",
    "rating": 3.7,
    "user_ratings_total": 1627,
    "price_level": null,
    "types": [
      "establishment",
      "lodging",
      "point_of_interest"
    ],
    "lat": 25.2524213,
    "lng": 55.3355359,
    "cribsLikely": true,
    "place_id": "ChIJ6z6xM9FdXz4R3FMBpbsRMCQ",
    "address": "Port Saeed - Street - ديرة - City Center - دبي - United Arab Emirates",
    "website": null,
    "phone": "+971 4 261 1199",
    "google_url": "https://maps.google.com/?cid=2607603681872401372"
  },
  {
    "city": "Dubai, UAE",
    "country": "United Arab Emirates",
    "name": "Dorus Hotel",
    "rating": 3.3,
    "user_ratings_total": 1812,
    "price_level": null,
    "types": [
      "establishment",
      "lodging",
      "point_of_interest"
    ],
    "lat": 25.2720635,
    "lng": 55.3158107,
    "cribsLikely": true,
    "place_id": "ChIJG_76HrVcXz4RRW2OCddLNn8",
    "address": "192 Omar Bin Al Khattab St - Deira - Dubai - United Arab Emirates",
    "website": "https://dorus-hotel.com/",
    "phone": "+971 4 221 7676",
    "google_url": "https://maps.google.com/?cid=9166597478509604165"
  },
  {
    "city": "Dubai, UAE",
    "country": "United Arab Emirates",
    "name": "Royalton Hotel Dubai",
    "rating": 3.1,
    "user_ratings_total": 1090,
    "price_level": null,
    "types": [
      "bar",
      "establishment",
      "food",
      "lodging",
      "point_of_interest",
      "restaurant"
    ],
    "lat": 25.2690674,
    "lng": 55.3139121,
    "cribsLikely": true,
    "place_id": "ChIJ9fcmkEpDXz4R7TNrmVJfHzE",
    "address": "Behind Panorama Hotel شارع ٢ Al Maktoum Hospital Road - Near Fish Roundabout - Deira - Al Rigga - Dubai - United Arab Emirates",
    "website": null,
    "phone": "+971 4 222 9226",
    "google_url": "https://maps.google.com/?cid=3539652640502395885"
  },
  {
    "city": "Dubai, UAE",
    "country": "United Arab Emirates",
    "name": "City Palace Hotel",
    "rating": 3.8,
    "user_ratings_total": 522,
    "price_level": null,
    "types": [
      "establishment",
      "lodging",
      "point_of_interest"
    ],
    "lat": 25.2590838,
    "lng": 55.28901029999999,
    "cribsLikely": true,
    "place_id": "ChIJ59uldw1DXz4RGbx4gQTbmcg",
    "address": "Khalid Bin Al Waleed Rd - Al Raffa - Dubai - United Arab Emirates",
    "website": null,
    "phone": "+971 4 358 5841",
    "google_url": "https://maps.google.com/?cid=14454825291420843033"
  },
  {
    "city": "Dubai, UAE",
    "country": "United Arab Emirates",
    "name": "voco Monaco Dubai by IHG",
    "rating": 4.4,
    "user_ratings_total": 2774,
    "price_level": null,
    "types": [
      "establishment",
      "lodging",
      "point_of_interest"
    ],
    "lat": 25.2304766,
    "lng": 55.1598242,
    "cribsLikely": true,
    "place_id": "ChIJDxhm4rFBXz4Rtcif4ec6hBM",
    "address": "Dubai World Islands - The World Islands - Dubai - United Arab Emirates",
    "website": "https://www.ihg.com/voco/hotels/us/en/dubai/dxbca/hoteldetail?cm_mmc=GoogleMaps-_-VX-_-AE-_-DXBCA",
    "phone": "+971 4 549 0800",
    "google_url": "https://maps.google.com/?cid=1406313751243638965"
  }
]