[
  {
    "city": "Dublin, Ireland",
    "country": "Ireland",
    "name": "Clifden House Dublin by Nina",
    "rating": 3.8,
    "user_ratings_total": 548,
    "price_level": null,
    "types": [
      "establishment",
      "lodging",
      "point_of_interest"
    ],
    "lat": 53.35594,
    "lng": -6.260441999999999,
    "cribsLikely": true,
    "place_id": "ChIJz9Hce4cOZ0gRIAYcqpWoEzw",
    "address": "32 Gardiner Pl, Rotunda, Dublin 1, D01 CX93, Ireland",
    "website": "http://www.clifdenhouse.com/",
    "phone": "+353 1 874 6364",
    "google_url": "https://maps.google.com/?cid=4328989027590735392"
  },
  {
    "city": "Dublin, Ireland",
    "country": "Ireland",
    "name": "LATROUPE Jacobs Inn Dublin",
    "rating": 4.3,
    "user_ratings_total": 3575,
    "price_level": null,
    "types": [
      "bar",
      "establishment",
      "lodging",
      "point_of_interest"
    ],
    "lat": 53.35070349999999,
    "lng": -6.2517865,
    "cribsLikely": true,
    "place_id": "ChIJjYZK144OZ0gR15K7KRBUR9o",
    "address": "21-28 Talbot Pl, Mountjoy, Dublin 1, D01 W5P8, Ireland",
    "website": "https://www.latroupe.com/latroupe-jacobs-inn/hostel/",
    "phone": "+353 1 855 5660",
    "google_url": "https://maps.google.com/?cid=15728632652011115223"
  },
  {
    "city": "Dublin, Ireland",
    "country": "Ireland",
    "name": "The Dawson Hostel Dublin",
    "rating": 3.6,
    "user_ratings_total": 428,
    "price_level": null,
    "types": [
      "establishment",
      "lodging",
      "point_of_interest"
    ],
    "lat": 53.3403934,
    "lng": -6.2586806,
    "cribsLikely": true,
    "place_id": "ChIJ1ZI74ZsOZ0gRpGMvODebCn0",
    "address": "35 Dawson St, Dublin 2, D02 CR29, Ireland",
    "website": "https://thedawsonhostel.ie/?utm_source=google&utm_medium=organic&utm_campaign=gbp_listing&utm_content=gbp_dublin",
    "phone": "+353 1 263 5010",
    "google_url": "https://maps.google.com/?cid=9010184665976234916"
  },
  {
    "city": "Dublin, Ireland",
    "country": "Ireland",
    "name": "Travelodge Plus Dublin City Centre",
    "rating": 4.4,
    "user_ratings_total": 796,
    "price_level": null,
    "types": [
      "establishment",
      "lodging",
      "point_of_interest"
    ],
    "lat": 53.3460879,
    "lng": -6.2518369,
    "cribsLikely": true,
    "place_id": "ChIJuTHxj3cPZ0gR_O_bvsAEsPA",
    "address": "44 Townsend St, Dublin, D02 DY01, Ireland",
    "website": "https://www.travelodge.ie/hotels/679/Dublin-City-Centre-hotel?utm_source=GBP_listing&utm_medium=organic&utm_campaign=hotel-listing",
    "phone": "+353 1 525 9500",
    "google_url": "https://maps.google.com/?cid=17343367390886096892"
  },
  {
    "city": "Dublin, Ireland",
    "country": "Ireland",
    "name": "Eden Quay Guesthouse Dublin",
    "rating": 4.6,
    "user_ratings_total": 68,
    "price_level": null,
    "types": [
      "establishment",
      "lodging",
      "point_of_interest"
    ],
    "lat": 53.3482413,
    "lng": -6.256344400000001,
    "cribsLikely": true,
    "place_id": "ChIJGxO1dYUOZ0gRHJqyH0AsaEY",
    "address": "24 Eden Quay, North City, Dublin, D01 CV07, Ireland",
    "website": null,
    "phone": "+353 86 108 8967",
    "google_url": "https://maps.google.com/?cid=5073353634154191388"
  },
  {
    "city": "Dublin, Ireland",
    "country": "Ireland",
    "name": "Astra Hostel",
    "rating": 3.2,
    "user_ratings_total": 46,
    "price_level": null,
    "types": [
      "establishment",
      "lodging",
      "point_of_interest"
    ],
    "lat": 53.3460415,
    "lng": -6.2763013,
    "cribsLikely": true,
    "place_id": "ChIJ5QOXqQMNZ0gRudi53Hq6Rwg",
    "address": "7 Arran Quay, Smithfield, Dublin 7, D07 W5XY, Ireland",
    "website": "http://www.astrahostel.ie/",
    "phone": "+353 1 912 5959",
    "google_url": "https://maps.google.com/?cid=596650512501823673"
  },
  {
    "city": "Dublin, Ireland",
    "country": "Ireland",
    "name": "Hotel Motel One Dublin",
    "rating": 4.5,
    "user_ratings_total": 813,
    "price_level": null,
    "types": [
      "establishment",
      "lodging",
      "point_of_interest"
    ],
    "lat": 53.3480619,
    "lng": -6.2635855,
    "cribsLikely": true,
    "place_id": "ChIJL-NpA7gPZ0gRRuTVCfVXkbM",
    "address": "111-114 Middle Abbey St, North City, Dublin, D01 H220, Ireland",
    "website": "http://www.motel-one.com/hotels/dublin/hotel-dublin/",
    "phone": "+353 1 913 1800",
    "google_url": "https://maps.google.com/?cid=12939219914355762246"
  },
  {
    "city": "Dublin, Ireland",
    "country": "Ireland",
    "name": "Merrion Square Studios",
    "rating": 3.2,
    "user_ratings_total": 37,
    "price_level": null,
    "types": [
      "establishment",
      "lodging",
      "point_of_interest"
    ],
    "lat": 53.34145299999999,
    "lng": -6.248107000000001,
    "cribsLikely": true,
    "place_id": "ChIJIecLOJEOZ0gRUBNHvaj6TKQ",
    "address": "24 Fenian St, Dublin, D15 F5CD, Ireland",
    "website": "http://www.merrionsquarestudios.com/",
    "phone": null,
    "google_url": "https://maps.google.com/?cid=11839113123087192912"
  },
  {
    "city": "Dublin, Ireland",
    "country": "Ireland",
    "name": "The Auld Dubliner",
    "rating": 4.4,
    "user_ratings_total": 3313,
    "price_level": 3,
    "types": [
      "bar",
      "establishment",
      "food",
      "lodging",
      "point_of_interest",
      "restaurant"
    ],
    "lat": 53.3455904,
    "lng": -6.2619628,
    "cribsLikely": true,
    "place_id": "ChIJMVe9U4MOZ0gRE1iw8A0lOkw",
    "address": "24 - 25 Temple Bar, Temple Bar, Dublin, Ireland",
    "website": "http://www.aulddubliner.ie/",
    "phone": "+353 1 677 0527",
    "google_url": "https://maps.google.com/?cid=5492743437334632467"
  },
  {
    "city": "Dublin, Ireland",
    "country": "Ireland",
    "name": "Marlin Hotel Dublin",
    "rating": 4.2,
    "user_ratings_total": 1689,
    "price_level": null,
    "types": [
      "bar",
      "establishment",
      "food",
      "lodging",
      "point_of_interest",
      "restaurant"
    ],
    "lat": 53.3398775,
    "lng": -6.2644839,
    "cribsLikely": true,
    "place_id": "ChIJqSROVdAPZ0gR6fEMc6uRhNw",
    "address": "11 Bow Ln E, St Stephen's Green, Dublin, D02 AY81, Ireland",
    "website": "http://www.marlinhotel.ie/",
    "phone": "+353 1 522 2000",
    "google_url": "https://maps.google.com/?cid=15889985550825615849"
  },
  {
    "city": "Dublin, Ireland",
    "country": "Ireland",
    "name": "Clayton Hotel Ballsbridge",
    "rating": 4.2,
    "user_ratings_total": 4415,
    "price_level": null,
    "types": [
      "bar",
      "establishment",
      "food",
      "lodging",
      "point_of_interest",
      "restaurant"
    ],
    "lat": 53.3259994,
    "lng": -6.2253722,
    "cribsLikely": true,
    "place_id": "ChIJnbCnesUOZ0gRP_F61TVSlgc",
    "address": "Clayton Hotel, Merrion Rd, Ballsbridge, Dublin, D04 P3C3, Ireland",
    "website": "https://ad.doubleclick.net/ddm/trackclk/N1074062.3844254CLAYTONHOTELS-OR/B24186235.273747407;dc_trk_aid=583987233;dc_trk_cid=135202406;dc_lat=;dc_rdid=;tag_for_child_directed_treatment=;tfua=;ltd=;dc_tdv=1",
    "phone": "+353 1 668 1111",
    "google_url": "https://maps.google.com/?cid=546714795940442431"
  },
  {
    "city": "Dublin, Ireland",
    "country": "Ireland",
    "name": "Butlers Townhouse",
    "rating": 4.1,
    "user_ratings_total": 279,
    "price_level": null,
    "types": [
      "establishment",
      "lodging",
      "point_of_interest"
    ],
    "lat": 53.3340406,
    "lng": -6.232277499999999,
    "cribsLikely": true,
    "place_id": "ChIJJ4SHmMEOZ0gRuhRy8plkOzU",
    "address": "44 Lansdowne Rd, Dublin 4, D04 RY96, Ireland",
    "website": "http://www.butlerstownhouse.ie/",
    "phone": "+353 89 262 0030",
    "google_url": "https://maps.google.com/?cid=3835770119996445882"
  }
]