[
  {
    "city": "Dubrovnik, Croatia",
    "country": "Croatia",
    "name": "Hotel Dubrovnik Palace",
    "rating": 4.7,
    "user_ratings_total": 2388,
    "price_level": null,
    "types": [
      "establishment",
      "lodging",
      "point_of_interest"
    ],
    "lat": 42.6512591,
    "lng": 18.0610229,
    "cribsLikely": true,
    "place_id": "ChIJ9Y8VSk11TBMRPqnS3eg_gX4",
    "address": "Masarykov put 20, 20000, Dubrovnik, Croatia",
    "website": "https://www.adriaticluxuryhotels.com/hotel-dubrovnik-palace?utm_source=google&utm_medium=organic&utm_campaign=Google-places",
    "phone": "+385 20 430 000",
    "google_url": "https://maps.google.com/?cid=9115637390161127742"
  },
  {
    "city": "Dubrovnik, Croatia",
    "country": "Croatia",
    "name": "Hotel Dubrovnik",
    "rating": 3.2,
    "user_ratings_total": 698,
    "price_level": null,
    "types": [
      "establishment",
      "lodging",
      "point_of_interest"
    ],
    "lat": 42.6560812,
    "lng": 18.0727278,
    "cribsLikely": true,
    "place_id": "ChIJkZAHGzp1TBMR-dJiX9ehZ9I",
    "address": "Šetalište kralja Zvonimira 16, 20000, Dubrovnik, Croatia",
    "website": "http://www.hoteldubrovnik.hr/",
    "phone": "+385 20 435 030",
    "google_url": "https://maps.google.com/?cid=15161264616956416761"
  },
  {
    "city": "Dubrovnik, Croatia",
    "country": "Croatia",
    "name": "Hotel Excelsior",
    "rating": 4.8,
    "user_ratings_total": 1219,
    "price_level": null,
    "types": [
      "establishment",
      "lodging",
      "point_of_interest"
    ],
    "lat": 42.6412894,
    "lng": 18.1186852,
    "cribsLikely": true,
    "place_id": "ChIJ_62IVDULTBMRi7eaGcc6tGQ",
    "address": "Ul. Frana Supila 12, 20000, Dubrovnik, Croatia",
    "website": "https://www.adriaticluxuryhotels.com/hotel-excelsior-dubrovnik?utm_source=google&utm_medium=organic&utm_campaign=Google-places",
    "phone": "+385 20 353 000",
    "google_url": "https://maps.google.com/?cid=7256489526403184523"
  },
  {
    "city": "Dubrovnik, Croatia",
    "country": "Croatia",
    "name": "Hostel Villa Angelina Old Town Dubrovnik",
    "rating": 4.6,
    "user_ratings_total": 569,
    "price_level": null,
    "types": [
      "establishment",
      "lodging",
      "point_of_interest"
    ],
    "lat": 42.6398054,
    "lng": 18.109775,
    "cribsLikely": true,
    "place_id": "ChIJsSr8uDILTBMRnkrNYo4lS3o",
    "address": "Bunićeva poljana 2, 20000, Dubrovnik, Croatia",
    "website": "http://hostelangelinaoldtowndubrovnik.com/",
    "phone": "+385 91 893 9089",
    "google_url": "https://maps.google.com/?cid=8812178389353712286"
  },
  {
    "city": "Dubrovnik, Croatia",
    "country": "Croatia",
    "name": "Hotel More",
    "rating": 4.6,
    "user_ratings_total": 1782,
    "price_level": null,
    "types": [
      "establishment",
      "food",
      "lodging",
      "point_of_interest",
      "restaurant"
    ],
    "lat": 42.6569709,
    "lng": 18.065933,
    "cribsLikely": true,
    "place_id": "ChIJpyqFLEl1TBMRrkcc4dX4k7E",
    "address": "Ul. kardinala Stepinca 33, 20000, Dubrovnik, Croatia",
    "website": "http://www.hotel-more.hr/",
    "phone": "+385 20 494 200",
    "google_url": "https://maps.google.com/?cid=12795844563778160558"
  },
  {
    "city": "Dubrovnik, Croatia",
    "country": "Croatia",
    "name": "President Hotel, Valamar Collection",
    "rating": 4.7,
    "user_ratings_total": 2641,
    "price_level": null,
    "types": [
      "establishment",
      "lodging",
      "point_of_interest"
    ],
    "lat": 42.6612596,
    "lng": 18.0589495,
    "cribsLikely": true,
    "place_id": "ChIJQco6dUV1TBMRCHCtfWACAAU",
    "address": "Ul. Iva Dulčića 142, 20000, Dubrovnik, Croatia",
    "website": "https://www.valamar.com/en/hotels-dubrovnik/valamar-dubrovnik-president-hotel?utm_source=gmb&utm_medium=listing&utm_campaign=president",
    "phone": "+385 52 465 000",
    "google_url": "https://maps.google.com/?cid=360290583638274056"
  },
  {
    "city": "Dubrovnik, Croatia",
    "country": "Croatia",
    "name": "Hilton Imperial Dubrovnik",
    "rating": 4.7,
    "user_ratings_total": 2008,
    "price_level": null,
    "types": [
      "establishment",
      "lodging",
      "point_of_interest",
      "spa"
    ],
    "lat": 42.6427269,
    "lng": 18.1047568,
    "cribsLikely": true,
    "place_id": "ChIJb52fHy0LTBMR-jwCCUe_Uc4",
    "address": "Ul. Marijana Blažića 2, 20000, Dubrovnik, Croatia",
    "website": "https://www.hilton.com/en/hotels/dbvhihi-hilton-imperial-dubrovnik/?SEO_id=GMB-EMEA-HI-DBVHIHI",
    "phone": "+385 20 320 320",
    "google_url": "https://maps.google.com/?cid=14866874156741442810"
  },
  {
    "city": "Dubrovnik, Croatia",
    "country": "Croatia",
    "name": "Valamar Argosy Hotel",
    "rating": 4.6,
    "user_ratings_total": 2068,
    "price_level": null,
    "types": [
      "establishment",
      "lodging",
      "point_of_interest"
    ],
    "lat": 42.66214189999999,
    "lng": 18.0607558,
    "cribsLikely": true,
    "place_id": "ChIJtdPNPEV1TBMRCxj41as-36E",
    "address": "Ul. Iva Dulčića 140, 20000, Dubrovnik, Croatia",
    "website": "https://www.valamar.com/en/hotels-dubrovnik/argosy-hotel?utm_source=gmb&utm_medium=listing&utm_campaign=argosy",
    "phone": "+385 52 465 000",
    "google_url": "https://maps.google.com/?cid=11664110467663009803"
  },
  {
    "city": "Dubrovnik, Croatia",
    "country": "Croatia",
    "name": "City Hotel Dubrovnik",
    "rating": 4.6,
    "user_ratings_total": 358,
    "price_level": null,
    "types": [
      "establishment",
      "lodging",
      "point_of_interest"
    ],
    "lat": 42.6518186,
    "lng": 18.0883667,
    "cribsLikely": true,
    "place_id": "ChIJLaQPY2J1TBMRsAtADYuS420",
    "address": "Hrvatskog Crvenog Kriza 4, 20000, Dubrovnik, Croatia",
    "website": "https://www.city-hotel.hr/",
    "phone": "+385 20 301 800",
    "google_url": "https://maps.google.com/?cid=7918333695767874480"
  },
  {
    "city": "Dubrovnik, Croatia",
    "country": "Croatia",
    "name": "Hotel Neptun",
    "rating": 4.6,
    "user_ratings_total": 1111,
    "price_level": null,
    "types": [
      "establishment",
      "lodging",
      "point_of_interest"
    ],
    "lat": 42.6597661,
    "lng": 18.0582451,
    "cribsLikely": true,
    "place_id": "ChIJMwVeHUl1TBMRYx4nalS6B0c",
    "address": "Ul. kardinala Stepinca 31d, 20000, Dubrovnik, Croatia",
    "website": "http://www.hotelneptundubrovnik.com/",
    "phone": "+385 20 440 100",
    "google_url": "https://maps.google.com/?cid=5118264373250825827"
  },
  {
    "city": "Dubrovnik, Croatia",
    "country": "Croatia",
    "name": "Grand Villa Argentina",
    "rating": 4.5,
    "user_ratings_total": 739,
    "price_level": null,
    "types": [
      "establishment",
      "lodging",
      "point_of_interest"
    ],
    "lat": 42.6404818,
    "lng": 18.1213755,
    "cribsLikely": true,
    "place_id": "ChIJiZTGyEoLTBMRetOxhelhTnU",
    "address": "Ul. Frana Supila 14, 20000, Dubrovnik, Croatia",
    "website": "https://www.adriaticluxuryhotels.com/grand-villa-argentina?utm_source=google&utm_medium=organic&utm_campaign=Google-places",
    "phone": "+385 20 300 300",
    "google_url": "https://maps.google.com/?cid=8452801206219297658"
  },
  {
    "city": "Dubrovnik, Croatia",
    "country": "Croatia",
    "name": "Sunny Dubrovnik by Valamar",
    "rating": 4.2,
    "user_ratings_total": 1891,
    "price_level": null,
    "types": [
      "establishment",
      "lodging",
      "point_of_interest"
    ],
    "lat": 42.6617506,
    "lng": 18.0652581,
    "cribsLikely": true,
    "place_id": "ChIJQco6dUV1TBMRtB6ipCzoles",
    "address": "Ul. Iva Dulčića 38, 20000, Dubrovnik, Croatia",
    "website": "https://www.valamar.com/en/hotels-dubrovnik/valamar-club-dubrovnik?utm_source=gmb&utm_medium=listing&utm_campaign=sunny_dubrovnik",
    "phone": "+385 52 465 000",
    "google_url": "https://maps.google.com/?cid=16975729648881245876"
  }
]