[
  {
    "city": "Edinburgh, UK",
    "country": "United Kingdom",
    "name": "CoDE Pod – THE CoURT",
    "rating": 4.6,
    "user_ratings_total": 1075,
    "price_level": null,
    "types": [
      "establishment",
      "lodging",
      "point_of_interest"
    ],
    "lat": 55.9494403,
    "lng": -3.1898745,
    "cribsLikely": true,
    "place_id": "ChIJ18KYdl3Hh0gR_w2clph0KLo",
    "address": "1A Parliament Sqr, Edinburgh EH1 1RF, UK",
    "website": "https://www.codehostels.com/",
    "phone": "+44 131 297 6170",
    "google_url": "https://maps.google.com/?cid=13414099688833682943"
  },
  {
    "city": "Edinburgh, UK",
    "country": "United Kingdom",
    "name": "Premier Inn Edinburgh A1 (Newcraighall) hotel",
    "rating": 4.2,
    "user_ratings_total": 660,
    "price_level": null,
    "types": [
      "establishment",
      "food",
      "lodging",
      "point_of_interest",
      "restaurant"
    ],
    "lat": 55.9350649,
    "lng": -3.0949274,
    "cribsLikely": true,
    "place_id": "ChIJjZLEGQy5h0gR0xpuF_qc8TA",
    "address": "91 Newcraighall Rd, Edinburgh EH21 8RX, UK",
    "website": "https://www.premierinn.com/gb/en/hotels/scotland/lothian/edinburgh/edinburgh-a1-newcraighall.html?cid=GLBC_EDICUD",
    "phone": null,
    "google_url": "https://maps.google.com/?cid=3526772581156657875"
  },
  {
    "city": "Edinburgh, UK",
    "country": "United Kingdom",
    "name": "Edinburgh Castle Apartments & Suites",
    "rating": 4.3,
    "user_ratings_total": 213,
    "price_level": null,
    "types": [
      "establishment",
      "lodging",
      "point_of_interest"
    ],
    "lat": 55.95194009999999,
    "lng": -3.2035901,
    "cribsLikely": true,
    "place_id": "ChIJz_O2pZfHh0gRng_9jDxSM68",
    "address": "28 Castle St, Edinburgh EH2 3HT, UK",
    "website": "http://www.edinburghcastleapartments.com/",
    "phone": "+44 131 225 6964",
    "google_url": "https://maps.google.com/?cid=12624524600466542494"
  },
  {
    "city": "Edinburgh, UK",
    "country": "United Kingdom",
    "name": "Travelodge Edinburgh Central",
    "rating": 4,
    "user_ratings_total": 2551,
    "price_level": null,
    "types": [
      "establishment",
      "lodging",
      "point_of_interest"
    ],
    "lat": 55.9498101,
    "lng": -3.183917,
    "cribsLikely": true,
    "place_id": "ChIJoZwTZprHh0gRc79wVIM9Jx4",
    "address": "33 St Mary's St, Edinburgh EH1 1TA, UK",
    "website": "https://www.travelodge.co.uk/hotels/205/edinburgh-central-hotel?utm_source=google&utm_medium=GHA_Organic&utm_campaign=GHA_Edinburgh%20Central&WT.tsrc=GHA_Organic",
    "phone": "+44 871 984 6137",
    "google_url": "https://maps.google.com/?cid=2172772979496238963"
  },
  {
    "city": "Edinburgh, UK",
    "country": "United Kingdom",
    "name": "Travelodge Edinburgh Park",
    "rating": 4.3,
    "user_ratings_total": 442,
    "price_level": null,
    "types": [
      "establishment",
      "lodging",
      "point_of_interest"
    ],
    "lat": 55.9336335,
    "lng": -3.3022985,
    "cribsLikely": true,
    "place_id": "ChIJA5Kpvh7Fh0gRs2HWoZg9rJQ",
    "address": "53 S Gyle Broadway, Edinburgh EH12 9LR, UK",
    "website": "https://www.travelodge.co.uk/hotels/665/Edinburgh-Park-hotel?utm_source=google&utm_medium=GHA_Organic&utm_campaign=GHA_Edinburgh_Park&WT.tsrc=GHA_Organic",
    "phone": "+44 871 984 6556",
    "google_url": "https://maps.google.com/?cid=10713005339367072179"
  },
  {
    "city": "Edinburgh, UK",
    "country": "United Kingdom",
    "name": "Premier Inn Edinburgh City Centre Royal Mile hotel",
    "rating": 4.3,
    "user_ratings_total": 463,
    "price_level": null,
    "types": [
      "establishment",
      "food",
      "lodging",
      "point_of_interest",
      "restaurant"
    ],
    "lat": 55.9514343,
    "lng": -3.1839625,
    "cribsLikely": true,
    "place_id": "ChIJtYqsj13Hh0gR5ZSdhO3dnZE",
    "address": "33 E Market St, Edinburgh EH8 8FR, UK",
    "website": "https://www.premierinn.com/gb/en/hotels/scotland/lothian/edinburgh/edinburgh-city-centre-royal-mile.html?cid=GLBC_EDIOLD",
    "phone": "+44 333 234 6430",
    "google_url": "https://maps.google.com/?cid=10492786719045031141"
  },
  {
    "city": "Edinburgh, UK",
    "country": "United Kingdom",
    "name": "Kick Ass Greyfriars",
    "rating": 4.2,
    "user_ratings_total": 1397,
    "price_level": null,
    "types": [
      "bar",
      "establishment",
      "food",
      "lodging",
      "point_of_interest",
      "restaurant"
    ],
    "lat": 55.9478733,
    "lng": -3.1930592,
    "cribsLikely": true,
    "place_id": "ChIJ6YpK2prHh0gRJPg35WSupOo",
    "address": "37-39 Cowgate, Edinburgh EH1 1JR, UK",
    "website": "http://www.kickasshostels.co.uk/",
    "phone": "+44 131 226 6351",
    "google_url": "https://maps.google.com/?cid=16907830649421297700"
  },
  {
    "city": "Edinburgh, UK",
    "country": "United Kingdom",
    "name": "hub by Premier Inn Edinburgh City Centre (Rose Street) hotel",
    "rating": 4.5,
    "user_ratings_total": 1810,
    "price_level": null,
    "types": [
      "establishment",
      "food",
      "lodging",
      "point_of_interest",
      "restaurant"
    ],
    "lat": 55.9525672,
    "lng": -3.1977611,
    "cribsLikely": true,
    "place_id": "ChIJGXQo2pDHh0gRBJqKvGHwrg4",
    "address": "Rose St S Ln, Edinburgh EH2 2NN, UK",
    "website": "https://www.premierinn.com/gb/en/hotels/scotland/lothian/edinburgh/hub-edinburgh-rose-street.html?cid=GLBC_EDIROS",
    "phone": "+44 333 321 3104",
    "google_url": "https://maps.google.com/?cid=1058047265044339204"
  },
  {
    "city": "Edinburgh, UK",
    "country": "United Kingdom",
    "name": "St Christopher's Inn Edinburgh - Old Town",
    "rating": 3.9,
    "user_ratings_total": 330,
    "price_level": null,
    "types": [
      "establishment",
      "lodging",
      "point_of_interest"
    ],
    "lat": 55.95089059999999,
    "lng": -3.190285,
    "cribsLikely": true,
    "place_id": "ChIJZwn1eMbHh0gRnOyV4E783UU",
    "address": "9-13 Market St, Edinburgh EH1 1DE, UK",
    "website": "https://www.st-christophers.co.uk/edinburgh/old-town-hostel",
    "phone": "+44 131 226 1446",
    "google_url": "https://maps.google.com/?cid=5034457374175653020"
  },
  {
    "city": "Edinburgh, UK",
    "country": "United Kingdom",
    "name": "Point A Edinburgh",
    "rating": 4.3,
    "user_ratings_total": 1338,
    "price_level": null,
    "types": [
      "establishment",
      "lodging",
      "point_of_interest"
    ],
    "lat": 55.9461033,
    "lng": -3.2106438,
    "cribsLikely": true,
    "place_id": "ChIJT5j2uqPHh0gRJrzdn__iaOQ",
    "address": "152 Morrison St, Edinburgh EH3 8EB, UK",
    "website": "https://www.pointahotels.com/our-hotels/edinburgh/?utm_source=google&utm_medium=mybusiness",
    "phone": "+44 131 526 4500",
    "google_url": "https://maps.google.com/?cid=16458654425752124454"
  },
  {
    "city": "Edinburgh, UK",
    "country": "United Kingdom",
    "name": "B+B Edinburgh",
    "rating": 4.3,
    "user_ratings_total": 530,
    "price_level": null,
    "types": [
      "establishment",
      "lodging",
      "point_of_interest"
    ],
    "lat": 55.95119219999999,
    "lng": -3.2165024,
    "cribsLikely": true,
    "place_id": "ChIJn6a43LrHh0gR7Cp7FPpVytc",
    "address": "3 Rothesay Terrace, Edinburgh EH3 7RY, UK",
    "website": "http://www.bb-edinburgh.com/",
    "phone": "+44 131 225 5084",
    "google_url": "https://maps.google.com/?cid=15549335196023859948"
  },
  {
    "city": "Edinburgh, UK",
    "country": "United Kingdom",
    "name": "voco Edinburgh - Royal Terrace by IHG",
    "rating": 3.9,
    "user_ratings_total": 1070,
    "price_level": null,
    "types": [
      "establishment",
      "lodging",
      "point_of_interest"
    ],
    "lat": 55.9567673,
    "lng": -3.1786056,
    "cribsLikely": true,
    "place_id": "ChIJa_cjwrHBh0gRX1rtk4vowb4",
    "address": "18 Royal Terrace, Edinburgh EH7 5AQ, UK",
    "website": "https://www.ihg.com/voco/hotels/us/en/edinburgh/edite/hoteldetail?cm_mmc=GoogleMaps-_-VX-_-GB-_-EDITE",
    "phone": "+44 131 557 3222",
    "google_url": "https://maps.google.com/?cid=13745523223891368543"
  }
]