[
  {
    "city": "Florence, Italy",
    "country": "Italy",
    "name": "Ambasciatori Hotel Florence",
    "rating": 4.3,
    "user_ratings_total": 6002,
    "price_level": null,
    "types": [
      "establishment",
      "lodging",
      "point_of_interest"
    ],
    "lat": 43.7760202,
    "lng": 11.246751,
    "cribsLikely": true,
    "place_id": "ChIJ7V0_0ahWKhMRdpLre2aJi4s",
    "address": "Via Luigi Alamanni, 3, 50123 Firenze FI, Italy",
    "website": "https://www.hotelambasciatori.net/it/index.html",
    "phone": "+39 055 287421",
    "google_url": "https://maps.google.com/?cid=10055281666293469814"
  },
  {
    "city": "Florence, Italy",
    "country": "Italy",
    "name": "Italiana Hotels Florence",
    "rating": 3.9,
    "user_ratings_total": 2940,
    "price_level": null,
    "types": [
      "establishment",
      "food",
      "lodging",
      "point_of_interest",
      "restaurant"
    ],
    "lat": 43.7576626,
    "lng": 11.298592,
    "cribsLikely": true,
    "place_id": "ChIJg3gil3hTKhMR9pegJ1434I8",
    "address": "Viale Europa, 205, 50126 Firenze FI, Italy",
    "website": "http://www.hiflorence.it/",
    "phone": "+39 055 653 3316",
    "google_url": "https://maps.google.com/?cid=10367347219738171382"
  },
  {
    "city": "Florence, Italy",
    "country": "Italy",
    "name": "c-hotels Diplomat Firenze",
    "rating": 4.4,
    "user_ratings_total": 2100,
    "price_level": null,
    "types": [
      "establishment",
      "lodging",
      "point_of_interest"
    ],
    "lat": 43.7764449,
    "lng": 11.2462111,
    "cribsLikely": true,
    "place_id": "ChIJiYXwM69WKhMR_ul9NDd5V1E",
    "address": "Via Luigi Alamanni, 9, 50123 Firenze FI, Italy",
    "website": "http://www.hoteldiplomat.net/",
    "phone": "+39 055 260 8400",
    "google_url": "https://maps.google.com/?cid=5861286718056819198"
  },
  {
    "city": "Florence, Italy",
    "country": "Italy",
    "name": "Hotel Grifone Firenze",
    "rating": 4.1,
    "user_ratings_total": 2082,
    "price_level": null,
    "types": [
      "establishment",
      "lodging",
      "point_of_interest"
    ],
    "lat": 43.7686729,
    "lng": 11.2855587,
    "cribsLikely": true,
    "place_id": "ChIJe9mvTXdUKhMRY8Freedl8F4",
    "address": "Via Gaetano Pilati, 20/22, 50136 Firenze FI, Italy",
    "website": "https://www.hotelgrifonefirenze.it/?utm_source=google&utm_medium=organic&utm_campaign=GoogleMyBusiness",
    "phone": "+39 055 623300",
    "google_url": "https://maps.google.com/?cid=6841079878824739171"
  },
  {
    "city": "Florence, Italy",
    "country": "Italy",
    "name": "Hotel Villani",
    "rating": 4.3,
    "user_ratings_total": 247,
    "price_level": null,
    "types": [
      "establishment",
      "lodging",
      "point_of_interest"
    ],
    "lat": 43.7721802,
    "lng": 11.2557879,
    "cribsLikely": true,
    "place_id": "ChIJ1Y2SfAFUKhMRiDQp8M1_2iU",
    "address": "Via dell'Oche, 11, 50122 Firenze FI, Italy",
    "website": "https://www.hotelvillani.com/",
    "phone": "+39 055 239 6451",
    "google_url": "https://maps.google.com/?cid=2727633046800512136"
  },
  {
    "city": "Florence, Italy",
    "country": "Italy",
    "name": "La Corte dei Principi",
    "rating": 3.6,
    "user_ratings_total": 307,
    "price_level": null,
    "types": [
      "establishment",
      "lodging",
      "point_of_interest"
    ],
    "lat": 43.77710340000001,
    "lng": 11.2408924,
    "cribsLikely": true,
    "place_id": "ChIJSc4tJ7BWKhMR51brXMK9FRY",
    "address": "Via Il Prato, 66, 50123 Firenze FI, Italy",
    "website": "http://www.lacortedeiprincipi.com/",
    "phone": "+39 055 218349",
    "google_url": "https://maps.google.com/?cid=1591386685825570535"
  },
  {
    "city": "Florence, Italy",
    "country": "Italy",
    "name": "b&b Firenze Il Terrazzino sulla Cattedrale",
    "rating": 4.6,
    "user_ratings_total": 65,
    "price_level": null,
    "types": [
      "establishment",
      "lodging",
      "point_of_interest"
    ],
    "lat": 43.7735213,
    "lng": 11.2562698,
    "cribsLikely": true,
    "place_id": "ChIJuUfByQNUKhMRdWn7864a3cs",
    "address": "Piazza del Duomo, 1, 50122 Firenze FI, Italy",
    "website": "http://ilterrazzinosullacattedrale.it/",
    "phone": "+39 331 734 1988",
    "google_url": "https://maps.google.com/?cid=14689926898272397685"
  },
  {
    "city": "Florence, Italy",
    "country": "Italy",
    "name": "Hotel Astro Mediceo",
    "rating": 4.1,
    "user_ratings_total": 314,
    "price_level": null,
    "types": [
      "establishment",
      "lodging",
      "point_of_interest"
    ],
    "lat": 43.785114,
    "lng": 11.268544,
    "cribsLikely": true,
    "place_id": "ChIJsYdKHBZUKhMRi8-o46y-P6A",
    "address": "V. Fra' Bartolomeo, 56, 50132 Firenze FI, Italy",
    "website": "http://www.hotelastromediceo.it/",
    "phone": "+39 055 572232",
    "google_url": "https://maps.google.com/?cid=11547157619364384651"
  },
  {
    "city": "Florence, Italy",
    "country": "Italy",
    "name": "Hotel Ferrucci",
    "rating": 3.7,
    "user_ratings_total": 473,
    "price_level": null,
    "types": [
      "establishment",
      "lodging",
      "point_of_interest"
    ],
    "lat": 43.7638214,
    "lng": 11.2741093,
    "cribsLikely": true,
    "place_id": "ChIJ7QteJPVTKhMRK3hwyNfaxPI",
    "address": "Via di Ricorboli, 2, 50126 Firenze FI, Italy",
    "website": "https://www.hotelferruccifirenze.it/",
    "phone": "+39 055 688660",
    "google_url": "https://maps.google.com/?cid=17493347472929486891"
  },
  {
    "city": "Florence, Italy",
    "country": "Italy",
    "name": "Hostel 7 Santi",
    "rating": 3.8,
    "user_ratings_total": 1561,
    "price_level": null,
    "types": [
      "establishment",
      "lodging",
      "point_of_interest"
    ],
    "lat": 43.7807813,
    "lng": 11.2787729,
    "cribsLikely": true,
    "place_id": "ChIJw71DvGtUKhMRT-aTfhdP-Ag",
    "address": "Viale dei Mille, 11, 50131 Firenze FI, Italy",
    "website": "http://www.hostel7santi.com/",
    "phone": "+39 055 218510",
    "google_url": "https://maps.google.com/?cid=646353508854130255"
  },
  {
    "city": "Florence, Italy",
    "country": "Italy",
    "name": "Hotel Santa Croce",
    "rating": 4.6,
    "user_ratings_total": 421,
    "price_level": null,
    "types": [
      "establishment",
      "lodging",
      "point_of_interest"
    ],
    "lat": 43.7692673,
    "lng": 11.2592992,
    "cribsLikely": true,
    "place_id": "ChIJN0HCIwdUKhMRePPWGelRpXY",
    "address": "Via De' Bentaccordi, 3, 50122 Firenze FI, Italy",
    "website": "http://www.hotelsantacroce.it/",
    "phone": "+39 055 217000",
    "google_url": "https://maps.google.com/?cid=8549329529235501944"
  },
  {
    "city": "Florence, Italy",
    "country": "Italy",
    "name": "Hotel Pitti Palace al Ponte Vecchio",
    "rating": 4.6,
    "user_ratings_total": 3445,
    "price_level": null,
    "types": [
      "establishment",
      "lodging",
      "point_of_interest"
    ],
    "lat": 43.7675154,
    "lng": 11.2525463,
    "cribsLikely": true,
    "place_id": "ChIJf-NK_P9TKhMRuBx2BRTtNoo",
    "address": "Borgo San Iacopo, 3/R, 50125 Firenze FI, Italy",
    "website": "https://www.hotel-bb.com/it/hotel/pitti-palace-al-ponte-vecchio?utm_source=googlemaps&utm_medium=fichehotel&utm_campaign=yext",
    "phone": "+39 055 239 8711",
    "google_url": "https://maps.google.com/?cid=9959408296223186104"
  }
]