[
  {
    "city": "France",
    "country": "France",
    "name": "Le Parisis Hôtel",
    "rating": 4.6,
    "user_ratings_total": 1123,
    "price_level": null,
    "types": [
      "establishment",
      "lodging",
      "point_of_interest"
    ],
    "lat": 48.84952510000001,
    "lng": 2.295556,
    "cribsLikely": true,
    "place_id": "ChIJjTtwWBhw5kcR7bTMVjRtNI0",
    "address": "102 Bd de Grenelle, 75015 Paris, France",
    "website": "http://hotelleparisis.com/",
    "phone": "+33 1 40 59 90 90",
    "google_url": "https://maps.google.com/?cid=10174877529698776301"
  },
  {
    "city": "France",
    "country": "France",
    "name": "Camping du lac Saint-Julien du Verdon",
    "rating": 4.1,
    "user_ratings_total": 383,
    "price_level": null,
    "types": [
      "campground",
      "establishment",
      "lodging",
      "park",
      "point_of_interest",
      "rv_park"
    ],
    "lat": 43.91608129999999,
    "lng": 6.5405007,
    "cribsLikely": true,
    "place_id": "ChIJK5ygUNFyzBIRvY84QHWRNCc",
    "address": "28 Mnt des Chênes, 04170 Saint-Julien-du-Verdon, France",
    "website": "http://www.lecampingdulac.fr/",
    "phone": "+33 6 56 83 46 34",
    "google_url": "https://maps.google.com/?cid=2825042799042793405"
  },
  {
    "city": "France",
    "country": "France",
    "name": "Logis Hôtel Demeure de la Vignole",
    "rating": 4.8,
    "user_ratings_total": 883,
    "price_level": null,
    "types": [
      "establishment",
      "lodging",
      "point_of_interest"
    ],
    "lat": 47.2215309,
    "lng": 0.0364878,
    "cribsLikely": true,
    "place_id": "ChIJccnCYdBY_UcROoFgmHmE7No",
    "address": "3 Imp. Marguerite d'Anjou, 49730 Turquant, France",
    "website": "https://www.logishotels.com/fr/hotel/-7843?partid=1535",
    "phone": "+33 2 41 53 67 00",
    "google_url": "https://maps.google.com/?cid=15775129252554375482"
  },
  {
    "city": "France",
    "country": "France",
    "name": "B Montmartre Hôtel",
    "rating": 4.7,
    "user_ratings_total": 637,
    "price_level": null,
    "types": [
      "bar",
      "establishment",
      "lodging",
      "point_of_interest"
    ],
    "lat": 48.8836895,
    "lng": 2.3257911,
    "cribsLikely": true,
    "place_id": "ChIJ4db46Exu5kcRomcZlTRPCeQ",
    "address": "6 Rue Lécluse, 75017 Paris, France",
    "website": "http://www.b-montmartre.com/",
    "phone": "+33 1 42 93 35 77",
    "google_url": "https://maps.google.com/?cid=16431751802696329122"
  },
  {
    "city": "France",
    "country": "France",
    "name": "JO&JOE Paris Gentilly",
    "rating": 4.5,
    "user_ratings_total": 4196,
    "price_level": null,
    "types": [
      "establishment",
      "lodging",
      "point_of_interest"
    ],
    "lat": 48.8163491,
    "lng": 2.3382857,
    "cribsLikely": true,
    "place_id": "ChIJVfqc7c9x5kcRS42v9lHAbBk",
    "address": "89-93 Av. Paul Vaillant Couturier, 94250 Gentilly, France",
    "website": "https://all.accor.com/lien_externe.svlt?goto=fiche_hotel&code_hotel=B0D0&merchantid=seo-maps-FR-B0D0&sourceid=aw-cen&utm_medium=seo%20maps&utm_source=google%20Maps&utm_campaign=seo%20maps",
    "phone": "+33 1 84 23 37 60",
    "google_url": "https://maps.google.com/?cid=1832050606696533323"
  },
  {
    "city": "France",
    "country": "France",
    "name": "La Ferme de Castellane",
    "rating": 4.7,
    "user_ratings_total": 929,
    "price_level": null,
    "types": [
      "campground",
      "establishment",
      "lodging",
      "park",
      "point_of_interest"
    ],
    "lat": 43.83838249999999,
    "lng": 6.541934299999999,
    "cribsLikely": true,
    "place_id": "ChIJPQvRadENzBIRyQSeT8HQxSY",
    "address": "Chemin de Destourbes Quartier, La Lagne, 04120 Castellane, France",
    "website": "https://www.camping-la-ferme.com/",
    "phone": "+33 6 82 82 02 91",
    "google_url": "https://maps.google.com/?cid=2793868672536282313"
  },
  {
    "city": "France",
    "country": "France",
    "name": "Hôtel le Versailles.",
    "rating": 4.1,
    "user_ratings_total": 1041,
    "price_level": null,
    "types": [
      "establishment",
      "lodging",
      "point_of_interest"
    ],
    "lat": 48.8056209,
    "lng": 2.1253207,
    "cribsLikely": true,
    "place_id": "ChIJJ7k5L7p95kcR2Qmes8vlQLw",
    "address": "7 Rue Sainte-Anne, 78000 Versailles, France",
    "website": "http://www.hotel-le-versailles.fr/",
    "phone": "+33 1 39 50 64 65",
    "google_url": "https://maps.google.com/?cid=13565094740694534617"
  },
  {
    "city": "France",
    "country": "France",
    "name": "Hotel George - Astotel",
    "rating": 4.7,
    "user_ratings_total": 816,
    "price_level": null,
    "types": [
      "establishment",
      "lodging",
      "point_of_interest"
    ],
    "lat": 48.8795926,
    "lng": 2.3364498,
    "cribsLikely": true,
    "place_id": "ChIJJ_nYNUZu5kcRsEXqhQy7Ha8",
    "address": "46 Rue Notre Dame de Lorette, 75009 Paris, France",
    "website": "https://www.astotel.com/hotel/george-opera/overview#utm_source=google&utm_medium=organic&utm_campaign=mybusiness_george",
    "phone": "+33 1 48 74 03 29",
    "google_url": "https://maps.google.com/?cid=12618447393422722480"
  },
  {
    "city": "France",
    "country": "France",
    "name": "Hôtel France et Chateaubriand Saint-Malo",
    "rating": 4,
    "user_ratings_total": 2727,
    "price_level": null,
    "types": [
      "establishment",
      "food",
      "lodging",
      "point_of_interest",
      "restaurant"
    ],
    "lat": 48.6513613,
    "lng": -2.0241474,
    "cribsLikely": true,
    "place_id": "ChIJYXw_1xGBDkgRsRZz8Og4mkQ",
    "address": "12 Pl. Chateaubriand, 35400 Saint-Malo, France",
    "website": "https://www.hotel-chateaubriand-st-malo.com/",
    "phone": "+33 2 99 56 66 52",
    "google_url": "https://maps.google.com/?cid=4943326114110183089"
  },
  {
    "city": "France",
    "country": "France",
    "name": "Cler Hotel",
    "rating": 4.5,
    "user_ratings_total": 370,
    "price_level": null,
    "types": [
      "establishment",
      "lodging",
      "point_of_interest"
    ],
    "lat": 48.8574911,
    "lng": 2.305919,
    "cribsLikely": true,
    "place_id": "ChIJjxVzsNhv5kcR1hrs6_LnEV0",
    "address": "24 bis Rue Cler, 75007 Paris, France",
    "website": "http://www.clerhotel.com/",
    "phone": "+33 1 45 00 18 06",
    "google_url": "https://maps.google.com/?cid=6706396350657600214"
  },
  {
    "city": "France",
    "country": "France",
    "name": "Camping Brillas",
    "rating": 4.2,
    "user_ratings_total": 764,
    "price_level": null,
    "types": [
      "campground",
      "establishment",
      "lodging",
      "park",
      "point_of_interest"
    ],
    "lat": 47.075151,
    "lng": -2.0071274,
    "cribsLikely": true,
    "place_id": "ChIJwwiYx1UKBUgRuqLVUC0hCAY",
    "address": "Le Bois des Tréans, 44760 Les Moutiers-en-Retz, France",
    "website": "https://www.campinglesbrillas.com/",
    "phone": "+33 2 40 82 79 78",
    "google_url": "https://maps.google.com/?cid=434633842554675898"
  },
  {
    "city": "France",
    "country": "France",
    "name": "Hôtel Libertel Canal Saint-Martin",
    "rating": 4,
    "user_ratings_total": 1071,
    "price_level": null,
    "types": [
      "establishment",
      "lodging",
      "point_of_interest"
    ],
    "lat": 48.8823261,
    "lng": 2.3710394,
    "cribsLikely": true,
    "place_id": "ChIJ98bX5tht5kcRdbbeksCbBXQ",
    "address": "5 Av. Secrétan, 75019 Paris, France",
    "website": "http://www.libertel-canal-saint-martin.com/",
    "phone": "+33 1 42 06 62 00",
    "google_url": "https://maps.google.com/?cid=8360259534683289205"
  }
]