[
  {
    "city": "Frankfurt, Germany",
    "country": "Germany",
    "name": "Flemings Hotel Frankfurt Main-Riverside",
    "rating": 4.6,
    "user_ratings_total": 1633,
    "price_level": null,
    "types": [
      "establishment",
      "food",
      "lodging",
      "point_of_interest",
      "restaurant"
    ],
    "lat": 50.1099751,
    "lng": 8.6923379,
    "cribsLikely": true,
    "place_id": "ChIJcet_7aEOvUcRMgo0WNaBTRw",
    "address": "Lange Str. 5-9, 60311 Frankfurt am Main, Germany",
    "website": "https://www.flemings-hotels.com/main-riverside-hotel-frankfurt",
    "phone": "+49 69 219300",
    "google_url": "https://maps.google.com/?cid=2039428963871492658"
  },
  {
    "city": "Frankfurt, Germany",
    "country": "Germany",
    "name": "Grand Hotel Downtown",
    "rating": 3.6,
    "user_ratings_total": 1791,
    "price_level": null,
    "types": [
      "establishment",
      "lodging",
      "point_of_interest"
    ],
    "lat": 50.1088098,
    "lng": 8.6653734,
    "cribsLikely": true,
    "place_id": "ChIJ8Tr9P1UJvUcRf2Y0j0DFzY4",
    "address": "Taunusstraße 48-50, 60329 Frankfurt am Main, Germany",
    "website": "http://www.hoteldowntown.de/",
    "phone": "+49 69 96869890",
    "google_url": "https://maps.google.com/?cid=10290097604682606207"
  },
  {
    "city": "Frankfurt, Germany",
    "country": "Germany",
    "name": "Flemings Hotel Frankfurt-Central",
    "rating": 4.4,
    "user_ratings_total": 3045,
    "price_level": 2,
    "types": [
      "bar",
      "electronics_store",
      "establishment",
      "lodging",
      "point_of_interest",
      "store"
    ],
    "lat": 50.107987,
    "lng": 8.661273999999999,
    "cribsLikely": true,
    "place_id": "ChIJb7li9lUJvUcR-Px6OYZ8lxE",
    "address": "Poststraße 8, 60329 Frankfurt am Main, Germany",
    "website": "https://www.flemings-hotels.com/frankfurt-express-hotel",
    "phone": "+49 69 273910",
    "google_url": "https://maps.google.com/?cid=1267618736059907320"
  },
  {
    "city": "Frankfurt, Germany",
    "country": "Germany",
    "name": "Frankfurt Marriott Hotel",
    "rating": 4.4,
    "user_ratings_total": 4603,
    "price_level": null,
    "types": [
      "establishment",
      "lodging",
      "point_of_interest"
    ],
    "lat": 50.1145889,
    "lng": 8.6503145,
    "cribsLikely": true,
    "place_id": "ChIJdag3xFsJvUcRZtfKqZkzBAM",
    "address": "Hamburger Allee 2, 60486 Frankfurt am Main, Germany",
    "website": "https://www.marriott.com/en-us/hotels/fradt-frankfurt-marriott-hotel/overview/?scid=f2ae0541-1279-4f24-b197-a979c79310b0",
    "phone": "+49 69 79550",
    "google_url": "https://maps.google.com/?cid=217355417092282214"
  },
  {
    "city": "Frankfurt, Germany",
    "country": "Germany",
    "name": "Crowne Plaza Frankfurt Congress Hotel by IHG",
    "rating": 3.9,
    "user_ratings_total": 2380,
    "price_level": null,
    "types": [
      "establishment",
      "lodging",
      "point_of_interest"
    ],
    "lat": 50.077241,
    "lng": 8.628688,
    "cribsLikely": true,
    "place_id": "ChIJV9-G_qILvUcRMQD7pLLka7s",
    "address": "Lyoner Str. 44 -48, 60528 Frankfurt am Main, Germany",
    "website": "https://www.ihg.com/crowneplaza/hotels/gb/en/frankfurt/fracg/hoteldetail?cm_mmc=GoogleMaps-_-CP-_-DE-_-FRACG",
    "phone": "+49 69 66330",
    "google_url": "https://maps.google.com/?cid=13505139363523788849"
  },
  {
    "city": "Frankfurt, Germany",
    "country": "Germany",
    "name": "Steigenberger Frankfurter Hof",
    "rating": 4.5,
    "user_ratings_total": 3011,
    "price_level": null,
    "types": [
      "bar",
      "establishment",
      "food",
      "lodging",
      "point_of_interest",
      "restaurant"
    ],
    "lat": 50.1102913,
    "lng": 8.6760504,
    "cribsLikely": true,
    "place_id": "ChIJY80iaqkOvUcRNQEhyx9ZB6A",
    "address": "Am Kaiserplatz, Bethmannstraße 33, 60311 Frankfurt am Main, Germany",
    "website": "https://hrewards.com/de/steigenberger-icon-frankfurter-hof?wt_mc=seo_listing.shr.yext.frankfurt_frankfurter_hof.hotel_link.text_cta",
    "phone": "+49 69 21502",
    "google_url": "https://maps.google.com/?cid=11531283363992240437"
  },
  {
    "city": "Frankfurt, Germany",
    "country": "Germany",
    "name": "Comfort Hotel Frankfurt Central Station",
    "rating": 3.5,
    "user_ratings_total": 574,
    "price_level": null,
    "types": [
      "establishment",
      "lodging",
      "point_of_interest"
    ],
    "lat": 50.1073764,
    "lng": 8.667251199999999,
    "cribsLikely": true,
    "place_id": "ChIJ91xDqKoOvUcRJVCW6-kIz70",
    "address": "Moselstraße 23, 60329 Frankfurt am Main, Germany",
    "website": "https://www.choicehotels.com/germany/frankfurt/comfort-inn-hotels/ge148?mc=llgobeeu&pmf=bleu",
    "phone": "+49 69 272800",
    "google_url": "https://maps.google.com/?cid=13677160394120384549"
  },
  {
    "city": "Frankfurt, Germany",
    "country": "Germany",
    "name": "B&B HOTEL Frankfurt-Messe",
    "rating": 4.1,
    "user_ratings_total": 617,
    "price_level": null,
    "types": [
      "establishment",
      "lodging",
      "point_of_interest"
    ],
    "lat": 50.1141344,
    "lng": 8.6182377,
    "cribsLikely": true,
    "place_id": "ChIJtWmocqgJvUcRBkYRUeXWtrA",
    "address": "Leonardo-da-Vinci-Allee 40, 60486 Frankfurt am Main, Germany",
    "website": "https://www.hotel-bb.com/de/hotel/frankfurt-messe?utm_source=vz&utm_medium=referral&utm_content=frankfurt-messe&utm_campaign=yext",
    "phone": "+49 69 286070",
    "google_url": "https://maps.google.com/?cid=12733601276832597510"
  },
  {
    "city": "Frankfurt, Germany",
    "country": "Germany",
    "name": "Bristol Hotel Frankfurt",
    "rating": 3.7,
    "user_ratings_total": 1755,
    "price_level": null,
    "types": [
      "bar",
      "establishment",
      "lodging",
      "point_of_interest"
    ],
    "lat": 50.107731,
    "lng": 8.6586569,
    "cribsLikely": true,
    "place_id": "ChIJ61I79P0LvUcRFsruvZn6rJc",
    "address": "Ludwigstraße 15, 60327 Frankfurt am Main, Germany",
    "website": "http://www.bristol-hotel.de/",
    "phone": "+49 69 242390",
    "google_url": "https://maps.google.com/?cid=10929385933944834582"
  },
  {
    "city": "Frankfurt, Germany",
    "country": "Germany",
    "name": "IntercityHotel Frankfurt",
    "rating": 4.3,
    "user_ratings_total": 2364,
    "price_level": null,
    "types": [
      "establishment",
      "lodging",
      "point_of_interest"
    ],
    "lat": 50.1051268,
    "lng": 8.6628971,
    "cribsLikely": true,
    "place_id": "ChIJie8vqv8LvUcRBPf1ds8kUj8",
    "address": "Mannheimer Str. 21, 60329 Frankfurt am Main, Germany",
    "website": "https://hrewards.com/de/intercityhotel-frankfurt-hauptbahnhof-sued?wt_mc=seo_listing.ich.yext.frankfurt_hauptbahnhof.hotel_link.text_cta",
    "phone": "+49 69 6599920",
    "google_url": "https://maps.google.com/?cid=4562749845952395012"
  },
  {
    "city": "Frankfurt, Germany",
    "country": "Germany",
    "name": "Hampton by Hilton Frankfurt City Centre East",
    "rating": 4.4,
    "user_ratings_total": 2004,
    "price_level": null,
    "types": [
      "establishment",
      "lodging",
      "point_of_interest"
    ],
    "lat": 50.1122437,
    "lng": 8.7069801,
    "cribsLikely": true,
    "place_id": "ChIJwUrP15oOvUcRJDsoHkEVoOo",
    "address": "Grusonstraße 4, 60314 Frankfurt am Main, Germany",
    "website": "https://www.hilton.com/en/hotels/frahxhx-hampton-frankfurt-city-centre-east/?SEO_id=GMB-EMEA-HX-FRAHXHX",
    "phone": "+49 69 154085100",
    "google_url": "https://maps.google.com/?cid=16906536370571852580"
  },
  {
    "city": "Frankfurt, Germany",
    "country": "Germany",
    "name": "Premier Inn Frankfurt Messe hotel",
    "rating": 4.5,
    "user_ratings_total": 1682,
    "price_level": null,
    "types": [
      "establishment",
      "food",
      "lodging",
      "point_of_interest",
      "restaurant"
    ],
    "lat": 50.1089718,
    "lng": 8.6475936,
    "cribsLikely": true,
    "place_id": "ChIJb3wngVgJvUcRu_c4KlPeewg",
    "address": "Europa-Allee 44, 60327 Frankfurt am Main, Germany",
    "website": "https://www.premierinn.com/de/de/hotels/deutschland/hessen/frankfurt/frankfurt-messe.html?cid=GLBC_FRAMTI",
    "phone": "+49 69 244330432",
    "google_url": "https://maps.google.com/?cid=611326623210862523"
  }
]