[
  {
    "city": "Geneva, Switzerland",
    "country": "Switzerland",
    "name": "MEININGER Hotel Genève Centre Charmilles",
    "rating": 4.4,
    "user_ratings_total": 1377,
    "price_level": null,
    "types": [
      "establishment",
      "lodging",
      "point_of_interest"
    ],
    "lat": 46.2095685,
    "lng": 6.121739799999999,
    "cribsLikely": true,
    "place_id": "ChIJrx0wOUZljEcROXHiFLbSxqs",
    "address": "Rue de Lyon 118, 1203 Genève, Switzerland",
    "website": "https://www.meininger-hotels.com/en/hotels/geneva/hotel-geneva-center-charmilles/?utm_source=gmb&utm_medium=referral&utm_campaign=GEN-RL&utm_content=website",
    "phone": null,
    "google_url": "https://maps.google.com/?cid=12377812305350652217"
  },
  {
    "city": "Geneva, Switzerland",
    "country": "Switzerland",
    "name": "Hotel Geneva By Fassbind",
    "rating": 4.2,
    "user_ratings_total": 1024,
    "price_level": null,
    "types": [
      "establishment",
      "lodging",
      "point_of_interest"
    ],
    "lat": 46.2119012,
    "lng": 6.127860600000001,
    "cribsLikely": true,
    "place_id": "ChIJAeaxa8RkjEcRsL2tuxVgYhE",
    "address": "Av. Wendt 44, 1203 Genève, Switzerland",
    "website": "https://byfassbind.com/hotel/hotel-geneva-by-fassbind/",
    "phone": "+41 22 544 74 74",
    "google_url": "https://maps.google.com/?cid=1252669292821724592"
  },
  {
    "city": "Geneva, Switzerland",
    "country": "Switzerland",
    "name": "Hôtel Royal Genève, Suisse",
    "rating": 4.1,
    "user_ratings_total": 1629,
    "price_level": null,
    "types": [
      "bar",
      "establishment",
      "food",
      "lodging",
      "point_of_interest",
      "restaurant"
    ],
    "lat": 46.2135091,
    "lng": 6.1454039,
    "cribsLikely": true,
    "place_id": "ChIJG6LF5SBljEcRw37l4YH4_uE",
    "address": "Rue de Lausanne 41, 1201 Genève, Switzerland",
    "website": "https://www.hotelroyalgeneva.com/fr/",
    "phone": "+41 22 906 14 14",
    "google_url": "https://maps.google.com/?cid=16284726539342675651"
  },
  {
    "city": "Geneva, Switzerland",
    "country": "Switzerland",
    "name": "City Hostel Geneva",
    "rating": 3.9,
    "user_ratings_total": 748,
    "price_level": null,
    "types": [
      "establishment",
      "lodging",
      "point_of_interest"
    ],
    "lat": 46.2148717,
    "lng": 6.1460178,
    "cribsLikely": true,
    "place_id": "ChIJj999TSBljEcRwbDk241AqAg",
    "address": "Rue Ferrier 2, 1202 Genève, Switzerland",
    "website": "http://www.cityhostel.ch/",
    "phone": "+41 22 901 15 00",
    "google_url": "https://maps.google.com/?cid=623819526414577857"
  },
  {
    "city": "Geneva, Switzerland",
    "country": "Switzerland",
    "name": "Hôtel de Genève",
    "rating": 4.1,
    "user_ratings_total": 607,
    "price_level": null,
    "types": [
      "establishment",
      "lodging",
      "point_of_interest"
    ],
    "lat": 46.2063953,
    "lng": 6.1400906,
    "cribsLikely": true,
    "place_id": "ChIJtx-NlNdkjEcRia9xXHKPu8Y",
    "address": "Pl. Isaac-Mercier 1, 1201 Genève, Switzerland",
    "website": "https://www.hotel-de-geneve.ch/",
    "phone": "+41 22 908 54 00",
    "google_url": "https://maps.google.com/?cid=14320197161494622089"
  },
  {
    "city": "Geneva, Switzerland",
    "country": "Switzerland",
    "name": "Hôtel Astoria Genève",
    "rating": 4,
    "user_ratings_total": 625,
    "price_level": null,
    "types": [
      "establishment",
      "lodging",
      "point_of_interest"
    ],
    "lat": 46.20888619999999,
    "lng": 6.142849399999999,
    "cribsLikely": true,
    "place_id": "ChIJX3w0kCdljEcRUU_eBRp5mC8",
    "address": "Pl. de Cornavin 6, 1201 Genève, Switzerland",
    "website": "https://www.astoria-geneve.ch/",
    "phone": "+41 22 544 52 52",
    "google_url": "https://maps.google.com/?cid=3429624268917198673"
  },
  {
    "city": "Geneva, Switzerland",
    "country": "Switzerland",
    "name": "Hôtel Eastwest by Malone",
    "rating": 4.4,
    "user_ratings_total": 497,
    "price_level": null,
    "types": [
      "establishment",
      "food",
      "lodging",
      "point_of_interest",
      "restaurant"
    ],
    "lat": 46.2097844,
    "lng": 6.148257699999999,
    "cribsLikely": true,
    "place_id": "ChIJtc8vKSRljEcRkq-Q_ot5DLQ",
    "address": "Rue des Pâquis 6, 1201 Genève, Switzerland",
    "website": "http://www.eastwesthotel.ch/",
    "phone": "+41 22 708 17 17",
    "google_url": "https://maps.google.com/?cid=12973878268725866386"
  },
  {
    "city": "Geneva, Switzerland",
    "country": "Switzerland",
    "name": "Ruby Claire Hotel Geneva",
    "rating": 4.8,
    "user_ratings_total": 3114,
    "price_level": null,
    "types": [
      "establishment",
      "lodging",
      "point_of_interest"
    ],
    "lat": 46.2038018,
    "lng": 6.146721899999999,
    "cribsLikely": true,
    "place_id": "ChIJDT4OSylljEcRIZ9MrMrVbUM",
    "address": "Entrée par le passage Malbuisson, Rue du Rhône 46, 1204 Genève, Switzerland",
    "website": "https://www.ruby-hotels.com/claire",
    "phone": "+41 22 512 03 10",
    "google_url": "https://maps.google.com/?cid=4858774639453445921"
  },
  {
    "city": "Geneva, Switzerland",
    "country": "Switzerland",
    "name": "Novotel Genève Centre",
    "rating": 4.1,
    "user_ratings_total": 2495,
    "price_level": null,
    "types": [
      "establishment",
      "lodging",
      "point_of_interest"
    ],
    "lat": 46.2114025,
    "lng": 6.147311699999999,
    "cribsLikely": true,
    "place_id": "ChIJBzOQsyZljEcRgmCgnT75-FA",
    "address": "Rue de Zurich 19, 1201 Genève, Switzerland",
    "website": "https://all.accor.com/lien_externe.svlt?goto=fiche_hotel&code_hotel=3133&merchantid=seo-maps-CH-3133&sourceid=aw-cen&utm_medium=seo%20maps&utm_source=google%20Maps&utm_campaign=seo%20maps",
    "phone": "+41 22 909 90 00",
    "google_url": "https://maps.google.com/?cid=5834687364586299522"
  },
  {
    "city": "Geneva, Switzerland",
    "country": "Switzerland",
    "name": "Hotel D Geneva",
    "rating": 4.6,
    "user_ratings_total": 444,
    "price_level": null,
    "types": [
      "establishment",
      "lodging",
      "point_of_interest"
    ],
    "lat": 46.2112,
    "lng": 6.14579,
    "cribsLikely": true,
    "place_id": "ChIJrV8l2iZljEcRidMPIBmSURc",
    "address": "Rue de Fribourg 16, 1201 Genève, Switzerland",
    "website": "https://www.hoteld-geneva.ch/?utm_source=MyBusiness",
    "phone": "+41 22 777 16 16",
    "google_url": "https://maps.google.com/?cid=1680284772595651465"
  },
  {
    "city": "Geneva, Switzerland",
    "country": "Switzerland",
    "name": "IntercityHotel Geneva",
    "rating": 4.1,
    "user_ratings_total": 252,
    "price_level": null,
    "types": [
      "establishment",
      "lodging",
      "point_of_interest"
    ],
    "lat": 46.2201263,
    "lng": 6.1027128,
    "cribsLikely": true,
    "place_id": "ChIJrU96oktljEcRQzBjVnqK4Oo",
    "address": "Rte de Meyrin 127, 1219 Genève, Switzerland",
    "website": "https://hrewards.com/de/intercityhotel-geneva?wt_mc=seo_listing.ich.yext.genf_airport.hotel_link.text_cta",
    "phone": "+41 22 500 60 00",
    "google_url": "https://maps.google.com/?cid=16924679657698308163"
  },
  {
    "city": "Geneva, Switzerland",
    "country": "Switzerland",
    "name": "Hôtel des Tourelles",
    "rating": 4,
    "user_ratings_total": 290,
    "price_level": null,
    "types": [
      "establishment",
      "lodging",
      "point_of_interest"
    ],
    "lat": 46.205604,
    "lng": 6.139944,
    "cribsLikely": true,
    "place_id": "ChIJiY-pt9dkjEcRZkC-qm95gvE",
    "address": "Bd James-Fazy 2, 1201 Genève, Switzerland",
    "website": "http://destourelles.ch/",
    "phone": "+41 22 732 44 23",
    "google_url": "https://maps.google.com/?cid=17402605430625943654"
  }
]