[
  {
    "city": "Glasgow, UK",
    "country": "United Kingdom",
    "name": "Travelodge Glasgow Govan",
    "rating": 4.4,
    "user_ratings_total": 436,
    "price_level": null,
    "types": [
      "establishment",
      "lodging",
      "point_of_interest"
    ],
    "lat": 55.8652254,
    "lng": -4.334002799999999,
    "cribsLikely": true,
    "place_id": "ChIJ9Z9oYiVFiEgRH9qve4FmLr0",
    "address": "16 Linthouse Dr, Glasgow G51 4RZ, UK",
    "website": "https://www.travelodge.co.uk/hotels/658/Glasgow-Govan-hotel?utm_source=google&utm_medium=GHA_Organic&utm_campaign=GHA_Glasgow_Govan&WT.tsrc=GHA_Organic",
    "phone": "+44 871 984 6549",
    "google_url": "https://maps.google.com/?cid=13631945828409006623"
  },
  {
    "city": "Glasgow, UK",
    "country": "United Kingdom",
    "name": "Travelodge Glasgow Queen Street",
    "rating": 4.1,
    "user_ratings_total": 1508,
    "price_level": null,
    "types": [
      "establishment",
      "lodging",
      "point_of_interest"
    ],
    "lat": 55.8595161,
    "lng": -4.2518248,
    "cribsLikely": true,
    "place_id": "ChIJrVWOfp9GiEgRjy31oN6nAGQ",
    "address": "78 Queen St, Glasgow G1 3DS, UK",
    "website": "https://www.travelodge.co.uk/hotels/593/Glasgow-Queen-Street-hotel?utm_source=google&utm_medium=GHA_Organic&utm_campaign=GHA_Glasgow_Queen_Street&WT.tsrc=GHA_Organic",
    "phone": "+44 871 559 1872",
    "google_url": "https://maps.google.com/?cid=7205943978417794447"
  },
  {
    "city": "Glasgow, UK",
    "country": "United Kingdom",
    "name": "DoubleTree by Hilton Glasgow Central",
    "rating": 4.3,
    "user_ratings_total": 4304,
    "price_level": null,
    "types": [
      "establishment",
      "lodging",
      "point_of_interest"
    ],
    "lat": 55.8660785,
    "lng": -4.2596812,
    "cribsLikely": true,
    "place_id": "ChIJo1VfMiFEiEgRNwX-jkVTUZw",
    "address": "36 Cambridge St, Glasgow G2 3HN, UK",
    "website": "https://www.hilton.com/en/hotels/glagwdi-doubletree-glasgow-central/?SEO_id=GMB-EMEA-DI-GLAGWDI",
    "phone": "+44 141 332 3311",
    "google_url": "https://maps.google.com/?cid=11263875701247182135"
  },
  {
    "city": "Glasgow, UK",
    "country": "United Kingdom",
    "name": "Premier Inn Glasgow Pacific Quay (SECC) hotel",
    "rating": 4.4,
    "user_ratings_total": 2177,
    "price_level": null,
    "types": [
      "establishment",
      "food",
      "lodging",
      "point_of_interest",
      "restaurant"
    ],
    "lat": 55.8578207,
    "lng": -4.2893451,
    "cribsLikely": true,
    "place_id": "ChIJAzZBI3lGiEgR8GTKysVm2QY",
    "address": "Pacific Quay, Glasgow G51 1DZ, UK",
    "website": "https://www.premierinn.com/gb/en/hotels/scotland/strathclyde/glasgow/glasgow-pacific-quay-secc.html?cid=GLBC_GLAPAC",
    "phone": null,
    "google_url": "https://maps.google.com/?cid=493538633870632176"
  },
  {
    "city": "Glasgow, UK",
    "country": "United Kingdom",
    "name": "Premier Inn Glasgow Newton Mearns (M77 J4) hotel",
    "rating": 4.3,
    "user_ratings_total": 483,
    "price_level": null,
    "types": [
      "establishment",
      "food",
      "lodging",
      "point_of_interest",
      "restaurant"
    ],
    "lat": 55.78439909999999,
    "lng": -4.3484698,
    "cribsLikely": true,
    "place_id": "ChIJsdWdVgVIiEgR9tEoJ83Or7Y",
    "address": "S Greenlaw Way, Newton Mearns, Glasgow G77 6EF, UK",
    "website": "https://www.premierinn.com/gb/en/hotels/scotland/strathclyde/glasgow/glasgow-newton-mearns-m77-j4.html?cid=GLBC_GLAGRE",
    "phone": "+44 333 321 9236",
    "google_url": "https://maps.google.com/?cid=13163967616347853302"
  },
  {
    "city": "Glasgow, UK",
    "country": "United Kingdom",
    "name": "Village Hotel Glasgow",
    "rating": 4.3,
    "user_ratings_total": 2066,
    "price_level": null,
    "types": [
      "bar",
      "establishment",
      "food",
      "gym",
      "health",
      "lodging",
      "point_of_interest",
      "restaurant"
    ],
    "lat": 55.8562663,
    "lng": -4.2893823,
    "cribsLikely": true,
    "place_id": "ChIJQ1PcaXlGiEgRgpCQXmPhZTU",
    "address": "village hotel club, 7 Festival Gate, Pacific Dr, Glasgow G51 1DB, UK",
    "website": "https://www.village-hotels.co.uk/hotels/glasgow/?utm_source=google&utm_medium=organic&utm_campaign=glasgow-gmb",
    "phone": "+44 141 375 9266",
    "google_url": "https://maps.google.com/?cid=3847729273562501250"
  },
  {
    "city": "Glasgow, UK",
    "country": "United Kingdom",
    "name": "Leonardo Hotel Glasgow",
    "rating": 4.1,
    "user_ratings_total": 3663,
    "price_level": null,
    "types": [
      "establishment",
      "lodging",
      "point_of_interest"
    ],
    "lat": 55.85667789999999,
    "lng": -4.2577771,
    "cribsLikely": true,
    "place_id": "ChIJSVZyU5lGiEgRPypGd65QUg4",
    "address": "80 Jamaica St, Glasgow G1 4QG, UK",
    "website": "https://www.leonardo-hotels.com/glasgow/leonardo-royal-hotel-glasgow",
    "phone": "+44 141 314 4800",
    "google_url": "https://maps.google.com/?cid=1031975974876883519"
  },
  {
    "city": "Glasgow, UK",
    "country": "United Kingdom",
    "name": "Premier Inn Glasgow City Centre (George Square) hotel",
    "rating": 4.2,
    "user_ratings_total": 2259,
    "price_level": null,
    "types": [
      "establishment",
      "food",
      "lodging",
      "point_of_interest",
      "restaurant"
    ],
    "lat": 55.8607726,
    "lng": -4.2451751,
    "cribsLikely": true,
    "place_id": "ChIJGcIlxKBGiEgR5TwXMfBtiag",
    "address": "187 George St, Glasgow G1 1YU, UK",
    "website": "https://www.premierinn.com/gb/en/hotels/scotland/strathclyde/glasgow/glasgow-city-centre-george-square.html?cid=GLBC_GLACIT",
    "phone": null,
    "google_url": "https://maps.google.com/?cid=12144358748564438245"
  },
  {
    "city": "Glasgow, UK",
    "country": "United Kingdom",
    "name": "Premier Inn Glasgow (Cambuslang/M74, J2A) hotel",
    "rating": 4.2,
    "user_ratings_total": 634,
    "price_level": null,
    "types": [
      "establishment",
      "food",
      "lodging",
      "point_of_interest",
      "restaurant"
    ],
    "lat": 55.836058,
    "lng": -4.170487,
    "cribsLikely": true,
    "place_id": "ChIJe3oERBJBiEgRff9zZ-daP9w",
    "address": "East Investment Park, 30 Westhorn Dr, Glasgow G32 8YX, UK",
    "website": "https://www.premierinn.com/gb/en/hotels/scotland/strathclyde/glasgow/glasgow-cambuslangm74-j2a.html?cid=GLBC_GLAORI",
    "phone": "+44 333 777 7284",
    "google_url": "https://maps.google.com/?cid=15870503561796517757"
  },
  {
    "city": "Glasgow, UK",
    "country": "United Kingdom",
    "name": "Clayton Hotel Glasgow",
    "rating": 4.5,
    "user_ratings_total": 1056,
    "price_level": null,
    "types": [
      "establishment",
      "food",
      "lodging",
      "point_of_interest",
      "restaurant"
    ],
    "lat": 55.8563256,
    "lng": -4.2566958,
    "cribsLikely": true,
    "place_id": "ChIJzzh0VS9HiEgRNBEFHx_9v_c",
    "address": "298 Clyde St, Glasgow G1 4NP, UK",
    "website": "https://www.claytonhotels.com/glasgow/",
    "phone": "+44 141 340 9620",
    "google_url": "https://maps.google.com/?cid=17852265758026174772"
  },
  {
    "city": "Glasgow, UK",
    "country": "United Kingdom",
    "name": "Hampton by Hilton Glasgow Central",
    "rating": 4.4,
    "user_ratings_total": 1405,
    "price_level": null,
    "types": [
      "establishment",
      "lodging",
      "point_of_interest"
    ],
    "lat": 55.8640923,
    "lng": -4.2604649,
    "cribsLikely": true,
    "place_id": "ChIJxcuoGydEiEgReTLdC3FJoac",
    "address": "140 W Campbell St, Glasgow G2 4TZ, UK",
    "website": "https://www.hilton.com/en/hotels/glagchx-hampton-glasgow-central/?SEO_id=GMB-EMEA-HX-GLAGCHX",
    "phone": "+44 141 428 4441",
    "google_url": "https://maps.google.com/?cid=12079016425463558777"
  },
  {
    "city": "Glasgow, UK",
    "country": "United Kingdom",
    "name": "Glasgow Argyle Hotel",
    "rating": 3.9,
    "user_ratings_total": 1370,
    "price_level": null,
    "types": [
      "bar",
      "establishment",
      "food",
      "lodging",
      "point_of_interest",
      "restaurant"
    ],
    "lat": 55.8587911,
    "lng": -4.267881399999999,
    "cribsLikely": true,
    "place_id": "ChIJU7zTCINGiEgR2udhQhSMHxU",
    "address": "27 Washington St, Glasgow G3 8AZ, UK",
    "website": "http://www.glasgowargylehotel.co.uk/",
    "phone": "+44 330 028 3407",
    "google_url": "https://maps.google.com/?cid=1522089217715464154"
  }
]