[
  {
    "city": "Hanoi, Vietnam",
    "country": "Vietnam",
    "name": "Soleil Boutique Hotel",
    "rating": 4.8,
    "user_ratings_total": 975,
    "price_level": null,
    "types": [
      "establishment",
      "lodging",
      "point_of_interest"
    ],
    "lat": 21.0287952,
    "lng": 105.8444792,
    "cribsLikely": true,
    "place_id": "ChIJA4AdhWWrNTERO7HYgoGwMrQ",
    "address": "211 P. Hàng Bông, Hàng Bông, Hoàn Kiếm, Hà Nội 100000, Vietnam",
    "website": "http://www.soleilboutiquehotel.com/",
    "phone": "+84 24 3719 1555",
    "google_url": "https://maps.google.com/?cid=12984634745955070267"
  },
  {
    "city": "Hanoi, Vietnam",
    "country": "Vietnam",
    "name": "Luxury Backpackers Hotel",
    "rating": 4.5,
    "user_ratings_total": 1104,
    "price_level": null,
    "types": [
      "establishment",
      "lodging",
      "point_of_interest"
    ],
    "lat": 21.0293661,
    "lng": 105.8481033,
    "cribsLikely": true,
    "place_id": "ChIJTa1twJWrNTERCuG6jEYpWHk",
    "address": "56 Ng. Huyện, street, Hoàn Kiếm, Hà Nội 100000, Vietnam",
    "website": "http://luxurybackpackers.com.vn/",
    "phone": "+84 24 3258 5566",
    "google_url": "https://maps.google.com/?cid=8743784059525325066"
  },
  {
    "city": "Hanoi, Vietnam",
    "country": "Vietnam",
    "name": "L'Signature Hotel & Spa",
    "rating": 4.9,
    "user_ratings_total": 619,
    "price_level": null,
    "types": [
      "establishment",
      "lodging",
      "point_of_interest"
    ],
    "lat": 21.0306711,
    "lng": 105.8502024,
    "cribsLikely": true,
    "place_id": "ChIJCbw7mGCrNTERzEp-RtLuyKc",
    "address": "4A-4B Ng. Báo Khánh, Hàng Trống, Hoàn Kiếm, Hà Nội 10000, Vietnam",
    "website": "https://www.lsignaturehotel.com/",
    "phone": "+84 977 353 712",
    "google_url": "https://maps.google.com/?cid=12090175786569321164"
  },
  {
    "city": "Hanoi, Vietnam",
    "country": "Vietnam",
    "name": "JM Marvel Hotel & Spa",
    "rating": 4.8,
    "user_ratings_total": 984,
    "price_level": null,
    "types": [
      "establishment",
      "lodging",
      "point_of_interest"
    ],
    "lat": 21.03108,
    "lng": 105.8466196,
    "cribsLikely": true,
    "place_id": "ChIJrQf2_5WrNTER5F9kUXZbmVo",
    "address": "16 P. Hàng Da, Hàng Bông, Hoàn Kiếm, Hà Nội 100000, Vietnam",
    "website": "https://www.jmmarvelhotel.com/",
    "phone": "+84 24 3823 8855",
    "google_url": "https://maps.google.com/?cid=6528349698580045796"
  },
  {
    "city": "Hanoi, Vietnam",
    "country": "Vietnam",
    "name": "King's Hotel Nguyễn Thị Định",
    "rating": 4.1,
    "user_ratings_total": 79,
    "price_level": null,
    "types": [
      "establishment",
      "lodging",
      "point_of_interest"
    ],
    "lat": 21.0082552,
    "lng": 105.8055034,
    "cribsLikely": true,
    "place_id": "ChIJ0fBtsPatNTERzUhw5l8cqFg",
    "address": "2R54+76M Biệt thự, Ngõ 109 P. Nguyễn Thị Định, Trung Hoà, Cầu Giấy, Hà Nội, Vietnam",
    "website": "http://kinghotels.vn/",
    "phone": "+84 24 3203 3633",
    "google_url": "https://maps.google.com/?cid=6388387269638637773"
  },
  {
    "city": "Hanoi, Vietnam",
    "country": "Vietnam",
    "name": "Hanoi Boutique Hotel & Spa",
    "rating": 4.5,
    "user_ratings_total": 830,
    "price_level": null,
    "types": [
      "establishment",
      "lodging",
      "point_of_interest"
    ],
    "lat": 21.0362202,
    "lng": 105.8504472,
    "cribsLikely": true,
    "place_id": "ChIJvav7qbirNTERGm-gFI2SzBY",
    "address": "7 Ng. Gạch, Hàng Buồm, Hoàn Kiếm, Hà Nội 10000, Vietnam",
    "website": "https://hanoiboutiquehotel.vn/",
    "phone": "+84 988 991 784",
    "google_url": "https://maps.google.com/?cid=1642849098717490970"
  },
  {
    "city": "Hanoi, Vietnam",
    "country": "Vietnam",
    "name": "Bespoke Trendy Hotel Hanoi",
    "rating": 4.8,
    "user_ratings_total": 1700,
    "price_level": null,
    "types": [
      "establishment",
      "lodging",
      "point_of_interest"
    ],
    "lat": 21.0322086,
    "lng": 105.8456116,
    "cribsLikely": true,
    "place_id": "ChIJQZQkB76rNTERipfGmd14sbU",
    "address": "12-14 P. Nguyễn Quang Bích, Cửa Đông, Hoàn Kiếm, Hà Nội 100000, Vietnam",
    "website": "https://www.bespokehotels.vn/trendyhn",
    "phone": "+84 24 3923 4026",
    "google_url": "https://maps.google.com/?cid=13092378484905777034"
  },
  {
    "city": "Hanoi, Vietnam",
    "country": "Vietnam",
    "name": "Madelise Palace Hotel & Spa",
    "rating": 4,
    "user_ratings_total": 281,
    "price_level": null,
    "types": [
      "establishment",
      "lodging",
      "point_of_interest"
    ],
    "lat": 21.0354315,
    "lng": 105.8502272,
    "cribsLikely": true,
    "place_id": "ChIJQT5Nn2urNTERJUf9JAEc_EA",
    "address": "116 P. Hàng Buồm, Phố cổ Hà Nội, Hoàn Kiếm, Hà Nội 100000, Vietnam",
    "website": "http://www.madelisepalacehotel.com/",
    "phone": "+84 24 3208 1111",
    "google_url": "https://maps.google.com/?cid=4682648503799596837"
  },
  {
    "city": "Hanoi, Vietnam",
    "country": "Vietnam",
    "name": "Hanoi Allure Hotel",
    "rating": 4.7,
    "user_ratings_total": 648,
    "price_level": null,
    "types": [
      "establishment",
      "lodging",
      "point_of_interest"
    ],
    "lat": 21.0353039,
    "lng": 105.85291,
    "cribsLikely": true,
    "place_id": "ChIJo-Jbr8CrNTER_EmmjT_VxII",
    "address": "52 P. Đào Duy Từ, Hàng Buồm, Hoàn Kiếm, Hà Nội, Vietnam",
    "website": "http://www.hanoiallurehotel.com/",
    "phone": "+84 24 3577 8888",
    "google_url": "https://maps.google.com/?cid=9422890789302061564"
  }
]