[
  {
    "city": "Helsinki, Finland",
    "country": "Finland",
    "name": "Hilton Helsinki Strand",
    "rating": 4.4,
    "user_ratings_total": 2306,
    "price_level": null,
    "types": [
      "establishment",
      "lodging",
      "point_of_interest"
    ],
    "lat": 60.1772539,
    "lng": 24.9516996,
    "cribsLikely": true,
    "place_id": "ChIJAWFSjdMLkkYRL_7cMhMKWNw",
    "address": "John Stenbergin ranta 4, 00530 Helsinki, Finland",
    "website": "https://www.hilton.com/en/hotels/helhihi-hilton-helsinki-strand/?SEO_id=GMB-EMEA-HI-HELHIHI",
    "phone": "+358 300 308488",
    "google_url": "https://maps.google.com/?cid=15877451563868683823"
  },
  {
    "city": "Helsinki, Finland",
    "country": "Finland",
    "name": "Scandic Grand Marina",
    "rating": 4.1,
    "user_ratings_total": 4479,
    "price_level": null,
    "types": [
      "establishment",
      "food",
      "lodging",
      "point_of_interest",
      "restaurant"
    ],
    "lat": 60.16597299999999,
    "lng": 24.964502,
    "cribsLikely": true,
    "place_id": "ChIJjT23ZMQLkkYRC3Gz5oSpNYw",
    "address": "Katajanokanlaituri 7, 00160 Helsinki, Finland",
    "website": "https://www.scandichotels.fi/hotellit/suomi/helsinki/scandic-grand-marina?utm_campaign=gmb&utm_source=google&utm_medium=organic&utm_content=grand-marina",
    "phone": "+358 300 308404",
    "google_url": "https://maps.google.com/?cid=10103167727346872587"
  },
  {
    "city": "Helsinki, Finland",
    "country": "Finland",
    "name": "Scandic Park Helsinki",
    "rating": 4.1,
    "user_ratings_total": 4689,
    "price_level": null,
    "types": [
      "establishment",
      "lodging",
      "point_of_interest"
    ],
    "lat": 60.17912399999999,
    "lng": 24.9276379,
    "cribsLikely": true,
    "place_id": "ChIJx25LWy4KkkYRxb12ypy-LBY",
    "address": "Mannerheimintie 46, 00260 Helsinki, Finland",
    "website": "https://www.scandichotels.fi/hotellit/suomi/helsinki/scandic-park-helsinki?utm_campaign=gmb&utm_source=google&utm_medium=organic&utm_content=park-helsinki",
    "phone": "+358 300 308407",
    "google_url": "https://maps.google.com/?cid=1597861548430638533"
  },
  {
    "city": "Helsinki, Finland",
    "country": "Finland",
    "name": "Arkadia Hotel",
    "rating": 3.6,
    "user_ratings_total": 1302,
    "price_level": null,
    "types": [
      "establishment",
      "lodging",
      "point_of_interest"
    ],
    "lat": 60.2591187,
    "lng": 25.0629373,
    "cribsLikely": true,
    "place_id": "ChIJMXmQuZ0IkkYREtSQBh_LAWI",
    "address": "Tattarisuontie 1, 00770 Helsinki, Finland",
    "website": "http://www.arkadiahotel.fi/",
    "phone": "+358 40 0218748",
    "google_url": "https://maps.google.com/?cid=7062149024808227858"
  },
  {
    "city": "Helsinki, Finland",
    "country": "Finland",
    "name": "Radisson Blu Plaza Hotel, Helsinki",
    "rating": 4.3,
    "user_ratings_total": 2699,
    "price_level": null,
    "types": [
      "establishment",
      "lodging",
      "point_of_interest"
    ],
    "lat": 60.1724739,
    "lng": 24.9455,
    "cribsLikely": true,
    "place_id": "ChIJAemZj80LkkYRRF6dhqkjtHY",
    "address": "Mikonkatu 23, 00100 Helsinki, Finland",
    "website": "https://www.radissonhotels.com/en-us/hotels/radisson-blu-helsinki?cid=a:se+b:gmb+c:emea+i:local+e:rdb+d:nob+h:FIHELPLZ",
    "phone": "+358 20 1234703",
    "google_url": "https://maps.google.com/?cid=8553500803298319940"
  },
  {
    "city": "Helsinki, Finland",
    "country": "Finland",
    "name": "Clarion Hotel Helsinki",
    "rating": 4.4,
    "user_ratings_total": 6711,
    "price_level": null,
    "types": [
      "establishment",
      "lodging",
      "point_of_interest"
    ],
    "lat": 60.15965459999999,
    "lng": 24.9220482,
    "cribsLikely": true,
    "place_id": "ChIJt39RXUsKkkYRRJzdWPcWJ5w",
    "address": "Tyynenmerenkatu 2, 00220 Helsinki, Finland",
    "website": "https://www.strawberry.fi/hotellit/suomi/helsinki/clarion-hotel-helsinki/?utm_campaign=gmb-listing&utm_medium=organic&utm_source=google",
    "phone": "+358 10 8503820",
    "google_url": "https://maps.google.com/?cid=11251987445612125252"
  },
  {
    "city": "Helsinki, Finland",
    "country": "Finland",
    "name": "The Rooms, Airport - 20Rooms",
    "rating": 4.4,
    "user_ratings_total": 413,
    "price_level": null,
    "types": [
      "establishment",
      "lodging",
      "point_of_interest"
    ],
    "lat": 60.3032474,
    "lng": 25.0437726,
    "cribsLikely": true,
    "place_id": "ChIJI3DzoKQHkkYRQT6DAr6_TBo",
    "address": "Kyläkaivontie 6 D, 01350 Vantaa, Finland",
    "website": "http://www.20rooms.fi/en",
    "phone": "+358 40 6582939",
    "google_url": "https://maps.google.com/?cid=1895100366022983233"
  },
  {
    "city": "Helsinki, Finland",
    "country": "Finland",
    "name": "Clarion Hotel Mestari",
    "rating": 4.5,
    "user_ratings_total": 943,
    "price_level": null,
    "types": [
      "establishment",
      "lodging",
      "point_of_interest"
    ],
    "lat": 60.1668777,
    "lng": 24.9336285,
    "cribsLikely": true,
    "place_id": "ChIJwzYUO8sLkkYR-TPvHAtTHPw",
    "address": "Fredrikinkatu 51-53, 00100 Helsinki, Finland",
    "website": "http://hotelmestari.fi/",
    "phone": "+358 29 3200460",
    "google_url": "https://maps.google.com/?cid=18166486304100922361"
  },
  {
    "city": "Helsinki, Finland",
    "country": "Finland",
    "name": "CheapSleep Hostel Helsinki",
    "rating": 4.1,
    "user_ratings_total": 2332,
    "price_level": null,
    "types": [
      "establishment",
      "lodging",
      "point_of_interest"
    ],
    "lat": 60.1937833,
    "lng": 24.9561,
    "cribsLikely": true,
    "place_id": "ChIJNaM35IIJkkYRRdIx_B3BzA4",
    "address": "Sturenkatu 27 B, 00510 Helsinki, Finland",
    "website": "http://www.cheapsleep.fi/",
    "phone": "+358 40 4838280",
    "google_url": "https://maps.google.com/?cid=1066439546309300805"
  },
  {
    "city": "Helsinki, Finland",
    "country": "Finland",
    "name": "Hotel Arthur",
    "rating": 3.6,
    "user_ratings_total": 3542,
    "price_level": null,
    "types": [
      "establishment",
      "lodging",
      "point_of_interest"
    ],
    "lat": 60.1729237,
    "lng": 24.9475436,
    "cribsLikely": true,
    "place_id": "ChIJF_fJC9ILkkYRYCJ7Tw9Y1gM",
    "address": "Vuorikatu 19, 00100 Helsinki, Finland",
    "website": "http://www.hotelarthur.fi/",
    "phone": "+358 9 173441",
    "google_url": "https://maps.google.com/?cid=276505249911087712"
  },
  {
    "city": "Helsinki, Finland",
    "country": "Finland",
    "name": "Scandic Grand Central Helsinki",
    "rating": 4.4,
    "user_ratings_total": 791,
    "price_level": null,
    "types": [
      "establishment",
      "lodging",
      "point_of_interest"
    ],
    "lat": 60.1720869,
    "lng": 24.9429452,
    "cribsLikely": true,
    "place_id": "ChIJ2xFhdM0LkkYRECP_gSOOnIw",
    "address": "Vilhonkatu 13, 00100 Helsinki, Finland",
    "website": "https://www.scandichotels.com/grandcentralhelsinki?utm_campaign=gmb&utm_source=google&utm_medium=organic&utm_content=grandcentralhelsinki",
    "phone": "+358 300 308401",
    "google_url": "https://maps.google.com/?cid=10132129544832754448"
  },
  {
    "city": "Helsinki, Finland",
    "country": "Finland",
    "name": "Noli Studios Sörnäinen",
    "rating": 4.4,
    "user_ratings_total": 290,
    "price_level": null,
    "types": [
      "establishment",
      "lodging",
      "point_of_interest"
    ],
    "lat": 60.1880548,
    "lng": 24.9637834,
    "cribsLikely": true,
    "place_id": "ChIJiUUlTXkJkkYRWFu4suvPkMM",
    "address": "Hämeentie 33, 00500 Helsinki, Finland",
    "website": "https://nolistudios.com/en/noli-sornainen-helsinki",
    "phone": "+358 20 1441050",
    "google_url": "https://maps.google.com/?cid=14091991845264972632"
  }
]