[
  {
    "city": "Ho Chi Minh City, Vietnam",
    "country": "Vietnam",
    "name": "La Siesta Premium Saigon",
    "rating": 4.9,
    "user_ratings_total": 713,
    "price_level": null,
    "types": [
      "establishment",
      "lodging",
      "point_of_interest"
    ],
    "lat": 10.7730741,
    "lng": 106.695755,
    "cribsLikely": true,
    "place_id": "ChIJg0-MEhIvdTER_FsxkUAm1dI",
    "address": "180 - 188 Lý Tự Trọng, Phường Bến Thành, Quận 1, Hồ Chí Minh 700000, Vietnam",
    "website": "https://lasiestahotels.vn/saigon/",
    "phone": "+84 28 3535 4461",
    "google_url": "https://maps.google.com/?cid=15192090976759929852"
  },
  {
    "city": "Ho Chi Minh City, Vietnam",
    "country": "Vietnam",
    "name": "Ramana Hotel Saigon",
    "rating": 3.9,
    "user_ratings_total": 2224,
    "price_level": null,
    "types": [
      "establishment",
      "lodging",
      "point_of_interest"
    ],
    "lat": 10.787313,
    "lng": 106.6776349,
    "cribsLikely": true,
    "place_id": "ChIJ4_8PYCovdTER08BFcC_TZY4",
    "address": "323 Đ. Lê Văn Sỹ, phường, Nhiêu Lộc, Hồ Chí Minh 70000, Vietnam",
    "website": "https://www.ramanasaigon.com/",
    "phone": "+84 28 3843 9999",
    "google_url": "https://maps.google.com/?cid=10260839526734086355"
  },
  {
    "city": "Ho Chi Minh City, Vietnam",
    "country": "Vietnam",
    "name": "La Vela Saigon Hotel",
    "rating": 4.3,
    "user_ratings_total": 3894,
    "price_level": null,
    "types": [
      "establishment",
      "lodging",
      "point_of_interest"
    ],
    "lat": 10.7886593,
    "lng": 106.6854837,
    "cribsLikely": true,
    "place_id": "ChIJ59lcHy0vdTERz58yQGlLKNI",
    "address": "280 Nam Kỳ Khởi Nghĩa, Phường Xuân Hòa, Quận 3, Hồ Chí Minh 700000, Vietnam",
    "website": "http://www.lavelasaigon.com/",
    "phone": "+84 28 3622 2280",
    "google_url": "https://maps.google.com/?cid=15143436662454001615"
  },
  {
    "city": "Ho Chi Minh City, Vietnam",
    "country": "Vietnam",
    "name": "Beautiful Saigon Hotel",
    "rating": 3.8,
    "user_ratings_total": 1153,
    "price_level": null,
    "types": [
      "establishment",
      "lodging",
      "point_of_interest"
    ],
    "lat": 10.768144,
    "lng": 106.6941066,
    "cribsLikely": true,
    "place_id": "ChIJRxd1vIkvdTERUhkWtQLZu2A",
    "address": "Quận 01, 40/27 Bùi Viện, Phường Phạm Ngũ Lão, Quận 1, Hồ Chí Minh 70000, Vietnam",
    "website": "https://www.expedia.com.vn/Ho-Chi-Minh-City-Khach-San-Beautiful-Saigon-Hotel.h92869416.Thong-tin-khach-san?chkin=2024-03-26&chkout=2024-03-27&x_pwa=1&rfrr=HSR&pwa_ts=1711247103424&referrerUrl=aHR0cHM6Ly93d3cuZXhwZWRpYS5jb20udm4vSG90ZWwtU2VhcmNo&useRewards=false&rm1=a2&regionId=3140&destination=Th%C3%A0nh+ph%E1%BB%91+H%E1%BB%93+Ch%C3%AD+Minh%2C+Vi%C3%AA%CC%A3t+Nam&destType=CURRENT_LOCATION&neighborhoodId=6252011&selected=92869416&latLong=10.76813%2C106.694074&sort=RECOMMENDED&top_dp=245700&top_cur=VND&userIntent=&selectedRoomType=323630069&selectedRatePlan=392795542&searchId=c4c03a36-3287-4499-bfd9-187b91745633&propertyName=Beautiful+Saigon+Hotel",
    "phone": "+84 945 210 669",
    "google_url": "https://maps.google.com/?cid=6970403453937260882"
  },
  {
    "city": "Ho Chi Minh City, Vietnam",
    "country": "Vietnam",
    "name": "Nesta Hotel - Saigon",
    "rating": 4.1,
    "user_ratings_total": 247,
    "price_level": null,
    "types": [
      "establishment",
      "lodging",
      "point_of_interest"
    ],
    "lat": 10.7742507,
    "lng": 106.6969169,
    "cribsLikely": true,
    "place_id": "ChIJ-Z1R3jgvdTER2DOIkSeXURA",
    "address": "34-36 Thủ Khoa Huân, Phường Bến Thành, Quận 1, Hồ Chí Minh 700000, Vietnam",
    "website": "http://www.nestahotel.com.vn/",
    "phone": "+84 28 3822 8838",
    "google_url": "https://maps.google.com/?cid=1175887173921551320"
  },
  {
    "city": "Ho Chi Minh City, Vietnam",
    "country": "Vietnam",
    "name": "C Central Hotel",
    "rating": 3.4,
    "user_ratings_total": 1243,
    "price_level": null,
    "types": [
      "establishment",
      "lodging",
      "point_of_interest"
    ],
    "lat": 10.7676279,
    "lng": 106.6940839,
    "cribsLikely": true,
    "place_id": "ChIJ_5ZpAj4vdTERbW35WF2zr3A",
    "address": "216 Đề Thám, Phường Phạm Ngũ Lão, Quận 1, Hồ Chí Minh 700000, Vietnam",
    "website": "https://c-central.hoteld2.com/",
    "phone": "+84 28 3920 8985",
    "google_url": "https://maps.google.com/?cid=8119905866678365549"
  },
  {
    "city": "Ho Chi Minh City, Vietnam",
    "country": "Vietnam",
    "name": "Eastin Grand Hotel Saigon",
    "rating": 4.4,
    "user_ratings_total": 3099,
    "price_level": null,
    "types": [
      "establishment",
      "lodging",
      "point_of_interest"
    ],
    "lat": 10.7964431,
    "lng": 106.6735687,
    "cribsLikely": true,
    "place_id": "ChIJXzbGaSkpdTERJadAGdVQo6I",
    "address": "253 Đ. Nguyễn Văn Trỗi, Phường 10, Phú Nhuận, Hồ Chí Minh, Vietnam",
    "website": "https://www.eastinhotelsresidences.com/eastingrandsaigon/",
    "phone": "+84 28 3844 9222",
    "google_url": "https://maps.google.com/?cid=11719299531530086181"
  },
  {
    "city": "Ho Chi Minh City, Vietnam",
    "country": "Vietnam",
    "name": "Bay Hotel Ho Chi Minh",
    "rating": 4.1,
    "user_ratings_total": 1936,
    "price_level": null,
    "types": [
      "establishment",
      "lodging",
      "point_of_interest"
    ],
    "lat": 10.7807921,
    "lng": 106.7069358,
    "cribsLikely": true,
    "place_id": "ChIJy9atIE8vdTERPIHbhrsdS8c",
    "address": "7A Ngô Văn Năm, Street, Quận 1, Hồ Chí Minh 700000, Vietnam",
    "website": "http://www.bayhotelhcm.com/",
    "phone": "+84 28 3829 6666",
    "google_url": "https://maps.google.com/?cid=14360604528059580732"
  },
  {
    "city": "Ho Chi Minh City, Vietnam",
    "country": "Vietnam",
    "name": "Harmony Saigon Hotel & Spa",
    "rating": 4.3,
    "user_ratings_total": 1525,
    "price_level": null,
    "types": [
      "establishment",
      "food",
      "lodging",
      "point_of_interest",
      "restaurant",
      "spa"
    ],
    "lat": 10.7720179,
    "lng": 106.690311,
    "cribsLikely": true,
    "place_id": "ChIJMaFBID0vdTER1PPqbMrpmG8",
    "address": "32A- 34 Bùi Thị Xuân, Phường Phạm Ngũ Lão, Quận 1, Hồ Chí Minh, Vietnam",
    "website": "http://www.harmonysaigonhotel.com/",
    "phone": "+84 28 3925 4888",
    "google_url": "https://maps.google.com/?cid=8041434190290023380"
  },
  {
    "city": "Ho Chi Minh City, Vietnam",
    "country": "Vietnam",
    "name": "EDEN STAR SAIGON HOTEL",
    "rating": 4.4,
    "user_ratings_total": 786,
    "price_level": null,
    "types": [
      "establishment",
      "food",
      "lodging",
      "point_of_interest",
      "restaurant"
    ],
    "lat": 10.7718171,
    "lng": 106.6900743,
    "cribsLikely": true,
    "place_id": "ChIJH0A7aA8vdTERh5rL_W08Gu8",
    "address": "38 Bùi Thị Xuân, Phường Phạm Ngũ Lão, Quận 1, Hồ Chí Minh 70000, Vietnam",
    "website": "http://www.edenstarsaigonhotel.com/",
    "phone": "+84 983 845 668",
    "google_url": "https://maps.google.com/?cid=17229149767566334599"
  },
  {
    "city": "Ho Chi Minh City, Vietnam",
    "country": "Vietnam",
    "name": "Cicilia City Hotel Saigon Center",
    "rating": 4.4,
    "user_ratings_total": 1447,
    "price_level": null,
    "types": [
      "establishment",
      "lodging",
      "point_of_interest"
    ],
    "lat": 10.7720323,
    "lng": 106.6929071,
    "cribsLikely": true,
    "place_id": "ChIJH6QeERYvdTERHECtp9rZyEc",
    "address": "12D Cách Mạng Tháng Tám, Phường Bến Thành, Quận 1, Hồ Chí Minh 70000, Vietnam",
    "website": "http://www.ciciliasaigon.com/",
    "phone": "+84 28 3822 8989",
    "google_url": "https://maps.google.com/?cid=5172623705174261788"
  },
  {
    "city": "Ho Chi Minh City, Vietnam",
    "country": "Vietnam",
    "name": "Akoya Saigon Central Hotel",
    "rating": 4.5,
    "user_ratings_total": 347,
    "price_level": null,
    "types": [
      "establishment",
      "lodging",
      "point_of_interest"
    ],
    "lat": 10.7744028,
    "lng": 106.6975766,
    "cribsLikely": true,
    "place_id": "ChIJIxAq3DgvdTERZ1nyRI_yKQk",
    "address": "88 Lý Tự Trọng, Phường Bến Thành, Quận 1, Hồ Chí Minh 70000, Vietnam",
    "website": "http://www.akoyahotel.com/",
    "phone": "+84 888 773 188",
    "google_url": "https://maps.google.com/?cid=660325517537466727"
  }
]