[
  {
    "city": "Hobart, Australia",
    "country": "Australia",
    "name": "Hotel Grand Chancellor Hobart",
    "rating": 4.5,
    "user_ratings_total": 2467,
    "price_level": null,
    "types": [
      "bar",
      "establishment",
      "food",
      "lodging",
      "point_of_interest",
      "restaurant"
    ],
    "lat": -42.8808631,
    "lng": 147.3335418,
    "cribsLikely": true,
    "place_id": "ChIJhyH6lYN1bqoRgi0OrahSOGc",
    "address": "Hotel Grand Chancellor Hobart, Grand Chancellor Hotelhobart, Ground Floor/1 Davey St, Hobart TAS 7000, Australia",
    "website": "https://www.grandchancellorhotels.com/hotel-grand-chancellor-hobart",
    "phone": "+61 3 6235 4535",
    "google_url": "https://maps.google.com/?cid=7437785669013745026"
  },
  {
    "city": "Hobart, Australia",
    "country": "Australia",
    "name": "DoubleTree by Hilton Hobart",
    "rating": 4.5,
    "user_ratings_total": 175,
    "price_level": null,
    "types": [
      "establishment",
      "lodging",
      "point_of_interest"
    ],
    "lat": -42.8863531,
    "lng": 147.3253115,
    "cribsLikely": true,
    "place_id": "ChIJn8vG7251bqoR7ha_pd_xKoY",
    "address": "179 Macquarie St, Hobart TAS 7000, Australia",
    "website": "https://www.hilton.com/en/hotels/hbamadi-doubletree-hobart/?SEO_id=GMB-APAC-DI-HBAMADI",
    "phone": "+61 3 6213 0000",
    "google_url": "https://maps.google.com/?cid=9667805492964955886"
  },
  {
    "city": "Hobart, Australia",
    "country": "Australia",
    "name": "The Alabama Hotel",
    "rating": 4.7,
    "user_ratings_total": 276,
    "price_level": null,
    "types": [
      "bar",
      "cafe",
      "establishment",
      "food",
      "lodging",
      "point_of_interest"
    ],
    "lat": -42.8810324,
    "lng": 147.3276526,
    "cribsLikely": true,
    "place_id": "ChIJn10HtIR1bqoRJeqNFPKqmKA",
    "address": "72 Liverpool St, Hobart TAS 7000, Australia",
    "website": "http://www.alabamahobart.com.au/",
    "phone": "+61 499 987 698",
    "google_url": "https://maps.google.com/?cid=11572187199232141861"
  },
  {
    "city": "Hobart, Australia",
    "country": "Australia",
    "name": "The Tasman, a Luxury Collection Hotel, Hobart",
    "rating": 4.7,
    "user_ratings_total": 446,
    "price_level": null,
    "types": [
      "establishment",
      "lodging",
      "point_of_interest"
    ],
    "lat": -42.8847481,
    "lng": 147.3300213,
    "cribsLikely": true,
    "place_id": "ChIJG-KU_cJ1bqoR-bOmBFlKPQQ",
    "address": "12 Murray St, Hobart TAS 7000, Australia",
    "website": "https://www.marriott.com/en-us/hotels/hbalc-the-tasman-a-luxury-collection-hotel-hobart/overview/?scid=f2ae0541-1279-4f24-b197-a979c79310b0",
    "phone": "+61 3 6240 6000",
    "google_url": "https://maps.google.com/?cid=305482095921640441"
  },
  {
    "city": "Hobart, Australia",
    "country": "Australia",
    "name": "Vibe Hotel Hobart",
    "rating": 4.6,
    "user_ratings_total": 555,
    "price_level": null,
    "types": [
      "establishment",
      "lodging",
      "point_of_interest"
    ],
    "lat": -42.8810597,
    "lng": 147.3294113,
    "cribsLikely": true,
    "place_id": "ChIJhxm2mIR1bqoRen5ll6ua-nA",
    "address": "36 Argyle St, Hobart TAS 7000, Australia",
    "website": "https://vibehotels.com/book-accommodation/hobart/hotel-hobart/?utm_source=googleplaces&utm_medium=organic&utm_campaign=googleplaces&utm_content=vibe-hobart&utm_term=plcid_15164482682340546405",
    "phone": "+61 3 6240 5600",
    "google_url": "https://maps.google.com/?cid=8140989338195689082"
  },
  {
    "city": "Hobart, Australia",
    "country": "Australia",
    "name": "ibis Styles Hobart",
    "rating": 4.3,
    "user_ratings_total": 1765,
    "price_level": null,
    "types": [
      "establishment",
      "lodging",
      "point_of_interest"
    ],
    "lat": -42.8860825,
    "lng": 147.3255957,
    "cribsLikely": true,
    "place_id": "ChIJzR8LDI91bqoRCuTEBQhu8ME",
    "address": "173 Macquarie St, Hobart TAS 7000, Australia",
    "website": "https://all.accor.com/lien_externe.svlt?goto=fiche_hotel&code_hotel=B040&merchantid=seo-maps-AU-B040&sourceid=aw-cen&utm_medium=seo%20maps&utm_source=google%20Maps&utm_campaign=seo%20maps",
    "phone": "+61 3 6289 8500",
    "google_url": "https://maps.google.com/?cid=13974790624466232330"
  },
  {
    "city": "Hobart, Australia",
    "country": "Australia",
    "name": "RACV Hobart Hotel",
    "rating": 4.5,
    "user_ratings_total": 964,
    "price_level": null,
    "types": [
      "bar",
      "establishment",
      "lodging",
      "point_of_interest"
    ],
    "lat": -42.88385,
    "lng": 147.3270028,
    "cribsLikely": true,
    "place_id": "ChIJ-z20doV1bqoRmwT6BI5NNMw",
    "address": "154-156 Collins St, Hobart TAS 7000, Australia",
    "website": "https://www.racv.com.au/travel-experiences/resorts/hobart.html?cmpid=gmb:rha",
    "phone": "+61 3 6270 8600",
    "google_url": "https://maps.google.com/?cid=14714471154890441883"
  },
  {
    "city": "Hobart, Australia",
    "country": "Australia",
    "name": "Hobart Waterfront Apartments",
    "rating": 4.3,
    "user_ratings_total": 6,
    "price_level": null,
    "types": [
      "establishment",
      "lodging",
      "point_of_interest"
    ],
    "lat": -42.8844456,
    "lng": 147.3309598,
    "cribsLikely": true,
    "place_id": "ChIJ7U_qeL11bqoRL-0eIGpf9aM",
    "address": "3 Brooke St, Hobart TAS 7000, Australia",
    "website": "https://www.hobartwaterfrontapartments.com.au/",
    "phone": "+61 3 6240 8555",
    "google_url": "https://maps.google.com/?cid=11814454106886434095"
  },
  {
    "city": "Hobart, Australia",
    "country": "Australia",
    "name": "Marquis Hotel West Hobart",
    "rating": 4.5,
    "user_ratings_total": 22,
    "price_level": null,
    "types": [
      "bar",
      "establishment",
      "lodging",
      "point_of_interest"
    ],
    "lat": -42.8846829,
    "lng": 147.3161732,
    "cribsLikely": true,
    "place_id": "ChIJj3UKx851bqoRucHYs8wZEe0",
    "address": "209 Brisbane St, West Hobart TAS 7000, Australia",
    "website": "https://www.marquishotel.com.au/",
    "phone": "+61 3 6234 3541",
    "google_url": "https://maps.google.com/?cid=17082463228574351801"
  },
  {
    "city": "Hobart, Australia",
    "country": "Australia",
    "name": "Lenna Of Hobart Hotel",
    "rating": 4.5,
    "user_ratings_total": 471,
    "price_level": null,
    "types": [
      "establishment",
      "lodging",
      "point_of_interest"
    ],
    "lat": -42.8872489,
    "lng": 147.3356933,
    "cribsLikely": true,
    "place_id": "ChIJU65L-Yd1bqoRc1hFjChDv1w",
    "address": "20 Runnymede St, Battery Point TAS 7004, Australia",
    "website": "http://www.lenna.com.au/",
    "phone": "+61 3 6232 3900",
    "google_url": "https://maps.google.com/?cid=6683134213472213107"
  },
  {
    "city": "Hobart, Australia",
    "country": "Australia",
    "name": "The Henry Jones Art Hotel",
    "rating": 4.7,
    "user_ratings_total": 659,
    "price_level": 4,
    "types": [
      "art_gallery",
      "bar",
      "establishment",
      "food",
      "lodging",
      "point_of_interest",
      "restaurant"
    ],
    "lat": -42.8813778,
    "lng": 147.3354194,
    "cribsLikely": true,
    "place_id": "ChIJv9XzX4F1bqoR0i_uTtcFotI",
    "address": "25 Hunter St, Hobart TAS 7000, Australia",
    "website": "https://www.thehenryjones.com/?utm_source=gmb&utm_medium=organic",
    "phone": "+61 3 6210 7700",
    "google_url": "https://maps.google.com/?cid=15177700116492333010"
  },
  {
    "city": "Hobart, Australia",
    "country": "Australia",
    "name": "Hadley's Orient Hotel",
    "rating": 4.5,
    "user_ratings_total": 949,
    "price_level": null,
    "types": [
      "bar",
      "establishment",
      "food",
      "lodging",
      "point_of_interest",
      "restaurant"
    ],
    "lat": -42.8838216,
    "lng": 147.3279701,
    "cribsLikely": true,
    "place_id": "ChIJW-BLnIV1bqoRe3nyRLNIUC8",
    "address": "34 Murray St, Hobart TAS 7000, Australia",
    "website": "https://www.hadleyshotel.com.au/",
    "phone": "+61 3 6237 2999",
    "google_url": "https://maps.google.com/?cid=3409304852712552827"
  }
]