[
  {
    "city": "Hong",
    "country": "Denmark",
    "name": "Hyatt Centric Victoria Harbour Hong Kong",
    "rating": 4.2,
    "user_ratings_total": 3157,
    "price_level": null,
    "types": [
      "establishment",
      "lodging",
      "point_of_interest"
    ],
    "lat": 22.292768,
    "lng": 114.1989849,
    "cribsLikely": true,
    "place_id": "ChIJscNTnAMBBDQRXjP_mclQXXA",
    "address": "1 North Point Estate Ln, North Point, Hong Kong",
    "website": "https://www.hyatt.com/hyatt-centric/en-US/hkgct-hyatt-centric-victoria-harbour-hong-kong?src=corp_lclb_google_seo_hkgct&utm_source=google&utm_medium=organic&utm_campaign=lmr",
    "phone": "+852 3762 1234",
    "google_url": "https://maps.google.com/?cid=8096716531884307294"
  },
  {
    "city": "Hong",
    "country": "Denmark",
    "name": "Maple Leaf Guest House",
    "rating": 4.1,
    "user_ratings_total": 68,
    "price_level": null,
    "types": [
      "establishment",
      "lodging",
      "point_of_interest"
    ],
    "lat": 22.296395,
    "lng": 114.172811,
    "cribsLikely": true,
    "place_id": "ChIJ1bWtGvIABDQRRiU9Yrazj8o",
    "address": "36-44 Nathan Rd, Tsim Sha Tsui, Hong Kong",
    "website": null,
    "phone": "+852 9325 6152",
    "google_url": "https://maps.google.com/?cid=14596082513244661062"
  },
  {
    "city": "Hong",
    "country": "Denmark",
    "name": "Hotel Skycity",
    "rating": 2.9,
    "user_ratings_total": 30,
    "price_level": null,
    "types": [
      "establishment",
      "lodging",
      "point_of_interest"
    ],
    "lat": 22.2965206,
    "lng": 114.1724024,
    "cribsLikely": true,
    "place_id": "ChIJwasvE_IABDQRVpcLiaVdRaY",
    "address": "40 Nathan Rd, Tsim Sha Tsui, Hong Kong",
    "website": "http://hotelskygroup.com/services-2.html",
    "phone": null,
    "google_url": "https://maps.google.com/?cid=11981085349239297878"
  },
  {
    "city": "Hong",
    "country": "Denmark",
    "name": "Hilton Garden Inn Hong Kong Mongkok",
    "rating": 4,
    "user_ratings_total": 1793,
    "price_level": null,
    "types": [
      "establishment",
      "lodging",
      "point_of_interest"
    ],
    "lat": 22.3157286,
    "lng": 114.1670117,
    "cribsLikely": true,
    "place_id": "ChIJ07ssu7gABDQR_J3b8vvVEqk",
    "address": "2 Soy St, Mong Kok, Hong Kong",
    "website": "https://www.hilton.com/en/hotels/hkgmsgi-hilton-garden-inn-hong-kong-mongkok/?SEO_id=GMB-APAC-GI-HKGMSGI",
    "phone": "+852 2201 3688",
    "google_url": "https://maps.google.com/?cid=12183035220078599676"
  },
  {
    "city": "Hong",
    "country": "Denmark",
    "name": "Casa Hotel",
    "rating": 3.2,
    "user_ratings_total": 214,
    "price_level": null,
    "types": [
      "establishment",
      "lodging",
      "point_of_interest"
    ],
    "lat": 22.3115336,
    "lng": 114.170725,
    "cribsLikely": true,
    "place_id": "ChIJIdGwqsEABDQRIpmHC6C-fqA",
    "address": "487 Nathan Rd, Yau Ma Tei, Hong Kong",
    "website": null,
    "phone": "+852 3758 7777",
    "google_url": "https://maps.google.com/?cid=11564890487731493154"
  },
  {
    "city": "Hong",
    "country": "Denmark",
    "name": "W's Lounge",
    "rating": 3,
    "user_ratings_total": 21,
    "price_level": null,
    "types": [
      "establishment",
      "lodging",
      "point_of_interest"
    ],
    "lat": 22.2965433,
    "lng": 114.1724028,
    "cribsLikely": true,
    "place_id": "ChIJq2jTE_IABDQRJmpWzv0p5pY",
    "address": "Chungking Mansion Block, A Floor 11 Flat, A4 Nathan Rd, Tsim Sha Tsui, Hong Kong",
    "website": null,
    "phone": null,
    "google_url": "https://maps.google.com/?cid=10873424520397875750"
  },
  {
    "city": "Hong",
    "country": "Denmark",
    "name": "M1 Hotel",
    "rating": 3.1,
    "user_ratings_total": 516,
    "price_level": null,
    "types": [
      "establishment",
      "lodging",
      "point_of_interest"
    ],
    "lat": 22.3125,
    "lng": 114.1702778,
    "cribsLikely": true,
    "place_id": "ChIJ8-rD5MAABDQRvNg8aM8MHM0",
    "address": "28號 Portland St, Yau Ma Tei, Hong Kong",
    "website": "http://www.m1hotel.hk/",
    "phone": "+852 2710 6666",
    "google_url": "https://maps.google.com/?cid=14779702162069706940"
  },
  {
    "city": "Hong",
    "country": "Denmark",
    "name": "The Kimberley Hotel",
    "rating": 3.7,
    "user_ratings_total": 2791,
    "price_level": null,
    "types": [
      "establishment",
      "lodging",
      "point_of_interest"
    ],
    "lat": 22.3005735,
    "lng": 114.173762,
    "cribsLikely": true,
    "place_id": "ChIJOen1gu4ABDQRYHJXBrQ3ZF4",
    "address": "28 Kimberley Rd, Tsim Sha Tsui, Hong Kong",
    "website": null,
    "phone": "+852 2723 3888",
    "google_url": "https://maps.google.com/?cid=6801622583576326752"
  },
  {
    "city": "Hong",
    "country": "Denmark",
    "name": "Windsor Villa",
    "rating": 3.9,
    "user_ratings_total": 31,
    "price_level": null,
    "types": [
      "establishment",
      "lodging",
      "point_of_interest"
    ],
    "lat": 22.297953,
    "lng": 114.17532,
    "cribsLikely": true,
    "place_id": "ChIJZb1UPu4ABDQRyxZgIJaP-Fo",
    "address": "Windsor Mansion, Chatham Rd S, Tsim Sha Tsui, Hong Kong",
    "website": null,
    "phone": "+852 2369 9103",
    "google_url": "https://maps.google.com/?cid=6555147132588791499"
  },
  {
    "city": "Hong",
    "country": "Denmark",
    "name": "Gloucester Hotel",
    "rating": 3.9,
    "user_ratings_total": 173,
    "price_level": null,
    "types": [
      "establishment",
      "lodging",
      "point_of_interest"
    ],
    "lat": 22.2803359,
    "lng": 114.1797476,
    "cribsLikely": true,
    "place_id": "ChIJT-RqWFcABDQRgrzDG7mfM6Y",
    "address": "218號 Gloucester Rd, Causeway Bay, Hong Kong",
    "website": null,
    "phone": "+852 3996 2888",
    "google_url": "https://maps.google.com/?cid=11976091451491859586"
  },
  {
    "city": "Hong",
    "country": "Denmark",
    "name": "New Hong Kong Hostel",
    "rating": 3.5,
    "user_ratings_total": 26,
    "price_level": null,
    "types": [
      "establishment",
      "lodging",
      "point_of_interest"
    ],
    "lat": 22.296534,
    "lng": 114.172782,
    "cribsLikely": true,
    "place_id": "ChIJB6PtEPIABDQRkF4KkWwQpUw",
    "address": "Hong Kong, Tsim Sha Tsui, Nathan Rd, 36-44號, Chungking Mansion, b2",
    "website": null,
    "phone": "+852 2312 2577",
    "google_url": "https://maps.google.com/?cid=5522838576515669648"
  },
  {
    "city": "Hong",
    "country": "Denmark",
    "name": "Hop Inn on Nathan Road",
    "rating": 4.5,
    "user_ratings_total": 173,
    "price_level": null,
    "types": [
      "establishment",
      "lodging",
      "point_of_interest"
    ],
    "lat": 22.2972463,
    "lng": 114.1724449,
    "cribsLikely": true,
    "place_id": "ChIJAa-vx0ABBDQRGSD5ybYG05I",
    "address": "54 Nathan Rd, Tsim Sha Tsui, Hong Kong",
    "website": "https://hopinn.inn.fan/",
    "phone": null,
    "google_url": "https://maps.google.com/?cid=10579807331765788697"
  }
]