[
  {
    "city": "Hong Kong, China",
    "country": "Hong Kong",
    "name": "Hotel COZi ‧ Resort",
    "rating": 3.8,
    "user_ratings_total": 790,
    "price_level": null,
    "types": [
      "establishment",
      "lodging",
      "point_of_interest"
    ],
    "lat": 22.3957153,
    "lng": 113.972333,
    "cribsLikely": true,
    "place_id": "ChIJHZ69fI77AzQRPRCi-BFMwJ4",
    "address": "4號 Kin Fung Circuit, Tuen Mun, Hong Kong",
    "website": "http://www.hotelcozi.com/resort",
    "phone": "+852 3899 9288",
    "google_url": "https://maps.google.com/?cid=11439226693590585405"
  },
  {
    "city": "Hong Kong, China",
    "country": "Hong Kong",
    "name": "Metropark Hotel Kowloon",
    "rating": 3.8,
    "user_ratings_total": 2261,
    "price_level": null,
    "types": [
      "establishment",
      "lodging",
      "point_of_interest"
    ],
    "lat": 22.3194297,
    "lng": 114.1758412,
    "cribsLikely": true,
    "place_id": "ChIJ_w6hZM8ABDQRvjsLhEati3g",
    "address": "75 Waterloo Rd, Ho Man Tin, Hong Kong",
    "website": "https://hongkonghotel.metroparkhotelkowloon.com/chi/contact.php?channel=contact",
    "phone": "+852 2761 1711",
    "google_url": "https://maps.google.com/?cid=8686226824688778174"
  },
  {
    "city": "Hong Kong, China",
    "country": "Hong Kong",
    "name": "China (hk) Hotel",
    "rating": 3.1,
    "user_ratings_total": 16,
    "price_level": null,
    "types": [
      "establishment",
      "lodging",
      "point_of_interest"
    ],
    "lat": 22.2909382,
    "lng": 114.2015339,
    "cribsLikely": true,
    "place_id": "ChIJBY3XEwUBBDQRddRNZpLW6nw",
    "address": "Scala Mansion, 25-31 Tsat Tsz Mui Rd, North Point, Hong Kong",
    "website": "https://www.tripsgeeks.com/1271/hk-guide/hk-hotel/%E5%8C%97%E8%A7%92%E4%B8%AD%E6%B8%AF%E9%85%92%E5%BA%97-%E9%85%92%E5%BA%97%E8%A9%95%E5%83%B9/",
    "phone": "+852 2561 4618",
    "google_url": "https://maps.google.com/?cid=9001242729523303541"
  },
  {
    "city": "Hong Kong, China",
    "country": "Hong Kong",
    "name": "EAST Hong Kong",
    "rating": 4.3,
    "user_ratings_total": 1320,
    "price_level": null,
    "types": [
      "establishment",
      "lodging",
      "point_of_interest"
    ],
    "lat": 22.2860064,
    "lng": 114.2160626,
    "cribsLikely": true,
    "place_id": "ChIJ5coVRnMBBDQRobAg5CKb2hU",
    "address": "29 Tai Koo Shing Rd, Quarry Bay, Hong Kong",
    "website": "https://www.easthotels.com/en/hongkong/",
    "phone": "+852 3968 3968",
    "google_url": "https://maps.google.com/?cid=1574741593877950625"
  },
  {
    "city": "Hong Kong, China",
    "country": "Hong Kong",
    "name": "Ramada Hong Kong Harbour View",
    "rating": 3.2,
    "user_ratings_total": 2832,
    "price_level": null,
    "types": [
      "establishment",
      "lodging",
      "point_of_interest"
    ],
    "lat": 22.28699,
    "lng": 114.1435312,
    "cribsLikely": true,
    "place_id": "ChIJdePzm4D_AzQR6m5eaZ0L35U",
    "address": "239 Queen's Rd W, Sai Ying Pun, Hong Kong",
    "website": "http://www.ramadahongkongharbourview.com/",
    "phone": "+852 2599 9888",
    "google_url": "https://maps.google.com/?cid=10799363202163306218"
  },
  {
    "city": "Hong Kong, China",
    "country": "Hong Kong",
    "name": "Rambler Oasis Hotel",
    "rating": 3.1,
    "user_ratings_total": 2300,
    "price_level": null,
    "types": [
      "establishment",
      "lodging",
      "point_of_interest"
    ],
    "lat": 22.3420308,
    "lng": 114.1100485,
    "cribsLikely": true,
    "place_id": "ChIJ58R5Bc34AzQRHgp1UIbVEnY",
    "address": "Rambler Crest Tower 1, 1 Tsing Yi Rd, Tsing Yi, Hong Kong",
    "website": "http://www.ramblerhotels.com/oasis",
    "phone": "+852 2129 1888",
    "google_url": "https://maps.google.com/?cid=8508097418908469790"
  },
  {
    "city": "Hong Kong, China",
    "country": "Hong Kong",
    "name": "M18 Hong Kong",
    "rating": 3.5,
    "user_ratings_total": 6,
    "price_level": null,
    "types": [
      "establishment",
      "lodging",
      "point_of_interest"
    ],
    "lat": 22.3123016,
    "lng": 114.170352,
    "cribsLikely": true,
    "place_id": "ChIJCwil_MAABDQR9p0wmZk7amA",
    "address": "26 Portland St, Yau Ma Tei, Hong Kong",
    "website": null,
    "phone": "+852 2338 1331",
    "google_url": "https://maps.google.com/?cid=6947430906058546678"
  },
  {
    "city": "Hong Kong, China",
    "country": "Hong Kong",
    "name": "Wee.Classic Inn",
    "rating": 3.3,
    "user_ratings_total": 48,
    "price_level": null,
    "types": [
      "establishment",
      "lodging",
      "point_of_interest"
    ],
    "lat": 22.2972567,
    "lng": 114.1726391,
    "cribsLikely": true,
    "place_id": "ChIJB3UKCvIABDQRuQ3gxlwc9Vc",
    "address": "Flat A3, 16/F, Block A, Mirador Mansion, Nathan Rd, Tsim Sha Tsui, Hong Kong",
    "website": null,
    "phone": "+852 2311 2526",
    "google_url": "https://maps.google.com/?cid=6338003235392982457"
  },
  {
    "city": "Hong Kong, China",
    "country": "Hong Kong",
    "name": "Pearl Guest House",
    "rating": 3.6,
    "user_ratings_total": 221,
    "price_level": null,
    "types": [
      "establishment",
      "lodging",
      "point_of_interest"
    ],
    "lat": 22.2972567,
    "lng": 114.1726391,
    "cribsLikely": true,
    "place_id": "ChIJmwIRCvIABDQRh7i4A7QWBlI",
    "address": "Room 6A, 6/F, Mirador Mansion, 54-64Nathan Road, Tsim Sha Tsui, Kowloon, Tsim Sha Tsui, Hong Kong",
    "website": null,
    "phone": "+852 5819 7714",
    "google_url": "https://maps.google.com/?cid=5910436523382716551"
  },
  {
    "city": "Hong Kong, China",
    "country": "Hong Kong",
    "name": "Hong Kong Guest House",
    "rating": 3.5,
    "user_ratings_total": 77,
    "price_level": null,
    "types": [
      "establishment",
      "lodging",
      "point_of_interest"
    ],
    "lat": 22.297301,
    "lng": 114.172392,
    "cribsLikely": true,
    "place_id": "ChIJSW1nCvIABDQRFXw-hliny14",
    "address": "54-56B Nathan Rd, Tsim Sha Tsui, Hong Kong",
    "website": null,
    "phone": "+852 2722 7966",
    "google_url": "https://maps.google.com/?cid=6830737258488691733"
  },
  {
    "city": "Hong Kong, China",
    "country": "Hong Kong",
    "name": "Hong Kong Tai San Guest House",
    "rating": 4.4,
    "user_ratings_total": 75,
    "price_level": null,
    "types": [
      "establishment",
      "lodging",
      "point_of_interest"
    ],
    "lat": 22.299175,
    "lng": 114.172306,
    "cribsLikely": true,
    "place_id": "ChIJ_04wx-0ABDQRBELZCcluHdE",
    "address": "94C Nathan Rd, Tsim Sha Tsui, Hong Kong",
    "website": "http://www.hktaisanguesthouse.com/",
    "phone": "+852 2739 1673",
    "google_url": "https://maps.google.com/?cid=15068321737984262660"
  },
  {
    "city": "Hong Kong, China",
    "country": "Hong Kong",
    "name": "Regent Hong Kong - 5-Star Luxury Hotels",
    "rating": 4.4,
    "user_ratings_total": 4183,
    "price_level": null,
    "types": [
      "bakery",
      "cafe",
      "establishment",
      "food",
      "lodging",
      "point_of_interest",
      "restaurant",
      "store"
    ],
    "lat": 22.2934362,
    "lng": 114.1739346,
    "cribsLikely": true,
    "place_id": "ChIJAAAAAOwABDQRP_PjmMCBYQo",
    "address": "18 Salisbury Rd, Tsim Sha Tsui, Hong Kong",
    "website": "https://hongkong.regenthotels.com/",
    "phone": "+852 2721 1211",
    "google_url": "https://maps.google.com/?cid=748021677318992703"
  }
]