[
  {
    "city": "Istanbul, Türkiye",
    "country": "Türkiye",
    "name": "ERCİYES HOTEL",
    "rating": 2.7,
    "user_ratings_total": 155,
    "price_level": null,
    "types": [
      "establishment",
      "lodging",
      "point_of_interest"
    ],
    "lat": 41.005029,
    "lng": 28.9467754,
    "cribsLikely": true,
    "place_id": "ChIJIThtBTO7yhQRUHxQga1oBD4",
    "address": "Aksaray, Atmaca Sk. no:36, 34096 Fatih/İstanbul, Türkiye",
    "website": null,
    "phone": "+90 212 529 50 81",
    "google_url": "https://maps.google.com/?cid=4468811824666541136"
  },
  {
    "city": "Istanbul, Türkiye",
    "country": "Türkiye",
    "name": "Green Palmiye Hotel",
    "rating": 4.4,
    "user_ratings_total": 752,
    "price_level": null,
    "types": [
      "establishment",
      "lodging",
      "point_of_interest"
    ],
    "lat": 40.9810752,
    "lng": 28.7308785,
    "cribsLikely": true,
    "place_id": "ChIJ3aFTKfOhyhQRDHvcfwk1Y4I",
    "address": "Gümüşpala Mahallesi D-100, Kuzey Yanyol, Green Palmiye Otel, Gümüşpala, Zabit Sk. No:1, 34320 Avcılar/İstanbul, Türkiye",
    "website": "http://www.greenpalmiyehotel.com/",
    "phone": "+90 212 509 07 07",
    "google_url": "https://maps.google.com/?cid=9395411562541120268"
  },
  {
    "city": "Istanbul, Türkiye",
    "country": "Türkiye",
    "name": "Otel Yenikapı",
    "rating": 3.7,
    "user_ratings_total": 22,
    "price_level": null,
    "types": [
      "establishment",
      "lodging",
      "point_of_interest"
    ],
    "lat": 41.0075096,
    "lng": 28.9525689,
    "cribsLikely": true,
    "place_id": "ChIJAQC03im6yhQRvOsjIY6hw9Q",
    "address": "Marmara Region, Aksaray, Koçibey Sk. No:15, 34096 Fatih/İstanbul, Türkiye",
    "website": null,
    "phone": "+90 212 635 50 50",
    "google_url": "https://maps.google.com/?cid=15331275188312730556"
  },
  {
    "city": "Istanbul, Türkiye",
    "country": "Türkiye",
    "name": "Royal Suites Sultanahmet",
    "rating": 4.3,
    "user_ratings_total": 126,
    "price_level": null,
    "types": [
      "establishment",
      "lodging",
      "point_of_interest"
    ],
    "lat": 41.004142,
    "lng": 28.969241,
    "cribsLikely": true,
    "place_id": "ChIJLbIEtCO5yhQRDYVFg3MgP6M",
    "address": "Küçük Ayasofya, Şehsuvar Bey Sk. No:2, 34122 Fatih/İstanbul, Türkiye",
    "website": null,
    "phone": "+90 506 418 79 75",
    "google_url": "https://maps.google.com/?cid=11763156432210724109"
  },
  {
    "city": "Istanbul, Türkiye",
    "country": "Türkiye",
    "name": "Royal Inci Hotel",
    "rating": 3.8,
    "user_ratings_total": 1280,
    "price_level": null,
    "types": [
      "establishment",
      "lodging",
      "point_of_interest"
    ],
    "lat": 41.0011449,
    "lng": 28.7982921,
    "cribsLikely": true,
    "place_id": "ChIJY8-d2Y6jyhQRED7CTF2eBvM",
    "address": "Kartaltepe, Sadık Sk. No:8, 34215 Küçükçekmece/İstanbul, Türkiye",
    "website": "http://www.royalincihotel.com/",
    "phone": "+90 212 599 99 23",
    "google_url": "https://maps.google.com/?cid=17511858324633697808"
  },
  {
    "city": "Istanbul, Türkiye",
    "country": "Türkiye",
    "name": "The City Palace Suite Hotel",
    "rating": 4.2,
    "user_ratings_total": 119,
    "price_level": null,
    "types": [
      "establishment",
      "lodging",
      "point_of_interest"
    ],
    "lat": 40.9956038,
    "lng": 28.79634649999999,
    "cribsLikely": true,
    "place_id": "ChIJsXgn0oejyhQRY4yoZHIE5gg",
    "address": "Beşyol, Çamlık Sk. No:10, 34295 Küçükçekmece/İstanbul, Türkiye",
    "website": "https://thecitypalacehotel.com/",
    "phone": "+90 212 426 24 26",
    "google_url": "https://maps.google.com/?cid=641204886308424803"
  },
  {
    "city": "Istanbul, Türkiye",
    "country": "Türkiye",
    "name": "Sultan süleyman palace hotel & hamam",
    "rating": 4.4,
    "user_ratings_total": 562,
    "price_level": null,
    "types": [
      "establishment",
      "lodging",
      "point_of_interest"
    ],
    "lat": 41.003931,
    "lng": 28.9717201,
    "cribsLikely": true,
    "place_id": "ChIJPyunsv65yhQRSvBe0zPWnOI",
    "address": "Küçük Ayasofya, Kadırga Limanı Cd. No:137, 34130 Fatih/İstanbul, Türkiye",
    "website": "https://sultansuleymanpalace.com/",
    "phone": "+90 212 518 40 30",
    "google_url": "https://maps.google.com/?cid=16329161867016466506"
  },
  {
    "city": "Istanbul, Türkiye",
    "country": "Türkiye",
    "name": "Nisanca suit otel",
    "rating": 1,
    "user_ratings_total": 1,
    "price_level": null,
    "types": [
      "establishment",
      "lodging",
      "point_of_interest"
    ],
    "lat": 41.0059925,
    "lng": 28.96080439999999,
    "cribsLikely": true,
    "place_id": "ChIJM4XXawC5yhQRqSjRZ0eFFSI",
    "address": "Nişanca, Nişanca Fırını Sk., 34130 Fatih/İstanbul, Türkiye",
    "website": null,
    "phone": null,
    "google_url": "https://maps.google.com/?cid=2456015713531406505"
  },
  {
    "city": "Istanbul, Türkiye",
    "country": "Türkiye",
    "name": "Blu Hotel İstanbul",
    "rating": 3.6,
    "user_ratings_total": 156,
    "price_level": null,
    "types": [
      "establishment",
      "lodging",
      "point_of_interest"
    ],
    "lat": 41.0126414,
    "lng": 28.9779622,
    "cribsLikely": true,
    "place_id": "ChIJHQPWi7-5yhQRL_Q2sJ8V0Yo",
    "address": "Hoca Paşa, Hüdavendigar Cd. No:5, 34110 Fatih/İstanbul, Türkiye",
    "website": null,
    "phone": "+90 212 514 98 28",
    "google_url": "https://maps.google.com/?cid=10002800022966957103"
  },
  {
    "city": "Istanbul, Türkiye",
    "country": "Türkiye",
    "name": "Beans House Suite",
    "rating": 3.6,
    "user_ratings_total": 16,
    "price_level": null,
    "types": [
      "establishment",
      "lodging",
      "point_of_interest"
    ],
    "lat": 41.0369999,
    "lng": 28.9764035,
    "cribsLikely": true,
    "place_id": "ChIJDaVomUy3yhQRhNJam7tyl0c",
    "address": "Kalyoncu Kulluğu, Akkiraz Sk. no:8-26, 34115 Beyoğlu/İstanbul, Türkiye",
    "website": "http://www.beanshousesuite.com/",
    "phone": "+90 510 223 15 02",
    "google_url": "https://maps.google.com/?cid=5158718048267063940"
  },
  {
    "city": "Istanbul, Türkiye",
    "country": "Türkiye",
    "name": "My Dream Istanbul Hotel",
    "rating": 4.9,
    "user_ratings_total": 2763,
    "price_level": null,
    "types": [
      "establishment",
      "lodging",
      "point_of_interest"
    ],
    "lat": 41.0132827,
    "lng": 28.9773349,
    "cribsLikely": true,
    "place_id": "ChIJfRHP6HK5yhQRwZwQ6KyHFK8",
    "address": "Hoca Paşa, Hüdavendigar Cd. No:13, 34110 Fatih/İstanbul, Türkiye",
    "website": "http://www.mydreamistanbulhotel.com/",
    "phone": "+90 212 520 20 22",
    "google_url": "https://maps.google.com/?cid=12615857632869129409"
  },
  {
    "city": "Istanbul, Türkiye",
    "country": "Türkiye",
    "name": "Ciragan Palace Kempinski",
    "rating": 4.7,
    "user_ratings_total": 12061,
    "price_level": 4,
    "types": [
      "establishment",
      "lodging",
      "point_of_interest",
      "tourist_attraction"
    ],
    "lat": 41.0439752,
    "lng": 29.0161433,
    "cribsLikely": true,
    "place_id": "ChIJpzC--7u3yhQRXag5_ctIINI",
    "address": "Yıldız, Çırağan Cd. No:32, 34349 Beşiktaş/İstanbul, Türkiye",
    "website": "https://www.kempinski.com/en/ciragan-palace?utm_medium=organic&utm_source=google&utm_campaign=KIIST&utm_content=gmb&source=S308962248",
    "phone": "+90 212 326 46 46",
    "google_url": "https://maps.google.com/?cid=15141181988183582813"
  }
]