[
  {
    "city": "Jakarta, Indonesia",
    "country": "Indonesia",
    "name": "RedDoorz near Mandaya Royal Hospital Puri",
    "rating": 2.3,
    "user_ratings_total": 30,
    "price_level": null,
    "types": [
      "establishment",
      "lodging",
      "point_of_interest"
    ],
    "lat": -6.186579999999999,
    "lng": 106.7166474,
    "cribsLikely": true,
    "place_id": "ChIJm-sY1Un5aS4RWvM6EnZYr5U",
    "address": "RP78+8P7, Jl. KH. Ahmad Dahlan No.2, Petir, Kec. Cipondoh, Kota Tangerang, Banten 15147, Indonesia",
    "website": "https://www.reddoorz.com/en-id/hotel/indonesia/tangerang/cipondoh/cipondoh/reddoorz-near-mandaya-royal-hospital-puri?utm_campaign=webclick&utm_medium=mybusiness&utm_source=google",
    "phone": "+62 895-4173-00072",
    "google_url": "https://maps.google.com/?cid=10785936896710865754"
  },
  {
    "city": "Jakarta, Indonesia",
    "country": "Indonesia",
    "name": "GRAND THAMRIN HOTEL",
    "rating": 4,
    "user_ratings_total": 424,
    "price_level": null,
    "types": [
      "establishment",
      "lodging",
      "point_of_interest"
    ],
    "lat": -6.1960658,
    "lng": 106.8202241,
    "cribsLikely": true,
    "place_id": "ChIJj7kX4L31aS4R1YqFCQpSKfg",
    "address": "4, Jl. Tlk. Betung I No.45D, RT.4/RW.1, Kb. Melati, Kecamatan Tanah Abang, Kota Jakarta Pusat, Daerah Khusus Ibukota Jakarta 10230, Indonesia",
    "website": "https://www.facebook.com/grandthamrinhotel",
    "phone": "+62 822-9898-7955",
    "google_url": "https://maps.google.com/?cid=17881913998514162389"
  },
  {
    "city": "Jakarta, Indonesia",
    "country": "Indonesia",
    "name": "Hotel Antara",
    "rating": 4,
    "user_ratings_total": 493,
    "price_level": null,
    "types": [
      "establishment",
      "lodging",
      "point_of_interest"
    ],
    "lat": -6.166148499999999,
    "lng": 106.8331788,
    "cribsLikely": true,
    "place_id": "ChIJ0W1Ce8_1aS4R_6NW9DWOt5E",
    "address": "Jl. Antara No.39, RT.2/RW.1, Ps. Baru, Kecamatan Sawah Besar, Kota Jakarta Pusat, Daerah Khusus Ibukota Jakarta 10740, Indonesia",
    "website": null,
    "phone": "+62 21 3503403",
    "google_url": "https://maps.google.com/?cid=10500017418621330431"
  },
  {
    "city": "Jakarta, Indonesia",
    "country": "Indonesia",
    "name": "Hotel Bulevar Tanjung Duren Jakarta",
    "rating": 3.5,
    "user_ratings_total": 1526,
    "price_level": null,
    "types": [
      "establishment",
      "lodging",
      "point_of_interest"
    ],
    "lat": -6.1740853,
    "lng": 106.7875555,
    "cribsLikely": true,
    "place_id": "ChIJjR85OFn2aS4RHtjxwRbjDb8",
    "address": "Jl. Tanjung Duren Raya No.1, RT.1/RW.5, Tj. Duren Utara, Kec. Grogol petamburan, Kota Jakarta Barat, Daerah Khusus Ibukota Jakarta 11470, Indonesia",
    "website": "https://www.agoda.com/hotel-bulevar-tanjung-duren/hotel/jakarta-id.html",
    "phone": "+62 21 5662288",
    "google_url": "https://maps.google.com/?cid=13766909322824112158"
  },
  {
    "city": "Jakarta, Indonesia",
    "country": "Indonesia",
    "name": "Collection O Gambir Near Masjid Istiqlal Formerly Aleander Hotel",
    "rating": 2.5,
    "user_ratings_total": 66,
    "price_level": null,
    "types": [
      "establishment",
      "lodging",
      "point_of_interest"
    ],
    "lat": -6.1667687,
    "lng": 106.8319197,
    "cribsLikely": true,
    "place_id": "ChIJtzo8Uiz1aS4RfgX66Wl4sqQ",
    "address": "07, Jl. Antara No.35, RT.7/RW.1, Ps. Baru, Kecamatan Sawah Besar Kota Jakarta Pusat, Ps. Baru, Kecamatan Sawah Besar, Jakarta, Daerah Khusus Ibukota Jakarta 10710, Indonesia",
    "website": "https://www.oyorooms.com/h/106050?utm_source=Google_gmb_ID&utm_medium=Organic&utm_campaign=ID_JKT377&latitude=-6.16679&longitude=106.8319&locale=id",
    "phone": "+62 21 29707601",
    "google_url": "https://maps.google.com/?cid=11867680364367054206"
  },
  {
    "city": "Jakarta, Indonesia",
    "country": "Indonesia",
    "name": "Hotel Andalus",
    "rating": 3.9,
    "user_ratings_total": 172,
    "price_level": null,
    "types": [
      "establishment",
      "lodging",
      "point_of_interest"
    ],
    "lat": -6.1870261,
    "lng": 106.8379485,
    "cribsLikely": true,
    "place_id": "ChIJiXzStkbIaS4RsMHHqL4GPlU",
    "address": "Jl. Kalipasir No.5, Kb. Sirih, Kec. Menteng, Jakarta, Daerah Khusus Ibukota Jakarta 10330, Indonesia",
    "website": null,
    "phone": "+62 878-2153-5804",
    "google_url": "https://maps.google.com/?cid=6142354357725151664"
  },
  {
    "city": "Jakarta, Indonesia",
    "country": "Indonesia",
    "name": "RedDoorz near Kota Tua 2",
    "rating": 4,
    "user_ratings_total": 81,
    "price_level": null,
    "types": [
      "establishment",
      "lodging",
      "point_of_interest"
    ],
    "lat": -6.1327186,
    "lng": 106.8074325,
    "cribsLikely": true,
    "place_id": "ChIJdzxvd_kdai4R3hZSf96wqfo",
    "address": "Jl. Tiang Bendera 5 No.36A 1, RT.4/RW.10, Roa Malaka, Kec. Tambora, Kota Jakarta Barat, Daerah Khusus Ibukota Jakarta 11230, Indonesia",
    "website": "https://www.reddoorz.com/en-id/hotel/indonesia/jakarta/tambora/roa-malaka/reddoorz-near-kota-tua-2",
    "phone": "+62 895-4173-00072",
    "google_url": "https://maps.google.com/?cid=18062162250211399390"
  },
  {
    "city": "Jakarta, Indonesia",
    "country": "Indonesia",
    "name": "Hotel Cantik Syari",
    "rating": 4.7,
    "user_ratings_total": 335,
    "price_level": null,
    "types": [
      "establishment",
      "lodging",
      "point_of_interest"
    ],
    "lat": -6.1913927,
    "lng": 106.8189093,
    "cribsLikely": true,
    "place_id": "ChIJvUzG6L71aS4R_01JZKwQ6j8",
    "address": "Jl. Kb. Kacang 9 No.43, RT.2/RW.4, Kb. Kacang, Kecamatan Tanah Abang, Kota Jakarta Pusat, Daerah Khusus Ibukota Jakarta 10240, Indonesia",
    "website": null,
    "phone": "+62 811-8160-043",
    "google_url": "https://maps.google.com/?cid=4605511901542698495"
  },
  {
    "city": "Jakarta, Indonesia",
    "country": "Indonesia",
    "name": "Ana Hotel",
    "rating": 4.4,
    "user_ratings_total": 1552,
    "price_level": null,
    "types": [
      "establishment",
      "lodging",
      "point_of_interest"
    ],
    "lat": -6.1935812,
    "lng": 106.8188542,
    "cribsLikely": true,
    "place_id": "ChIJx4zVkCD0aS4RPVB_p7jKl6E",
    "address": "Jl. Kb. Kacang 9 No.79, RT.9/RW.4, Kb. Kacang, Kecamatan Tanah Abang, Kota Jakarta Pusat, Daerah Khusus Ibukota Jakarta 10240, Indonesia",
    "website": "https://www.facebook.com/ANA-Hotel-Jakarta-101119069619052",
    "phone": "+62 21 21230550",
    "google_url": "https://maps.google.com/?cid=11643998256022638653"
  },
  {
    "city": "Jakarta, Indonesia",
    "country": "Indonesia",
    "name": "Tamarin Hotel Jakarta",
    "rating": 4.3,
    "user_ratings_total": 3486,
    "price_level": null,
    "types": [
      "establishment",
      "lodging",
      "point_of_interest"
    ],
    "lat": -6.187424,
    "lng": 106.826785,
    "cribsLikely": true,
    "place_id": "ChIJUQ5rX536aS4Rk_46dytn0Hg",
    "address": "1, Jl. K.H. Wahid Hasyim No.77, RT.1/RW.4, Gondangdia, Kec. Menteng, Kota Jakarta Pusat, Daerah Khusus Ibukota Jakarta 10340, Indonesia",
    "website": "http://www.tamarinhoteljakarta.com/",
    "phone": "+62 21 3912323",
    "google_url": "https://maps.google.com/?cid=8705571516088778387"
  },
  {
    "city": "Jakarta, Indonesia",
    "country": "Indonesia",
    "name": "Hotel O Mangga Besar Near Kota Tua Formerly Fresh Hotel",
    "rating": 1.8,
    "user_ratings_total": 5,
    "price_level": null,
    "types": [
      "establishment",
      "lodging",
      "point_of_interest"
    ],
    "lat": -6.1507608,
    "lng": 106.8191424,
    "cribsLikely": true,
    "place_id": "ChIJOwGmHuL1aS4RWgtJVX8Slq0",
    "address": "11, Jalan Kebon Jeruk XIX, 114/9, RT. 10, Maphar, Taman Sari, Jakarta, 11180, Indonesia",
    "website": "https://www.oyorooms.com/id/222619/",
    "phone": "+62 804 104 0040",
    "google_url": "https://maps.google.com/?cid=12508205353169128282"
  },
  {
    "city": "Jakarta, Indonesia",
    "country": "Indonesia",
    "name": "OYO 630 Green Lake View Cimanggis",
    "rating": 4.1,
    "user_ratings_total": 638,
    "price_level": null,
    "types": [
      "establishment",
      "lodging",
      "point_of_interest"
    ],
    "lat": -6.3977439,
    "lng": 106.8684345,
    "cribsLikely": true,
    "place_id": "ChIJu7zh5XDraS4RkfuC5FuWc70",
    "address": "Curug, Cimanggis, Depok City, West Java 16455, Indonesia",
    "website": "https://www.oyorooms.com/ID/53271/?utm_source=GMB_ID&utm_medium=Organic&utm_campaign=ID_JKT121&latitude=-6.3977229&longitude=106.868447&locale=id",
    "phone": "+62 21 29707601",
    "google_url": "https://maps.google.com/?cid=13651420216910085009"
  }
]