[
  {
    "city": "Japan",
    "country": "Japan",
    "name": "SAKURA TERRACE THE GALLERY",
    "rating": 4.4,
    "user_ratings_total": 2610,
    "price_level": null,
    "types": [
      "establishment",
      "lodging",
      "point_of_interest"
    ],
    "lat": 34.9827875,
    "lng": 135.7584339,
    "cribsLikely": true,
    "place_id": "ChIJ2TkpW6wIAWARuMA8CP8kR0k",
    "address": "39番地 Higashikujō Kamitonodachō, Minami Ward, Kyoto, 601-8002, Japan",
    "website": "http://sakuraterrace-gallery.jp/",
    "phone": "+81 75-672-0002",
    "google_url": "https://maps.google.com/?cid=5280229765888655544"
  },
  {
    "city": "Japan",
    "country": "Japan",
    "name": "Under Railway Hotel Akihabara",
    "rating": 4.3,
    "user_ratings_total": 269,
    "price_level": null,
    "types": [
      "cafe",
      "establishment",
      "food",
      "lodging",
      "point_of_interest"
    ],
    "lat": 35.7013477,
    "lng": 139.7733637,
    "cribsLikely": true,
    "place_id": "ChIJhXu-qJGPGGARJM_jyq0XHmE",
    "address": "15-1 Kanda Neribeichō, Chiyoda City, Tokyo 101-0022, Japan",
    "website": "https://www.urh-akihabara.com/",
    "phone": "+81 3-3254-6160",
    "google_url": "https://maps.google.com/?cid=6998056906181037860"
  },
  {
    "city": "Japan",
    "country": "Japan",
    "name": "Tokyo Grand Hotel",
    "rating": 3.8,
    "user_ratings_total": 1216,
    "price_level": null,
    "types": [
      "establishment",
      "lodging",
      "point_of_interest"
    ],
    "lat": 35.6528995,
    "lng": 139.7511944,
    "cribsLikely": true,
    "place_id": "ChIJVVWZts-UGGARDZLqzSjLL-I",
    "address": "2-chōme-5-2 Shiba, Minato City, Tokyo 105-0014, Japan",
    "website": "http://www.tokyogrand.gr.jp/",
    "phone": "+81 3-3456-2222",
    "google_url": "https://maps.google.com/?cid=16298468952590946829"
  },
  {
    "city": "Japan",
    "country": "Japan",
    "name": "KIN HOTEL",
    "rating": 4.2,
    "user_ratings_total": 229,
    "price_level": null,
    "types": [
      "establishment",
      "lodging",
      "point_of_interest"
    ],
    "lat": 35.7126174,
    "lng": 139.7867684,
    "cribsLikely": true,
    "place_id": "ChIJR-lZir2OGGARNO07P9zksnc",
    "address": "2-chōme-3-2 Matsugaya, Taito City, Tokyo 111-0036, Japan",
    "website": "http://kin-hotel.jp/",
    "phone": "+81 3-5830-6081",
    "google_url": "https://maps.google.com/?cid=8625207870972751156"
  },
  {
    "city": "Japan",
    "country": "Japan",
    "name": "K's House Ito Onsen",
    "rating": 4.8,
    "user_ratings_total": 911,
    "price_level": null,
    "types": [
      "establishment",
      "lodging",
      "point_of_interest"
    ],
    "lat": 34.971782,
    "lng": 139.0973774,
    "cribsLikely": true,
    "place_id": "ChIJJzqpz97DGWAR0Fo_4UukjkE",
    "address": "12-13 Higashimatsubarachō, Itō, Shizuoka 414-0022, Japan",
    "website": "https://kshouse.jp/ito-e/index.html",
    "phone": null,
    "google_url": "https://maps.google.com/?cid=4723893704966757072"
  },
  {
    "city": "Japan",
    "country": "Japan",
    "name": "Hotel M's Plus Shijō Ōmiya",
    "rating": 4.2,
    "user_ratings_total": 1355,
    "price_level": null,
    "types": [
      "establishment",
      "lodging",
      "point_of_interest"
    ],
    "lat": 35.0037991,
    "lng": 135.7476339,
    "cribsLikely": true,
    "place_id": "ChIJ2TyG6CgGAWAR4hjo_gql_J4",
    "address": "114 Nishikiōmiyachō, Nakagyo Ward, Kyoto, 604-8365, Japan",
    "website": "http://hotelms.jp/msplusomiya/",
    "phone": "+81 75-813-0258",
    "google_url": "https://maps.google.com/?cid=11456213018768578786"
  },
  {
    "city": "Japan",
    "country": "Japan",
    "name": "Tokyo Plaza Hotel, Shinjuku",
    "rating": 3.8,
    "user_ratings_total": 507,
    "price_level": null,
    "types": [
      "establishment",
      "lodging",
      "point_of_interest"
    ],
    "lat": 35.701767,
    "lng": 139.6986866,
    "cribsLikely": true,
    "place_id": "ChIJmcEg4y6NGGARBEHH9RHYW_4",
    "address": "2-chōme-15-1 Hyakuninchō, Shinjuku City, Tokyo 169-0073, Japan",
    "website": "http://tokyoplazahotel.co.jp/",
    "phone": "+81 3-3366-0707",
    "google_url": "https://maps.google.com/?cid=18328480680163885316"
  },
  {
    "city": "Japan",
    "country": "Japan",
    "name": "ONE@Tokyo",
    "rating": 4.3,
    "user_ratings_total": 862,
    "price_level": null,
    "types": [
      "establishment",
      "lodging",
      "point_of_interest"
    ],
    "lat": 35.71178889999999,
    "lng": 139.8159778,
    "cribsLikely": true,
    "place_id": "ChIJ718ioimPGGARcwFhGRknToY",
    "address": "1-chōme-19-3 Oshiage, Sumida City, Tokyo 131-0045, Japan",
    "website": "https://onetokyo.com/",
    "phone": "+81 3-5630-1193",
    "google_url": "https://maps.google.com/?cid=9677715638019228019"
  },
  {
    "city": "Japan",
    "country": "Japan",
    "name": "Hotel Abest",
    "rating": 3.1,
    "user_ratings_total": 407,
    "price_level": null,
    "types": [
      "establishment",
      "lodging",
      "point_of_interest"
    ],
    "lat": 35.6342508,
    "lng": 139.7146971,
    "cribsLikely": true,
    "place_id": "ChIJL6M4IxmLGGARRegXZuEMWgM",
    "address": "2-chōme-26-5 Kamiōsaki, Shinagawa City, Tokyo 141-0021, Japan",
    "website": "https://www.hotelabest-tokyomeguro.com/",
    "phone": "+81 3-3490-5566",
    "google_url": "https://maps.google.com/?cid=241519692237760581"
  },
  {
    "city": "Japan",
    "country": "Japan",
    "name": "Park Hotel Tokyo",
    "rating": 4.4,
    "user_ratings_total": 2471,
    "price_level": 2,
    "types": [
      "bar",
      "establishment",
      "food",
      "lodging",
      "point_of_interest",
      "restaurant"
    ],
    "lat": 35.6630543,
    "lng": 139.7594515,
    "cribsLikely": true,
    "place_id": "ChIJqbHzUMKLGGAR15DTArzlkgI",
    "address": "Japan, 〒105-7227 Tokyo, Minato City, Higashishinbashi, 1-chōme−7−１ 汐留メディアタワー フロント 25F",
    "website": "https://parkhoteltokyo.com/?utm_campaign=monita2024&utm_medium=googlebusinessprofile&utm_source=Google",
    "phone": "+81 3-6252-1111",
    "google_url": "https://maps.google.com/?cid=185463130339643607"
  },
  {
    "city": "Japan",
    "country": "Japan",
    "name": "Hotel Yaenomidori Tokyo",
    "rating": 4.3,
    "user_ratings_total": 651,
    "price_level": null,
    "types": [
      "establishment",
      "lodging",
      "point_of_interest"
    ],
    "lat": 35.6771812,
    "lng": 139.7762154,
    "cribsLikely": true,
    "place_id": "ChIJ7WjGx-CJGGARn32-IcRLSd0",
    "address": "2-chōme-13-1 Hatchōbori, Chuo City, Tokyo 104-0032, Japan",
    "website": "https://yaenomidori.jp/",
    "phone": "+81 3-6263-2020",
    "google_url": "https://maps.google.com/?cid=15945359261433757087"
  },
  {
    "city": "Japan",
    "country": "Japan",
    "name": "OURS INN HANKYU",
    "rating": 4.1,
    "user_ratings_total": 3590,
    "price_level": null,
    "types": [
      "establishment",
      "lodging",
      "point_of_interest"
    ],
    "lat": 35.6055857,
    "lng": 139.7342741,
    "cribsLikely": true,
    "place_id": "ChIJgUoetn2KGGARUCPPNWRyxlA",
    "address": "1-chōme-50-5 Ōi, Shinagawa City, Tokyo 140-0014, Japan",
    "website": "https://www.oursinn-hankyu.co.jp/?utm_source=Google&utm_medium=map&utm_campaign=gmb",
    "phone": "+81 570-011-806",
    "google_url": "https://maps.google.com/?cid=5820465343148008272"
  }
]