[
  {
    "city": "Jerusalem, Israel",
    "country": "Israel",
    "name": "Dan Jerusalem Hotel",
    "rating": 4.5,
    "user_ratings_total": 5800,
    "price_level": null,
    "types": [
      "establishment",
      "lodging",
      "point_of_interest"
    ],
    "lat": 31.797713,
    "lng": 35.235868,
    "cribsLikely": true,
    "place_id": "ChIJFwabqvIpAxURPKSjUoadoZo",
    "address": "Lekhi St 32, Jerusalem",
    "website": "https://www.danhotels.com/JerusalemHotels/DanJerusalemHotel/",
    "phone": "+972 2-533-1234",
    "google_url": "https://maps.google.com/?cid=11142360153328952380"
  },
  {
    "city": "Jerusalem, Israel",
    "country": "Israel",
    "name": "Prima Park",
    "rating": 4.4,
    "user_ratings_total": 4566,
    "price_level": null,
    "types": [
      "establishment",
      "lodging",
      "point_of_interest"
    ],
    "lat": 31.7851973,
    "lng": 35.1980603,
    "cribsLikely": true,
    "place_id": "ChIJBSFEizTWAhUR6vkP3I40eQw",
    "address": "זאב וילנאי 2 ירושלים IL 95435, Ze'ev Vilnai 2, Jerusalem, Israel",
    "website": "https://www.prima.co.il/prima-park-jerusalem-hotel?reffrom=gmb_prima_park_heb&utm_source=google_my_business&utm_medium=organic&utm_campaign=googlemybusiness_prima_park_heb&utm_term=googlemybusiness_prima_park_heb&utm_content=googlemybusiness_prima_park_heb",
    "phone": "+972 2-658-2222",
    "google_url": "https://maps.google.com/?cid=898807388819159530"
  },
  {
    "city": "Jerusalem, Israel",
    "country": "Israel",
    "name": "Jewish Quarter Short Term Rentals",
    "rating": 5,
    "user_ratings_total": 7,
    "price_level": null,
    "types": [
      "establishment",
      "lodging",
      "point_of_interest"
    ],
    "lat": 31.7748933,
    "lng": 35.2315882,
    "cribsLikely": true,
    "place_id": "ChIJ_-Ff_sspAxURsq0vftv4c1o",
    "address": "Q6FJ+XJ4, Beit El St, Jerusalem",
    "website": null,
    "phone": null,
    "google_url": "https://maps.google.com/?cid=6517826707333819826"
  },
  {
    "city": "Jerusalem, Israel",
    "country": "Israel",
    "name": "Ramada by Wyndham Jerusalem",
    "rating": 4,
    "user_ratings_total": 3503,
    "price_level": null,
    "types": [
      "establishment",
      "lodging",
      "point_of_interest"
    ],
    "lat": 31.7832803,
    "lng": 35.1964486,
    "cribsLikely": true,
    "place_id": "ChIJTVyiUf22AhUR7p-tuQmQrJ0",
    "address": "Ze'ev Vilnai St 6, Jerusalem, 91033, Israel",
    "website": "https://www.jerusalemramadahotel.com/?CID=LC:wmcic5n98gs1g0r:23777&iata=00093796",
    "phone": "+972 2-659-9999",
    "google_url": "https://maps.google.com/?cid=11361614331393187822"
  },
  {
    "city": "Jerusalem, Israel",
    "country": "Israel",
    "name": "Dan Panorama Jerusalem",
    "rating": 4.7,
    "user_ratings_total": 4332,
    "price_level": null,
    "types": [
      "establishment",
      "lodging",
      "point_of_interest"
    ],
    "lat": 31.7727146,
    "lng": 35.2215576,
    "cribsLikely": true,
    "place_id": "ChIJV1rwuCwoAxURFf0sLGe2-w0",
    "address": "דן פנורמה, קרן היסוד 39, ירושלים, Israel",
    "website": "https://www.danhotels.com/JerusalemHotels/DanPanoramaJerusalemHotel/",
    "phone": "+972 2-569-5695",
    "google_url": "https://maps.google.com/?cid=1007599495886470421"
  },
  {
    "city": "Jerusalem, Israel",
    "country": "Israel",
    "name": "Jerusalem boutique hotel",
    "rating": 4.6,
    "user_ratings_total": 8,
    "price_level": null,
    "types": [
      "establishment",
      "lodging",
      "point_of_interest"
    ],
    "lat": 31.7869262,
    "lng": 35.2325363,
    "cribsLikely": true,
    "place_id": "ChIJnwpCCcEpAxURc_N8dG0KsbI",
    "address": "Ibn Batuta Street, Jerusalem",
    "website": null,
    "phone": "+972 50-230-4411",
    "google_url": "https://maps.google.com/?cid=12876084274851017587"
  },
  {
    "city": "Jerusalem, Israel",
    "country": "Israel",
    "name": "Stay Inn Hotel Jerusalem",
    "rating": 4.4,
    "user_ratings_total": 770,
    "price_level": null,
    "types": [
      "establishment",
      "lodging",
      "point_of_interest"
    ],
    "lat": 31.7809331,
    "lng": 35.2162332,
    "cribsLikely": true,
    "place_id": "ChIJMz6aE9YpAxURlre9mDa6xCM",
    "address": "King George St 21, Jerusalem, 6380604, Israel",
    "website": "https://en.stayhg.com/",
    "phone": "+972 3-508-5971",
    "google_url": "https://maps.google.com/?cid=2577389630416336790"
  },
  {
    "city": "Jerusalem, Israel",
    "country": "Israel",
    "name": "Zion Hotel",
    "rating": 3.4,
    "user_ratings_total": 374,
    "price_level": null,
    "types": [
      "establishment",
      "lodging",
      "point_of_interest"
    ],
    "lat": 31.782078,
    "lng": 35.21865,
    "cribsLikely": true,
    "place_id": "ChIJ58jK_dYpAxURjU52WG8cahs",
    "address": "Dorot Rishonim St 10, Jerusalem, Israel",
    "website": null,
    "phone": "+972 52-259-0068",
    "google_url": "https://maps.google.com/?cid=1975422651106479757"
  },
  {
    "city": "Jerusalem, Israel",
    "country": "Israel",
    "name": "Tantur Hills Hotel",
    "rating": 4.6,
    "user_ratings_total": 171,
    "price_level": null,
    "types": [
      "establishment",
      "lodging",
      "point_of_interest"
    ],
    "lat": 31.7262077,
    "lng": 35.2034988,
    "cribsLikely": true,
    "place_id": "ChIJvfL74B4pAxURoHu3iUGRAug",
    "address": "Hebron Rd 303, Jerusalem",
    "website": "http://www.tanturhills.com/",
    "phone": "+972 2-565-8800",
    "google_url": "https://maps.google.com/?cid=16718084477422107552"
  },
  {
    "city": "Jerusalem, Israel",
    "country": "Israel",
    "name": "New Metropole",
    "rating": 3.8,
    "user_ratings_total": 245,
    "price_level": null,
    "types": [
      "establishment",
      "lodging",
      "point_of_interest"
    ],
    "lat": 31.784264,
    "lng": 35.232908,
    "cribsLikely": true,
    "place_id": "ChIJ-Yx8ycYpAxURFK1yhG1_LtE",
    "address": "Salah Ad-din St 6, Jerusalem",
    "website": null,
    "phone": null,
    "google_url": "https://maps.google.com/?cid=15073125111205899540"
  },
  {
    "city": "Jerusalem, Israel",
    "country": "Israel",
    "name": "Grand Court Hotel Jerusalem - מלון גרנד קורט ירושלים",
    "rating": 4.1,
    "user_ratings_total": 3044,
    "price_level": null,
    "types": [
      "establishment",
      "lodging",
      "point_of_interest"
    ],
    "lat": 31.789408,
    "lng": 35.227205,
    "cribsLikely": true,
    "place_id": "ChIJq_9rPuL6AhUR6SxrOx3S9c8",
    "address": "St George St 15, Jerusalem",
    "website": "https://www.grandhotels.co.il/grand-court-hotel-jerusalem?reffrom=gmb&utm_source=google_my_business&utm_medium=organic&utm_campaign=googlemybusiness",
    "phone": "+972 2-591-7777",
    "google_url": "https://maps.google.com/?cid=14985114358137957609"
  },
  {
    "city": "Jerusalem, Israel",
    "country": "Israel",
    "name": "Hotel Addar",
    "rating": 2.9,
    "user_ratings_total": 368,
    "price_level": null,
    "types": [
      "establishment",
      "lodging",
      "point_of_interest"
    ],
    "lat": 31.78946749999999,
    "lng": 35.2288406,
    "cribsLikely": true,
    "place_id": "ChIJX-XD9cIpAxURQGHM_wg3KvQ",
    "address": "Nablus Rd 53, Jerusalem",
    "website": "http://www.addar-hotel.com/?page_id=2",
    "phone": "+972 2-626-3111",
    "google_url": "https://maps.google.com/?cid=17593935406067114304"
  }
]