[
  {
    "city": "Johannesburg, South Africa",
    "country": "South Africa",
    "name": "The Houghton Hotel",
    "rating": 4.6,
    "user_ratings_total": 3409,
    "price_level": null,
    "types": [
      "establishment",
      "lodging",
      "point_of_interest",
      "spa"
    ],
    "lat": -26.1667762,
    "lng": 28.074236,
    "cribsLikely": true,
    "place_id": "ChIJmWho57YNlR4RuLbnKEqlBsw",
    "address": "Lloys Ellis Ave, Houghton Estate, Johannesburg, 2198, South Africa",
    "website": "http://thehoughtonhotel.com/",
    "phone": "+27 11 032 5500",
    "google_url": "https://maps.google.com/?cid=14701619771530000056"
  },
  {
    "city": "Johannesburg, South Africa",
    "country": "South Africa",
    "name": "Four Seasons Hotel The Westcliff, Johannesburg",
    "rating": 4.6,
    "user_ratings_total": 4311,
    "price_level": null,
    "types": [
      "establishment",
      "lodging",
      "point_of_interest",
      "spa"
    ],
    "lat": -26.1711163,
    "lng": 28.0325786,
    "cribsLikely": true,
    "place_id": "ChIJ__VCrW8MlR4RCDc-ESAqW60",
    "address": "67 Jan Smuts Ave, Westcliff, Johannesburg, 2132, South Africa",
    "website": "https://www.fourseasons.com/johannesburg/?utm_source=google&utm_medium=organicsearch&utm_campaign=tor-jbg-hre-mid-seo-na&utm_content=na-na&utm_term=na",
    "phone": "+27 11 481 6000",
    "google_url": "https://maps.google.com/?cid=12491624308658812680"
  },
  {
    "city": "Johannesburg, South Africa",
    "country": "South Africa",
    "name": "Johannesburg Marriott Hotel Melrose Arch",
    "rating": 4.6,
    "user_ratings_total": 1182,
    "price_level": null,
    "types": [
      "establishment",
      "lodging",
      "point_of_interest"
    ],
    "lat": -26.1314988,
    "lng": 28.0672341,
    "cribsLikely": true,
    "place_id": "ChIJbdjTeOANlR4ROOy1R38KETk",
    "address": "42 The High St, Melrose, Johannesburg, 2076, South Africa",
    "website": "https://www.marriott.com/en-us/hotels/jnbmc-johannesburg-marriott-hotel-melrose-arch/overview/?scid=f2ae0541-1279-4f24-b197-a979c79310b0",
    "phone": "+27 10 495 4200",
    "google_url": "https://maps.google.com/?cid=4112079476546202680"
  },
  {
    "city": "Johannesburg, South Africa",
    "country": "South Africa",
    "name": "Radisson RED Johannesburg Rosebank",
    "rating": 4.6,
    "user_ratings_total": 2606,
    "price_level": null,
    "types": [
      "establishment",
      "lodging",
      "point_of_interest"
    ],
    "lat": -26.1417628,
    "lng": 28.0428136,
    "cribsLikely": true,
    "place_id": "ChIJgwM8h_0NlR4RIDjAG1ORGD4",
    "address": "Cnr of Oxford and, Oxford Parks, 4 Parks Blvd, Dunkeld, Johannesburg, 2196, South Africa",
    "website": "https://www.radissonhotels.com/en-us/hotels/radisson-red-johannesburg-rosebank?cid=a:se+b:gmb+c:emea+i:local+e:rdr+d:mea+h:ZAJNBROS",
    "phone": "+27 10 023 3580",
    "google_url": "https://maps.google.com/?cid=4474486015926482976"
  },
  {
    "city": "Johannesburg, South Africa",
    "country": "South Africa",
    "name": "Southern Sun Rosebank",
    "rating": 4.3,
    "user_ratings_total": 2129,
    "price_level": null,
    "types": [
      "establishment",
      "lodging",
      "point_of_interest"
    ],
    "lat": -26.1446149,
    "lng": 28.0388066,
    "cribsLikely": true,
    "place_id": "ChIJP0Mh0sUNlR4R9I3EeKnPfJE",
    "address": "Corner Tyrwitt and, Sturdee Ave, Rosebank, Johannesburg, 2132, South Africa",
    "website": "https://www.southernsun.com/southern-sun-rosebank?utm_source=google&utm_medium=businesslisting&utm_campaign=hotel_southern-sun-rosebank",
    "phone": "+27 11 448 3600",
    "google_url": "https://maps.google.com/?cid=10483482359394242036"
  },
  {
    "city": "Johannesburg, South Africa",
    "country": "South Africa",
    "name": "Park Hyatt Johannesburg",
    "rating": 4.9,
    "user_ratings_total": 12,
    "price_level": null,
    "types": [
      "establishment",
      "lodging",
      "point_of_interest"
    ],
    "lat": -26.1481375,
    "lng": 28.0464417,
    "cribsLikely": true,
    "place_id": "ChIJ8StdbgANlR4REIDLXyxEsqE",
    "address": "6 Tottenham Ave, Melrose Estate, Johannesburg, 2196, South Africa",
    "website": "https://www.hyatt.com/en-US/hotel/south-africa/park-hyatt-johannesburg/johpj?src=corp_lclb_google_seo_johpj&utm_source=google&utm_medium=organic&utm_campaign=lmr",
    "phone": "+27 10 022 5786",
    "google_url": "https://maps.google.com/?cid=11651450143337316368"
  },
  {
    "city": "Johannesburg, South Africa",
    "country": "South Africa",
    "name": "City Lodge Hotel Newtown",
    "rating": 4.4,
    "user_ratings_total": 864,
    "price_level": null,
    "types": [
      "establishment",
      "lodging",
      "point_of_interest"
    ],
    "lat": -26.2006103,
    "lng": 28.0326268,
    "cribsLikely": true,
    "place_id": "ChIJU_QALB0MlR4R8DsCsep62kw",
    "address": "Miriam Makeba St, Newtown, Johannesburg, 2113, South Africa",
    "website": "https://citylodgehotels.com/our-hotels/City%20Lodge%20Hotel/81",
    "phone": "+27 10 065 0700",
    "google_url": "https://maps.google.com/?cid=5537873840216095728"
  },
  {
    "city": "Johannesburg, South Africa",
    "country": "South Africa",
    "name": "Cheryl's Fortress",
    "rating": 4.2,
    "user_ratings_total": 18,
    "price_level": null,
    "types": [
      "establishment",
      "lodging",
      "point_of_interest"
    ],
    "lat": -26.2536294,
    "lng": 28.0328982,
    "cribsLikely": true,
    "place_id": "ChIJ6zyETewPlR4RLubSAGi0Jpc",
    "address": "5 Peer Street, Lindbergh Dr, Lindberg Park, Johannesburg, 2190, South Africa",
    "website": "https://www.cherylsfortress.co.za/",
    "phone": "+27 73 531 4195",
    "google_url": "https://maps.google.com/?cid=10891591107625543214"
  },
  {
    "city": "Johannesburg, South Africa",
    "country": "South Africa",
    "name": "Holiday Inn Johannesburg - Rosebank by IHG",
    "rating": 4.3,
    "user_ratings_total": 1285,
    "price_level": null,
    "types": [
      "establishment",
      "lodging",
      "point_of_interest"
    ],
    "lat": -26.1444059,
    "lng": 28.0435516,
    "cribsLikely": true,
    "place_id": "ChIJ6-mcvfIMlR4RzCeTExeT4jE",
    "address": "The Zone, Oxford Rd, Rosebank, Johannesburg, 2196, South Africa",
    "website": "https://www.ihg.com/holidayinn/hotels/gb/en/johannesburg/jnbhi/hoteldetail?cm_mmc=GoogleMaps-_-HI-_-ZA-_-JNBHI",
    "phone": "+27 11 218 6000",
    "google_url": "https://maps.google.com/?cid=3594597179917019084"
  },
  {
    "city": "Johannesburg, South Africa",
    "country": "South Africa",
    "name": "Gold Reef City Hotel",
    "rating": 4.4,
    "user_ratings_total": 509,
    "price_level": null,
    "types": [
      "establishment",
      "lodging",
      "point_of_interest"
    ],
    "lat": -26.2387282,
    "lng": 28.0127827,
    "cribsLikely": true,
    "place_id": "ChIJc_g_-C0JlR4RipwSUjLb_2g",
    "address": "Cnr. Northern Parkway &, Data Cres, Ormonde, Johannesburg South, 2159, South Africa",
    "website": "https://www.tsogosun.com/hotel/gold-reef-city-hotel/",
    "phone": "+27 11 248 5152",
    "google_url": "https://maps.google.com/?cid=7566006908177521802"
  },
  {
    "city": "Johannesburg, South Africa",
    "country": "South Africa",
    "name": "Valley Center Guest House",
    "rating": 4,
    "user_ratings_total": 66,
    "price_level": null,
    "types": [
      "establishment",
      "lodging",
      "point_of_interest"
    ],
    "lat": -26.1902331,
    "lng": 28.0875494,
    "cribsLikely": true,
    "place_id": "ChIJU4WJR30KlR4RHHMcZMk8vCU",
    "address": "1161 Albertina Sisulu Rd, Bezuidenhout Valley, Johannesburg, 2098, South Africa",
    "website": null,
    "phone": "+27 73 144 5006",
    "google_url": "https://maps.google.com/?cid=2719115110690616092"
  },
  {
    "city": "Johannesburg, South Africa",
    "country": "South Africa",
    "name": "Home Suite Hotels Rosebank",
    "rating": 4.8,
    "user_ratings_total": 385,
    "price_level": null,
    "types": [
      "establishment",
      "lodging",
      "point_of_interest"
    ],
    "lat": -26.1536851,
    "lng": 28.0453925,
    "cribsLikely": true,
    "place_id": "ChIJx7TVi4oMlR4RjPVwuSo3_t4",
    "address": "50 Bristol Road, corner Oxford Rd, Rosebank, Johannesburg, 2196, South Africa",
    "website": "http://www.homesuitehotels.com/",
    "phone": "+27 66 370 8226",
    "google_url": "https://maps.google.com/?cid=16068341177143850380"
  }
]