[
  {
    "city": "Kathmandu, Nepal",
    "country": "Nepal",
    "name": "Yeti Cozy Hotel यति कोजी होटल",
    "rating": 4.7,
    "user_ratings_total": 44,
    "price_level": null,
    "types": [
      "establishment",
      "lodging",
      "point_of_interest"
    ],
    "lat": 27.7161065,
    "lng": 85.3102155,
    "cribsLikely": true,
    "place_id": "ChIJIQFVIgAZ6zkRZFZtKBCP30Y",
    "address": "Chaksibari Marg, Kathmandu 44600, Nepal",
    "website": "http://yeticozyhotel.com/",
    "phone": "+977 1-4700032",
    "google_url": "https://maps.google.com/?cid=5106957802021934692"
  },
  {
    "city": "Kathmandu, Nepal",
    "country": "Nepal",
    "name": "Flying Yak Kathmandu",
    "rating": 4.8,
    "user_ratings_total": 433,
    "price_level": null,
    "types": [
      "establishment",
      "lodging",
      "point_of_interest"
    ],
    "lat": 27.7168341,
    "lng": 85.3114538,
    "cribsLikely": true,
    "place_id": "ChIJcRNNoHEZ6zkRl3Md-J-NgYw",
    "address": "Thamel Marg, Kathmandu 44600, Nepal",
    "website": "http://flyingyakkathmandu.com/",
    "phone": "+977 1-4537606",
    "google_url": "https://maps.google.com/?cid=10124529155507581847"
  },
  {
    "city": "Kathmandu, Nepal",
    "country": "Nepal",
    "name": "OYO 123 Hotel Prince Plaza",
    "rating": 3.7,
    "user_ratings_total": 468,
    "price_level": null,
    "types": [
      "establishment",
      "lodging",
      "point_of_interest"
    ],
    "lat": 27.7112133,
    "lng": 85.33367799999999,
    "cribsLikely": true,
    "place_id": "ChIJwQKFUAsZ6zkRbPKLnjjmS_w",
    "address": "Hotel Prince Plaza, Kathmandu 44600, Nepal",
    "website": "https://www.oyorooms.com/NP/18368/?utm_source=GMB_NP&utm_medium=Organic&utm_campaign=NP_KTM016&latitude=27.7112089513579&longitude=85.3336818516254&locale=en",
    "phone": "+977 1-4539142",
    "google_url": "https://maps.google.com/?cid=18179877451663667820"
  },
  {
    "city": "Kathmandu, Nepal",
    "country": "Nepal",
    "name": "Kathmandu Suite Home",
    "rating": 4.6,
    "user_ratings_total": 552,
    "price_level": null,
    "types": [
      "establishment",
      "lodging",
      "point_of_interest"
    ],
    "lat": 27.715069,
    "lng": 85.3069934,
    "cribsLikely": true,
    "place_id": "ChIJO0h2NPsY6zkRwy_BjgIwBsU",
    "address": "P884+2QH, 16 Thamel Marg, Kathmandu 44600, Nepal",
    "website": "http://www.kathmandusuitehome.com/",
    "phone": "+977 980-1026351",
    "google_url": "https://maps.google.com/?cid=14197087662875160515"
  },
  {
    "city": "Kathmandu, Nepal",
    "country": "Nepal",
    "name": "Nepal Pavilion Inn",
    "rating": 4.2,
    "user_ratings_total": 297,
    "price_level": null,
    "types": [
      "establishment",
      "lodging",
      "point_of_interest"
    ],
    "lat": 27.7115348,
    "lng": 85.3120342,
    "cribsLikely": true,
    "place_id": "ChIJeUwGJHIZ6zkReIMr3o1MB_M",
    "address": "Amrit Marg, Thamel Post Box 6062, Kathmandu 44600, Nepal",
    "website": "http://www.nepalpavilioninn.com/",
    "phone": "+977 1-5320383",
    "google_url": "https://maps.google.com/?cid=17512049848254956408"
  },
  {
    "city": "Kathmandu, Nepal",
    "country": "Nepal",
    "name": "The Everest Hotel",
    "rating": 4.4,
    "user_ratings_total": 2044,
    "price_level": null,
    "types": [
      "establishment",
      "lodging",
      "point_of_interest"
    ],
    "lat": 27.6890941,
    "lng": 85.3338357,
    "cribsLikely": true,
    "place_id": "ChIJ2wBx5b0Z6zkRGhk7cjfcYZw",
    "address": "Madan Bhandari Road, Kathmandu 44600, Nepal",
    "website": "http://www.theeveresthotel.com/",
    "phone": "+977 1-4790100",
    "google_url": "https://maps.google.com/?cid=11268529873355479322"
  },
  {
    "city": "Kathmandu, Nepal",
    "country": "Nepal",
    "name": "Hotel Nepalaya",
    "rating": 4.4,
    "user_ratings_total": 1271,
    "price_level": null,
    "types": [
      "establishment",
      "lodging",
      "point_of_interest"
    ],
    "lat": 27.7116462,
    "lng": 85.31162169999999,
    "cribsLikely": true,
    "place_id": "ChIJIS1HLPwY6zkRfpeS9we8v-k",
    "address": "Maitripura Mahavihara, Thamel Marg, Kathmandu 21292, Nepal",
    "website": "http://www.hotelnepalaya.com/",
    "phone": "+977 1-5369141",
    "google_url": "https://maps.google.com/?cid=16843387873793316734"
  },
  {
    "city": "Kathmandu, Nepal",
    "country": "Nepal",
    "name": "Ramada by Wyndham Kathmandu Dhumbarahi",
    "rating": 4.4,
    "user_ratings_total": 1414,
    "price_level": null,
    "types": [
      "establishment",
      "lodging",
      "point_of_interest"
    ],
    "lat": 27.7336305,
    "lng": 85.3443775,
    "cribsLikely": true,
    "place_id": "ChIJm1MgNEMZ6zkRwbUlgGlDHxc",
    "address": "Dhumbarahi Road, Kathmandu 44600, Nepal",
    "website": "http://ramadakathmandudhumbarahi.com/",
    "phone": "+977 1-4377298",
    "google_url": "https://maps.google.com/?cid=1666124507550954945"
  },
  {
    "city": "Kathmandu, Nepal",
    "country": "Nepal",
    "name": "Durbar Hotel & Residence",
    "rating": 4.3,
    "user_ratings_total": 120,
    "price_level": null,
    "types": [
      "establishment",
      "lodging",
      "point_of_interest"
    ],
    "lat": 27.7122547,
    "lng": 85.3092927,
    "cribsLikely": true,
    "place_id": "ChIJXXwmhbMZ6zkR076ce9kLBGs",
    "address": "JP Rd, Kathmandu 44700, Nepal",
    "website": "http://www.durbarhotel.com/",
    "phone": "+977 1-5364941",
    "google_url": "https://maps.google.com/?cid=7711301490674810579"
  },
  {
    "city": "Kathmandu, Nepal",
    "country": "Nepal",
    "name": "Hotel Krishna Kathmandu",
    "rating": 4.2,
    "user_ratings_total": 132,
    "price_level": null,
    "types": [
      "establishment",
      "lodging",
      "point_of_interest"
    ],
    "lat": 27.6989327,
    "lng": 85.35346729999999,
    "cribsLikely": true,
    "place_id": "ChIJrUd0Ka8Z6zkRVxu2RdvN6fU",
    "address": "9 Sinamangal Rd, Kathmandu 44600, Nepal",
    "website": "http://hotelkrishnakathmandu.com/",
    "phone": "+977 1-5902183",
    "google_url": "https://maps.google.com/?cid=17719920550517021527"
  },
  {
    "city": "Kathmandu, Nepal",
    "country": "Nepal",
    "name": "Ramada Encore by Wyndham Kathmandu Thamel",
    "rating": 4.5,
    "user_ratings_total": 1037,
    "price_level": null,
    "types": [
      "establishment",
      "food",
      "lodging",
      "point_of_interest",
      "restaurant",
      "spa"
    ],
    "lat": 27.7167496,
    "lng": 85.3091896,
    "cribsLikely": true,
    "place_id": "ChIJn8E2t5AZ6zkRMn-jYUOMKbY",
    "address": "Thamel, 16 Z Street, काठमाडौँ 44600, Nepal",
    "website": "https://www.wyndhamhotels.com/en-uk/ramada/kathmandu-nepal/ramada-encore-kathmandu-thamel/overview?CID=LC:wmcic5n98gs1g0r:50652&iata=00093796",
    "phone": "+977 1-4700601",
    "google_url": "https://maps.google.com/?cid=13126176809976823602"
  },
  {
    "city": "Kathmandu, Nepal",
    "country": "Nepal",
    "name": "Hyatt Centric Soalteemode Kathmandu",
    "rating": 4.5,
    "user_ratings_total": 1327,
    "price_level": null,
    "types": [
      "establishment",
      "lodging",
      "point_of_interest"
    ],
    "lat": 27.6991539,
    "lng": 85.2891693,
    "cribsLikely": true,
    "place_id": "ChIJu3qiUKQZ6zkRzkknH4w37rk",
    "address": "Redcross Rd, Kathmandu 44600, Nepal",
    "website": "https://www.hyatt.com/hyatt-centric/en-US/ktmzk-hyatt-centric-soalteemode-kathmandu?src=corp_lclb_google_seo_ktmzk&utm_source=google&utm_medium=organic&utm_campaign=lmr",
    "phone": "+977 1-5381234",
    "google_url": "https://maps.google.com/?cid=13397707016431421902"
  }
]