[
  {
    "city": "Kong,",
    "country": null,
    "name": "The Peninsula Hong Kong",
    "rating": 4.6,
    "user_ratings_total": 7179,
    "price_level": null,
    "types": [
      "establishment",
      "lodging",
      "point_of_interest"
    ],
    "lat": 22.2951024,
    "lng": 114.1718537,
    "cribsLikely": true,
    "place_id": "ChIJdRlVSfIABDQRq5S65hPQo-8",
    "address": "Salisbury Rd, Tsim Sha Tsui, Hong Kong",
    "website": "https://www.peninsula.com/en/hong-kong/5-star-luxury-hotel-kowloon",
    "phone": "+852 2920 2888",
    "google_url": "https://maps.google.com/?cid=17267874180162557099"
  },
  {
    "city": "Kong,",
    "country": null,
    "name": "Hilton Garden Inn Hong Kong Mongkok",
    "rating": 4,
    "user_ratings_total": 1793,
    "price_level": null,
    "types": [
      "establishment",
      "lodging",
      "point_of_interest"
    ],
    "lat": 22.3157286,
    "lng": 114.1670117,
    "cribsLikely": true,
    "place_id": "ChIJ07ssu7gABDQR_J3b8vvVEqk",
    "address": "2 Soy St, Mong Kok, Hong Kong",
    "website": "https://www.hilton.com/en/hotels/hkgmsgi-hilton-garden-inn-hong-kong-mongkok/?SEO_id=GMB-APAC-GI-HKGMSGI",
    "phone": "+852 2201 3688",
    "google_url": "https://maps.google.com/?cid=12183035220078599676"
  },
  {
    "city": "Kong,",
    "country": null,
    "name": "Harbour Grand Hong Kong",
    "rating": 4.1,
    "user_ratings_total": 4819,
    "price_level": null,
    "types": [
      "establishment",
      "lodging",
      "point_of_interest"
    ],
    "lat": 22.2890067,
    "lng": 114.1918459,
    "cribsLikely": true,
    "place_id": "ChIJ1YGeAQIBBDQRcs0ePchsIgU",
    "address": "23 Oil St, North Point, Hong Kong",
    "website": "https://www.harbourgrand.com/hongkong/en/?cid=list-HGHK-google-mybiz-en",
    "phone": "+852 2121 2688",
    "google_url": "https://maps.google.com/?cid=369977726672489842"
  },
  {
    "city": "Kong,",
    "country": null,
    "name": "Ramada Hong Kong Harbour View",
    "rating": 3.2,
    "user_ratings_total": 2832,
    "price_level": null,
    "types": [
      "establishment",
      "lodging",
      "point_of_interest"
    ],
    "lat": 22.28699,
    "lng": 114.1435312,
    "cribsLikely": true,
    "place_id": "ChIJdePzm4D_AzQR6m5eaZ0L35U",
    "address": "239 Queen's Rd W, Sai Ying Pun, Hong Kong",
    "website": "http://www.ramadahongkongharbourview.com/",
    "phone": "+852 2599 9888",
    "google_url": "https://maps.google.com/?cid=10799363202163306218"
  },
  {
    "city": "Kong,",
    "country": null,
    "name": "The Ritz-Carlton, Hong Kong",
    "rating": 4.6,
    "user_ratings_total": 2700,
    "price_level": null,
    "types": [
      "establishment",
      "lodging",
      "point_of_interest"
    ],
    "lat": 22.3034032,
    "lng": 114.1601907,
    "cribsLikely": true,
    "place_id": "ChIJsz7XbJEABDQRhZtEqR96mI0",
    "address": "九龙柯士甸道西1号, International Commerce Centre (ICC), 1 Austin Rd W, Kowloon, Hong Kong",
    "website": "https://www.ritzcarlton.com/en/hotels/hkgkw-the-ritz-carlton-hong-kong/overview/?scid=f2ae0541-1279-4f24-b197-a979c79310b0",
    "phone": "+852 2263 2263",
    "google_url": "https://maps.google.com/?cid=10203039232210279301"
  }
]