[
  {
    "city": "Kraków, Poland",
    "country": "Poland",
    "name": "MEININGER Kraków Centrum",
    "rating": 4.5,
    "user_ratings_total": 892,
    "price_level": null,
    "types": [
      "establishment",
      "lodging",
      "point_of_interest"
    ],
    "lat": 50.0589808,
    "lng": 19.9497534,
    "cribsLikely": true,
    "place_id": "ChIJ95kMKnVbFkcRFLq1Nh3RG7E",
    "address": "Grzegórzecka 10, 31-530 Kraków, Poland",
    "website": "https://www.meininger-hotels.com/en/hotels/krakow/hotel-krakow-center/?utm_source=gmb&utm_medium=referral&utm_campaign=KRA-GZ&utm_content=website",
    "phone": null,
    "google_url": "https://maps.google.com/?cid=12762023892486568468"
  },
  {
    "city": "Kraków, Poland",
    "country": "Poland",
    "name": "Greg & Tom Beer House Hostel",
    "rating": 4.4,
    "user_ratings_total": 359,
    "price_level": null,
    "types": [
      "bar",
      "establishment",
      "food",
      "lodging",
      "point_of_interest",
      "restaurant",
      "tourist_attraction"
    ],
    "lat": 50.0639739,
    "lng": 19.940887,
    "cribsLikely": true,
    "place_id": "ChIJjeYFMhBbFkcRR3Fk0rlMcnQ",
    "address": "Floriańska 43, 31-019 Kraków, Poland",
    "website": null,
    "phone": "+48 728 867 070",
    "google_url": "https://maps.google.com/?cid=8390853416727114055"
  },
  {
    "city": "Kraków, Poland",
    "country": "Poland",
    "name": "Hotel Rubinstein",
    "rating": 4.6,
    "user_ratings_total": 790,
    "price_level": null,
    "types": [
      "establishment",
      "lodging",
      "point_of_interest"
    ],
    "lat": 50.05262219999999,
    "lng": 19.9483611,
    "cribsLikely": true,
    "place_id": "ChIJfbRpJEBbFkcR3z-Ggq7YMl0",
    "address": "Szeroka 12, 31-053 Kraków, Poland",
    "website": "http://www.rubinstein.pl/",
    "phone": "+48 12 384 00 00",
    "google_url": "https://maps.google.com/?cid=6715668238388576223"
  },
  {
    "city": "Kraków, Poland",
    "country": "Poland",
    "name": "Atrium Hotel",
    "rating": 4.4,
    "user_ratings_total": 1058,
    "price_level": null,
    "types": [
      "establishment",
      "lodging",
      "point_of_interest"
    ],
    "lat": 50.0675244,
    "lng": 19.9394135,
    "cribsLikely": true,
    "place_id": "ChIJ_dsQbgVbFkcR5OQ4-2pCmHA",
    "address": "Krzywa 7, 31-149 Kraków, Poland",
    "website": "https://www.hotelatrium.pl/",
    "phone": "+48 665 559 357",
    "google_url": "https://maps.google.com/?cid=8113307755956724964"
  },
  {
    "city": "Kraków, Poland",
    "country": "Poland",
    "name": "Hotel Polski pod Białym Orłem",
    "rating": 4.6,
    "user_ratings_total": 931,
    "price_level": null,
    "types": [
      "establishment",
      "food",
      "lodging",
      "point_of_interest",
      "restaurant"
    ],
    "lat": 50.064751,
    "lng": 19.940875,
    "cribsLikely": true,
    "place_id": "ChIJV6jZIBBbFkcREvHLsW1382g",
    "address": "Pijarska 17, 31-015 Kraków, Poland",
    "website": "https://donimirski.com/hotel-polski",
    "phone": "+48 12 422 11 44",
    "google_url": "https://maps.google.com/?cid=7562519512303268114"
  },
  {
    "city": "Kraków, Poland",
    "country": "Poland",
    "name": "Hostel u Kmity",
    "rating": 4.2,
    "user_ratings_total": 382,
    "price_level": null,
    "types": [
      "establishment",
      "lodging",
      "point_of_interest"
    ],
    "lat": 50.0626495,
    "lng": 19.9398147,
    "cribsLikely": true,
    "place_id": "ChIJ1VJc3RFbFkcRnJxBDCdwGGw",
    "address": "Floriańska 13, 31-019 Kraków, Poland",
    "website": "https://www.booking.com/Share-X7yTAR",
    "phone": "+48 534 088 206",
    "google_url": "https://maps.google.com/?cid=7789098868548934812"
  },
  {
    "city": "Kraków, Poland",
    "country": "Poland",
    "name": "Radisson Blu Hotel, Krakow",
    "rating": 4.5,
    "user_ratings_total": 3495,
    "price_level": null,
    "types": [
      "bar",
      "establishment",
      "food",
      "gym",
      "health",
      "lodging",
      "point_of_interest",
      "restaurant"
    ],
    "lat": 50.0582994,
    "lng": 19.9331447,
    "cribsLikely": true,
    "place_id": "ChIJpXNtPg1bFkcR770s5OVqBuY",
    "address": "Floriana Straszewskiego 17, 31-101 Kraków, Poland",
    "website": "https://www.radissonhotels.com/en-us/hotels/radisson-blu-krakow?cid=a:se+b:gmb+c:emea+i:local+e:rdb+d:eerut+h:PLKRK2",
    "phone": "+48 12 618 88 88",
    "google_url": "https://maps.google.com/?cid=16575053014191881711"
  },
  {
    "city": "Kraków, Poland",
    "country": "Poland",
    "name": "Aparthotel Old Town",
    "rating": 4.3,
    "user_ratings_total": 801,
    "price_level": null,
    "types": [
      "establishment",
      "lodging",
      "point_of_interest"
    ],
    "lat": 50.057254,
    "lng": 19.9408538,
    "cribsLikely": true,
    "place_id": "ChIJlRNQFBNbFkcRw_LtT8OLOzQ",
    "address": "Świętej Gertrudy 10, 31-046 Kraków, Poland",
    "website": "https://aparthoteloldtown.pl/",
    "phone": "+48 535 832 109",
    "google_url": "https://maps.google.com/?cid=3763755584574059203"
  },
  {
    "city": "Kraków, Poland",
    "country": "Poland",
    "name": "Sky Hotel Kraków",
    "rating": 4.8,
    "user_ratings_total": 895,
    "price_level": null,
    "types": [
      "establishment",
      "lodging",
      "point_of_interest"
    ],
    "lat": 50.0644618,
    "lng": 19.9470869,
    "cribsLikely": true,
    "place_id": "ChIJ1bWmWXdbFkcR64vE7JLQQjo",
    "address": "Lubicz 9, 31-034 Kraków, Poland",
    "website": "http://www.skyhotelkrakow.pl/",
    "phone": "+48 12 306 55 00",
    "google_url": "https://maps.google.com/?cid=4198147132118830059"
  },
  {
    "city": "Kraków, Poland",
    "country": "Poland",
    "name": "Abella Suites & Apartments",
    "rating": 4,
    "user_ratings_total": 105,
    "price_level": null,
    "types": [
      "establishment",
      "lodging",
      "point_of_interest"
    ],
    "lat": 50.0699644,
    "lng": 19.9369159,
    "cribsLikely": true,
    "place_id": "ChIJR6_PLQRbFkcRIFoVlKHX_CU",
    "address": "Długa 48, 31-146 Kraków, Poland",
    "website": "https://www.artery.com.pl/abella",
    "phone": "+48 12 292 05 34",
    "google_url": "https://maps.google.com/?cid=2737299762508552736"
  },
  {
    "city": "Kraków, Poland",
    "country": "Poland",
    "name": "Stradom House, Autograph Collection",
    "rating": 4.8,
    "user_ratings_total": 629,
    "price_level": null,
    "types": [
      "establishment",
      "lodging",
      "point_of_interest"
    ],
    "lat": 50.0529922,
    "lng": 19.9404948,
    "cribsLikely": true,
    "place_id": "ChIJnxYqgmtbFkcRdVgbOFnY4LE",
    "address": "12-14 Stradomska street, 31-058 Kraków, Poland",
    "website": "https://www.marriott.com/en-us/hotels/krkak-stradom-house-autograph-collection/overview/?scid=f2ae0541-1279-4f24-b197-a979c79310b0",
    "phone": "+48 12 201 57 00",
    "google_url": "https://maps.google.com/?cid=12817482417201436789"
  },
  {
    "city": "Kraków, Poland",
    "country": "Poland",
    "name": "Gródek Hotel & Restaurant",
    "rating": 4.6,
    "user_ratings_total": 374,
    "price_level": null,
    "types": [
      "establishment",
      "lodging",
      "point_of_interest"
    ],
    "lat": 50.0609058,
    "lng": 19.9424089,
    "cribsLikely": true,
    "place_id": "ChIJ4co5fRFbFkcRZkqXv0afpmQ",
    "address": "Na Gródku 4, 31-028 Kraków, Poland",
    "website": "http://www.donimirski.com/hotel-grodek",
    "phone": "+48 12 431 90 30",
    "google_url": "https://maps.google.com/?cid=7252659376137652838"
  }
]