[
  {
    "city": "Kuala Lumpur, Malaysia",
    "country": "Malaysia",
    "name": "Hilton Garden Inn Kuala Lumpur Jalan Tuanku Abdul Rahman South",
    "rating": 4.1,
    "user_ratings_total": 2212,
    "price_level": null,
    "types": [
      "establishment",
      "lodging",
      "point_of_interest"
    ],
    "lat": 3.1639277,
    "lng": 101.6982917,
    "cribsLikely": true,
    "place_id": "ChIJRd_nnWpJzDER9i4RWRIYC4g",
    "address": "452, Jalan Tuanku Abdul Rahman, Chow Kit, 50100 Kuala Lumpur, Wilayah Persekutuan Kuala Lumpur, Malaysia",
    "website": "https://www.hilton.com/en/hotels/kulmygi-hilton-garden-inn-kuala-lumpur-jalan-tuanku-abdul-rahman-south/?SEO_id=GMB-APAC-GI-KULMYGI",
    "phone": "+60 3-2771 6888",
    "google_url": "https://maps.google.com/?cid=9802955480984792822"
  },
  {
    "city": "Kuala Lumpur, Malaysia",
    "country": "Malaysia",
    "name": "Travelodge Kuala Lumpur City Centre",
    "rating": 4,
    "user_ratings_total": 2292,
    "price_level": null,
    "types": [
      "establishment",
      "lodging",
      "point_of_interest"
    ],
    "lat": 3.1439397,
    "lng": 101.6955239,
    "cribsLikely": true,
    "place_id": "ChIJzw7lJJVJzDERKF4XlKG-_fk",
    "address": "7, Jalan Hang Kasturi, City Centre, 50050 Kuala Lumpur, Wilayah Persekutuan Kuala Lumpur, Malaysia",
    "website": "https://www.travelodgehotels.asia/travelodge-kuala-lumpur-city-centre/?utm_source=local&utm_medium=organic&utm_campaign=gmb",
    "phone": "+60 3-2032 2288",
    "google_url": "https://maps.google.com/?cid=18013763685735423528"
  },
  {
    "city": "Kuala Lumpur, Malaysia",
    "country": "Malaysia",
    "name": "Dorsett Hartamas Kuala Lumpur",
    "rating": 4.3,
    "user_ratings_total": 2873,
    "price_level": null,
    "types": [
      "establishment",
      "lodging",
      "point_of_interest"
    ],
    "lat": 3.16248,
    "lng": 101.6557414,
    "cribsLikely": true,
    "place_id": "ChIJi5BnujxJzDERZ7b1o-56ZRU",
    "address": "D-G-8 3, Plaza Damas, No. 63, Jalan Sri Hartamas 1, Sri Hartamas, 50480 Kuala Lumpur, Federal Territory of Kuala Lumpur, Malaysia",
    "website": "https://www.dorsetthotels.com/dorsett-hartamas-kuala-lumpur/",
    "phone": "+60 3-6209 8888",
    "google_url": "https://maps.google.com/?cid=1541773612815857255"
  },
  {
    "city": "Kuala Lumpur, Malaysia",
    "country": "Malaysia",
    "name": "Swiss Hotel Kuala Lumpur",
    "rating": 3.6,
    "user_ratings_total": 1103,
    "price_level": null,
    "types": [
      "establishment",
      "lodging",
      "point_of_interest"
    ],
    "lat": 3.1515259,
    "lng": 101.6952695,
    "cribsLikely": true,
    "place_id": "ChIJodR-Vi1IzDERzeOZjmQPB-w",
    "address": "12, Jalan Tuanku Abdul Rahman, City Centre, 50100 Kuala Lumpur, Wilayah Persekutuan Kuala Lumpur, Malaysia",
    "website": "https://sites.google.com/view/swisskl/home",
    "phone": "+60 3-2692 5555",
    "google_url": "https://maps.google.com/?cid=17007579442351563725"
  },
  {
    "city": "Kuala Lumpur, Malaysia",
    "country": "Malaysia",
    "name": "Hotel Olympic Malaysia",
    "rating": 4.5,
    "user_ratings_total": 5514,
    "price_level": null,
    "types": [
      "cafe",
      "establishment",
      "food",
      "lodging",
      "point_of_interest",
      "restaurant"
    ],
    "lat": 3.1428197,
    "lng": 101.7024261,
    "cribsLikely": true,
    "place_id": "ChIJBZb2gBpJzDERLrLAMY1gUB0",
    "address": "Hotel Olympic Malaysia, Wisma Ocm, Jalan Hang Jebat, City Centre, 50150 Kuala Lumpur, Wilayah Persekutuan Kuala Lumpur, Malaysia",
    "website": "https://my.findhotel.club/joytrip/?route=hotel&p=hotelolympicmalaysia",
    "phone": "+60 11-1106 4888",
    "google_url": "https://maps.google.com/?cid=2112294384778129966"
  },
  {
    "city": "Kuala Lumpur, Malaysia",
    "country": "Malaysia",
    "name": "Holiday Inn Express Kuala Lumpur City Centre by IHG",
    "rating": 4.1,
    "user_ratings_total": 4767,
    "price_level": null,
    "types": [
      "establishment",
      "lodging",
      "point_of_interest"
    ],
    "lat": 3.1507634,
    "lng": 101.7086846,
    "cribsLikely": true,
    "place_id": "ChIJ7RsAuio2zDER1Mo4Lp69lRo",
    "address": "84, Jalan Raja Chulan, Kuala Lumpur, 50200 Kuala Lumpur, Wilayah Persekutuan Kuala Lumpur, Malaysia",
    "website": "https://www.ihg.com/holidayinnexpress/hotels/us/en/kuala-lumpur/kulcc/hoteldetail?cm_mmc=GoogleMaps-_-EX-_-MY-_-KULCC",
    "phone": "+60 3-2028 8888",
    "google_url": "https://maps.google.com/?cid=1915645703593970388"
  },
  {
    "city": "Kuala Lumpur, Malaysia",
    "country": "Malaysia",
    "name": "Ohana Kuala Lumpur",
    "rating": 4,
    "user_ratings_total": 408,
    "price_level": null,
    "types": [
      "establishment",
      "lodging",
      "point_of_interest"
    ],
    "lat": 3.1402101,
    "lng": 101.7106475,
    "cribsLikely": true,
    "place_id": "ChIJT8zOICY2zDERk1lfWK_9beY",
    "address": "Unit 26-2, Level 26, Taragon Puteri Bintang Condo, 136, Jln Changkat Thambi Dollah, Pudu, 55100 Kuala Lumpur, Federal Territory of Kuala Lumpur, Malaysia",
    "website": null,
    "phone": "+60 3-2713 5510",
    "google_url": "https://maps.google.com/?cid=16604206330728634771"
  },
  {
    "city": "Kuala Lumpur, Malaysia",
    "country": "Malaysia",
    "name": "Oasia Suites Kuala Lumpur, Malaysia by Far East Hospitality",
    "rating": 4.2,
    "user_ratings_total": 2282,
    "price_level": null,
    "types": [
      "establishment",
      "lodging",
      "point_of_interest"
    ],
    "lat": 3.1530914,
    "lng": 101.7051983,
    "cribsLikely": true,
    "place_id": "ChIJ8UKt8SpIzDERRZdkrt2MPrs",
    "address": "10, Lorong P Ramlee, Kuala Lumpur, 50250 Kuala Lumpur, Wilayah Persekutuan Kuala Lumpur, Malaysia",
    "website": "https://www.oasiahotels.com/en/malaysia/hotels/oasia-suites-kuala-lumpur?utm_source=googleplaces_oskl&utm_medium=organic",
    "phone": "+60 3-2726 6788",
    "google_url": "https://maps.google.com/?cid=13492376417390073669"
  },
  {
    "city": "Kuala Lumpur, Malaysia",
    "country": "Malaysia",
    "name": "Hotel 1915 Kuala Lumpur",
    "rating": 3.5,
    "user_ratings_total": 311,
    "price_level": null,
    "types": [
      "establishment",
      "lodging",
      "point_of_interest"
    ],
    "lat": 3.1488331,
    "lng": 101.6972536,
    "cribsLikely": true,
    "place_id": "ChIJKZ-DJ9NJzDERhIftvSfTuyM",
    "address": "49, Jalan, Lebuh Ampang, City Centre, 50100 Kuala Lumpur, Wilayah Persekutuan Kuala Lumpur, Malaysia",
    "website": "https://hotel1915kualalumpur.com/",
    "phone": "+60 3-2022 0026",
    "google_url": "https://maps.google.com/?cid=2574883779616016260"
  },
  {
    "city": "Kuala Lumpur, Malaysia",
    "country": "Malaysia",
    "name": "Hotel Royal Kuala Lumpur",
    "rating": 4.2,
    "user_ratings_total": 2857,
    "price_level": null,
    "types": [
      "establishment",
      "lodging",
      "point_of_interest"
    ],
    "lat": 3.1452812,
    "lng": 101.7123186,
    "cribsLikely": true,
    "place_id": "ChIJuUdYSik2zDERenN64f1rrqE",
    "address": "Jalan Walter Granier, Bukit Bintang, 55100 Kuala Lumpur, Wilayah Persekutuan Kuala Lumpur, Malaysia",
    "website": "http://www.hotelroyalkl.com/",
    "phone": "+60 3-2148 6888",
    "google_url": "https://maps.google.com/?cid=11650368024207848314"
  },
  {
    "city": "Kuala Lumpur, Malaysia",
    "country": "Malaysia",
    "name": "Upper View Regalia Hotel",
    "rating": 4,
    "user_ratings_total": 8075,
    "price_level": null,
    "types": [
      "cafe",
      "establishment",
      "food",
      "lodging",
      "point_of_interest",
      "restaurant"
    ],
    "lat": 3.164323,
    "lng": 101.6926789,
    "cribsLikely": true,
    "place_id": "ChIJV_M9rztIzDERua8EZaaHkjQ",
    "address": "No. 2, Jalan Anjung Putra, Off, Jln Sultan Ismail, Chow Kit, 50480 Kuala Lumpur, Federal Territory of Kuala Lumpur, Malaysia",
    "website": "https://www.upperview-regalia.com/",
    "phone": "+60 3-2725 0735",
    "google_url": "https://maps.google.com/?cid=3788239385301135289"
  },
  {
    "city": "Kuala Lumpur, Malaysia",
    "country": "Malaysia",
    "name": "Arenaa Star Hotel",
    "rating": 3.3,
    "user_ratings_total": 3583,
    "price_level": null,
    "types": [
      "establishment",
      "lodging",
      "point_of_interest"
    ],
    "lat": 3.1487059,
    "lng": 101.6988423,
    "cribsLikely": true,
    "place_id": "ChIJk20xqdNJzDERE8fJ4rYz3LE",
    "address": "49-51, Jalan Hang Lekiu, City Centre, 50100 Kuala Lumpur, Wilayah Persekutuan Kuala Lumpur, Malaysia",
    "website": null,
    "phone": "+60 3-2078 6988",
    "google_url": "https://maps.google.com/?cid=12816175500171527955"
  }
]