[
  {
    "city": "Kyoto, Japan",
    "country": "Japan",
    "name": "Village Kyoto",
    "rating": 4.2,
    "user_ratings_total": 863,
    "price_level": null,
    "types": [
      "establishment",
      "lodging",
      "point_of_interest"
    ],
    "lat": 35.0039586,
    "lng": 135.7474676,
    "cribsLikely": true,
    "place_id": "ChIJd_T9KikGAWARmznVqIsZK7U",
    "address": "5 Mibubojocho, Nakagyo Ward, Kyoto, 604-8804, Japan",
    "website": "https://vl-kyoto.hvf.jp/?utm_source=google&utm_medium=google_map&utm_campaign=tech_05",
    "phone": "+81 75-812-7600",
    "google_url": "https://maps.google.com/?cid=13054556032487209371"
  },
  {
    "city": "Kyoto, Japan",
    "country": "Japan",
    "name": "ORIENTAL HOTEL KYOTO ROKUJO",
    "rating": 4.2,
    "user_ratings_total": 856,
    "price_level": null,
    "types": [
      "establishment",
      "lodging",
      "point_of_interest"
    ],
    "lat": 34.9944757,
    "lng": 135.7535423,
    "cribsLikely": true,
    "place_id": "ChIJLdeHOKAIAWARB0dpNooQkg0",
    "address": "181 Bokumikanabutsuchō, Shimogyo Ward, Kyoto, 600-8333, Japan",
    "website": "https://kyotorokujo.oriental-hotels.com/",
    "phone": "+81 75-343-8111",
    "google_url": "https://maps.google.com/?cid=977862254897219335"
  },
  {
    "city": "Kyoto, Japan",
    "country": "Japan",
    "name": "hotel MONday KYOTO KARASUMANIJO",
    "rating": 4.5,
    "user_ratings_total": 510,
    "price_level": null,
    "types": [
      "establishment",
      "lodging",
      "point_of_interest"
    ],
    "lat": 35.0140764,
    "lng": 135.7592156,
    "cribsLikely": true,
    "place_id": "ChIJwWMarIcIAWARvLjAp_9uZpY",
    "address": "261-1 Makieyachō, Nakagyo Ward, Kyoto, 604-0857, Japan",
    "website": "https://hotel-monday.com/karasumanijo/",
    "phone": "+81 75-221-6210",
    "google_url": "https://maps.google.com/?cid=10837471597623818428"
  },
  {
    "city": "Kyoto, Japan",
    "country": "Japan",
    "name": "Travelodge Kyoto Shijo Omiya",
    "rating": 4.5,
    "user_ratings_total": 506,
    "price_level": null,
    "types": [
      "establishment",
      "lodging",
      "point_of_interest"
    ],
    "lat": 35.0046071,
    "lng": 135.7509715,
    "cribsLikely": true,
    "place_id": "ChIJO3eoSqAHAWARy9JdqLJVg1A",
    "address": "848-2 Matsuurachō, Nakagyo Ward, Kyoto, 604-8362, Japan",
    "website": "https://www.travelodgehotels.asia/travelodge-kyoto-shijo-omiya/?utm_source=local&utm_medium=organic&utm_campaign=gmb",
    "phone": "+81 75-330-9770",
    "google_url": "https://maps.google.com/?cid=5801574970800591563"
  },
  {
    "city": "Kyoto, Japan",
    "country": "Japan",
    "name": "LOISIR HOTEL CLASSIC GARDEN KYOTO SANJO",
    "rating": 4.2,
    "user_ratings_total": 88,
    "price_level": null,
    "types": [
      "establishment",
      "lodging",
      "point_of_interest"
    ],
    "lat": 35.0080946,
    "lng": 135.7587061,
    "cribsLikely": true,
    "place_id": "ChIJF-JYEQAJAWAR5fJVheghcUY",
    "address": "80 Mikurachō, Nakagyo Ward, Kyoto, 604-8166, Japan",
    "website": "https://www.solarehotels.com/hotel/kyoto/loisir-kyotosanjo/?utm_source=google&utm_medium=gbp&utm_campaign=gbp_lks",
    "phone": "+81 75-746-3122",
    "google_url": "https://maps.google.com/?cid=5075875537576391397"
  },
  {
    "city": "Kyoto, Japan",
    "country": "Japan",
    "name": "Travelodge Kyoto Shijo Kawaramachi [トラベロッジ京都四条河原町]",
    "rating": 4,
    "user_ratings_total": 419,
    "price_level": null,
    "types": [
      "establishment",
      "lodging",
      "point_of_interest"
    ],
    "lat": 35.0072853,
    "lng": 135.7688845,
    "cribsLikely": true,
    "place_id": "ChIJP8lfMbEJAWARIAkZjvXn-ko",
    "address": "240 Yamazaki-cho, 2 chome, Kawaramachi-dori Sanjo-sagaru, shi, 中京区 京都市 京都府 604-8032, Japan",
    "website": "https://www.travelodgehotels.asia/travelodge-kyoto-shijo-kawaramachi/?utm_source=local&utm_medium=organic&utm_campaign=gmb",
    "phone": "+81 75-255-8811",
    "google_url": "https://maps.google.com/?cid=5402885744821340448"
  },
  {
    "city": "Kyoto, Japan",
    "country": "Japan",
    "name": "Hyatt Place Kyoto",
    "rating": 4.4,
    "user_ratings_total": 530,
    "price_level": null,
    "types": [
      "establishment",
      "lodging",
      "point_of_interest"
    ],
    "lat": 35.0154162,
    "lng": 135.7592566,
    "cribsLikely": true,
    "place_id": "ChIJe3SwxM4JAWAR6xCGjrL7DuI",
    "address": "240 Shōshōichō, Nakagyo Ward, Kyoto, 604-0862, Japan",
    "website": "https://www.hyatt.com/hyatt-place/en-US/kyozk-hyatt-place-kyoto?src=corp_lclb_google_seo_kyozk&utm_source=google&utm_medium=organic&utm_campaign=lmr",
    "phone": "+81 75-251-1234",
    "google_url": "https://maps.google.com/?cid=16289233646559564011"
  },
  {
    "city": "Kyoto, Japan",
    "country": "Japan",
    "name": "Kyoto Plaza Hotel Kyoto Ekiminami",
    "rating": 4,
    "user_ratings_total": 239,
    "price_level": null,
    "types": [
      "establishment",
      "lodging",
      "point_of_interest"
    ],
    "lat": 34.9797636,
    "lng": 135.7629236,
    "cribsLikely": true,
    "place_id": "ChIJB5fJphIPAWAR8gJyme_47k8",
    "address": "52 Higashikujo Kamigoryocho, Minami Ward, Kyoto, 601-8015, Japan",
    "website": "https://kph-minami.com/",
    "phone": "+81 75-693-9222",
    "google_url": "https://maps.google.com/?cid=5759814681408701170"
  },
  {
    "city": "Kyoto, Japan",
    "country": "Japan",
    "name": "Park Hotel Kyoto",
    "rating": 4.3,
    "user_ratings_total": 274,
    "price_level": null,
    "types": [
      "bar",
      "establishment",
      "food",
      "lodging",
      "point_of_interest",
      "restaurant"
    ],
    "lat": 35.0111175,
    "lng": 135.7573977,
    "cribsLikely": true,
    "place_id": "ChIJocHKqIYIAWARQwKS6nJkUrk",
    "address": "180 Nishiyokochō, Nakagyo Ward, Kyoto, 604-0023, Japan",
    "website": "https://www.parkhotelgroup.com/ja/park-hotel-kyoto?utm_source=GoogleMyBusiness&utm_medium=GMB&utm_term=kyoto",
    "phone": "+81 75-744-6821",
    "google_url": "https://maps.google.com/?cid=13353846289831428675"
  },
  {
    "city": "Kyoto, Japan",
    "country": "Japan",
    "name": "CHISUN PREMIUM Kyoto Kujo",
    "rating": 4.3,
    "user_ratings_total": 414,
    "price_level": null,
    "types": [
      "establishment",
      "lodging",
      "point_of_interest"
    ],
    "lat": 34.9805119,
    "lng": 135.7639811,
    "cribsLikely": true,
    "place_id": "ChIJv-KgIaQPAWARgk146iOXiYw",
    "address": "15-1 Higashikujō Kamigoryōchō, Minami Ward, Kyoto, 601-8015, Japan",
    "website": "https://www.solarehotels.com/hotel/kyoto/cp-kk/?utm_source=google&utm_medium=gbp&utm_campaign=gbp_cpkk",
    "phone": "+81 75-672-6180",
    "google_url": "https://maps.google.com/?cid=10126791417632673154"
  },
  {
    "city": "Kyoto, Japan",
    "country": "Japan",
    "name": "Kyoto Universal Hotel Karasuma",
    "rating": 3.3,
    "user_ratings_total": 1109,
    "price_level": null,
    "types": [
      "establishment",
      "lodging",
      "point_of_interest"
    ],
    "lat": 34.9762795,
    "lng": 135.7598403,
    "cribsLikely": true,
    "place_id": "ChIJJ3zgv1MPAWARWufFoRyGoJ8",
    "address": "26 Higashikujō Aketachō, Minami Ward, Kyoto, 601-8044, Japan",
    "website": "http://www.universal-group.co.jp/kyotokarasuma.html",
    "phone": "+81 75-661-6000",
    "google_url": "https://maps.google.com/?cid=11502340905835554650"
  },
  {
    "city": "Kyoto, Japan",
    "country": "Japan",
    "name": "TUNE STAY KYOTO",
    "rating": 4.5,
    "user_ratings_total": 652,
    "price_level": null,
    "types": [
      "establishment",
      "lodging",
      "point_of_interest"
    ],
    "lat": 34.9891094,
    "lng": 135.7562484,
    "cribsLikely": true,
    "place_id": "ChIJ9YcLXGUJAWARt9hYrV8G8mo",
    "address": "708 Ebisunochō, Shimogyo Ward, Kyoto, 600-8310, Japan",
    "website": "https://www.tune-stay.com/",
    "phone": "+81 75-644-6660",
    "google_url": "https://maps.google.com/?cid=7706228920384280759"
  }
]