[
  {
    "city": "Lima, Peru",
    "country": "Peru",
    "name": "Sumaq Home",
    "rating": 5,
    "user_ratings_total": 5,
    "price_level": null,
    "types": [
      "establishment",
      "lodging",
      "point_of_interest"
    ],
    "lat": -12.0196008,
    "lng": -77.0969557,
    "cribsLikely": true,
    "place_id": "ChIJtwJaXQDPBZERsgbde2sFtUg",
    "address": "Av. Pacasmayo 4822, Callao 07036, Peru",
    "website": null,
    "phone": "+51 940 162 364",
    "google_url": "https://maps.google.com/?cid=5239099700713162418"
  },
  {
    "city": "Lima, Peru",
    "country": "Peru",
    "name": "Casa Andina Premium Golf Los Incas",
    "rating": 4.6,
    "user_ratings_total": 1423,
    "price_level": null,
    "types": [
      "establishment",
      "lodging",
      "point_of_interest"
    ],
    "lat": -12.0886095,
    "lng": -76.96279830000002,
    "cribsLikely": true,
    "place_id": "ChIJESdFOQfHBZERHmB4sp1p_uM",
    "address": "Av. Cerro de Camacho 500, Santiago de Surco 15023, Peru",
    "website": "https://casa-andina.com/es/destinos/surco/hoteles/casa-andina-premium-golf-los-incas?utm_source=google_my_business&utm_medium=gmb_golf",
    "phone": "+51 1 7090000",
    "google_url": "https://maps.google.com/?cid=16428684616719163422"
  },
  {
    "city": "Lima, Peru",
    "country": "Peru",
    "name": "Country Club Lima Hotel",
    "rating": 4.7,
    "user_ratings_total": 7120,
    "price_level": null,
    "types": [
      "establishment",
      "lodging",
      "point_of_interest"
    ],
    "lat": -12.0979233,
    "lng": -77.04879629999999,
    "cribsLikely": true,
    "place_id": "ChIJeRkiJE7IBZERmWz-fn6Gu-M",
    "address": "Ca. Los Eucaliptos 590, San Isidro 15076, Peru",
    "website": "https://www.countryclublimahotel.com/",
    "phone": "+51 1 6119000",
    "google_url": "https://maps.google.com/?cid=16409857545109138585"
  },
  {
    "city": "Lima, Peru",
    "country": "Peru",
    "name": "Hotel Costa del Sol Wyndham - Lima Ciudad",
    "rating": 4.5,
    "user_ratings_total": 2642,
    "price_level": null,
    "types": [
      "establishment",
      "lodging",
      "point_of_interest"
    ],
    "lat": -12.0974291,
    "lng": -77.055786,
    "cribsLikely": true,
    "place_id": "ChIJt8u7qFLIBZERHXcbLfwZR-8",
    "address": "Av. Gral. Salaverry 3060, San Isidro 15076, Peru",
    "website": "http://www.costadelsolperu.com/",
    "phone": "+51 1 2009200",
    "google_url": "https://maps.google.com/?cid=17241778269290460957"
  },
  {
    "city": "Lima, Peru",
    "country": "Peru",
    "name": "Hampton by Hilton Lima San Isidro",
    "rating": 4.7,
    "user_ratings_total": 693,
    "price_level": null,
    "types": [
      "establishment",
      "lodging",
      "point_of_interest"
    ],
    "lat": -12.09811,
    "lng": -77.0320808,
    "cribsLikely": true,
    "place_id": "ChIJU9KDLvvJBZER0tRQBs-gY8M",
    "address": "Ca. Coronel Odriozola 112, San Isidro 15046, Peru",
    "website": "https://www.hilton.com/en/hotels/limhxhx-hampton-lima-san-isidro/?SEO_id=GMB-AMER-HX-LIMHXHX&y_source=1_MTQ3NDY4MTctNzE1LWxvY2F0aW9uLndlYnNpdGU%3D",
    "phone": "+51 1 7116666",
    "google_url": "https://maps.google.com/?cid=14079273671114937554"
  },
  {
    "city": "Lima, Peru",
    "country": "Peru",
    "name": "JW Marriott Hotel Lima",
    "rating": 4.7,
    "user_ratings_total": 8520,
    "price_level": null,
    "types": [
      "establishment",
      "lodging",
      "point_of_interest"
    ],
    "lat": -12.1315143,
    "lng": -77.0293086,
    "cribsLikely": true,
    "place_id": "ChIJkTBRyuG3BZERLsLxxiXydAk",
    "address": "Mal. de la Reserva 615, Miraflores Lima 18, Peru",
    "website": "https://www.marriott.com/en-us/hotels/limdt-jw-marriott-hotel-lima/overview/?scid=f2ae0541-1279-4f24-b197-a979c79310b0",
    "phone": "+51 1 2177000",
    "google_url": "https://maps.google.com/?cid=681435687705231918"
  },
  {
    "city": "Lima, Peru",
    "country": "Peru",
    "name": "The Westin Lima Hotel & Convention Center",
    "rating": 4.7,
    "user_ratings_total": 11133,
    "price_level": null,
    "types": [
      "establishment",
      "lodging",
      "point_of_interest"
    ],
    "lat": -12.0917021,
    "lng": -77.0247784,
    "cribsLikely": true,
    "place_id": "ChIJbdLTqGXIBZERnBazUSkRfvg",
    "address": "Av. las Begonias 450, San Isidro 00027, Peru",
    "website": "https://www.marriott.com/en-us/hotels/limwi-the-westin-lima-hotel-and-convention-center/overview/?scid=f2ae0541-1279-4f24-b197-a979c79310b0",
    "phone": "+51 1 2015000",
    "google_url": "https://maps.google.com/?cid=17905768037633693340"
  },
  {
    "city": "Lima, Peru",
    "country": "Peru",
    "name": "Sheraton Lima Historic Center",
    "rating": 4.5,
    "user_ratings_total": 11777,
    "price_level": null,
    "types": [
      "establishment",
      "lodging",
      "point_of_interest"
    ],
    "lat": -12.0572872,
    "lng": -77.0370224,
    "cribsLikely": true,
    "place_id": "ChIJ8e4D0cbIBZERfWvQte6W6SE",
    "address": "Av. Paseo de la República 170, Lima 15001, Peru",
    "website": "https://www.marriott.com/en-us/hotels/limsi-sheraton-lima-historic-center/overview/?scid=f2ae0541-1279-4f24-b197-a979c79310b0",
    "phone": "+51 1 3155000",
    "google_url": "https://maps.google.com/?cid=2443650224821922685"
  },
  {
    "city": "Lima, Peru",
    "country": "Peru",
    "name": "Dazzler by Wyndham Lima San Isidro",
    "rating": 4.3,
    "user_ratings_total": 900,
    "price_level": null,
    "types": [
      "establishment",
      "lodging",
      "point_of_interest"
    ],
    "lat": -12.0942301,
    "lng": -77.0569694,
    "cribsLikely": true,
    "place_id": "ChIJPfP3hYTJBZERNRVC8NxH5vM",
    "address": "Av. Javier Prado Oeste 2473 – 2479, Lima 15076, Peru",
    "website": "https://dazzlersanisidro.com/",
    "phone": "+51 1 6416300",
    "google_url": "https://maps.google.com/?cid=17574813610109179189"
  },
  {
    "city": "Lima, Peru",
    "country": "Peru",
    "name": "NAIA Miraflores - formerly Selina Miraflores Lima",
    "rating": 4.3,
    "user_ratings_total": 1481,
    "price_level": null,
    "types": [
      "establishment",
      "lodging",
      "point_of_interest"
    ],
    "lat": -12.1239337,
    "lng": -77.0276839,
    "cribsLikely": true,
    "place_id": "ChIJ39e3WBnIBZERITwJk8mOJEU",
    "address": "Calle Alcanfores 465, Mira 15074, Peru",
    "website": "http://www.naiamiraflores.com/",
    "phone": "+51 913 535 203",
    "google_url": "https://maps.google.com/?cid=4982264084185037857"
  },
  {
    "city": "Lima, Peru",
    "country": "Peru",
    "name": "Suites del Bosque Hotel",
    "rating": 4.2,
    "user_ratings_total": 659,
    "price_level": null,
    "types": [
      "establishment",
      "lodging",
      "point_of_interest"
    ],
    "lat": -12.097386,
    "lng": -77.03335299999999,
    "cribsLikely": true,
    "place_id": "ChIJ4yxdQMfOBZERhW_aHzh7-kM",
    "address": "Av. Paz Soldán 165, San Isidro 15073, Peru",
    "website": "http://www.suitesdelbosque.com/",
    "phone": "+51 6162121",
    "google_url": "https://maps.google.com/?cid=4898363025701629829"
  },
  {
    "city": "Lima, Peru",
    "country": "Peru",
    "name": "ibis Lima Larco Miraflores",
    "rating": 4.3,
    "user_ratings_total": 3548,
    "price_level": null,
    "types": [
      "establishment",
      "lodging",
      "point_of_interest"
    ],
    "lat": -12.1291547,
    "lng": -77.02998629999999,
    "cribsLikely": true,
    "place_id": "ChIJaV_uNh7IBZERL5wXRbRa8qY",
    "address": "Av. José Larco 1140, Miraflores 15074, Peru",
    "website": "https://all.accor.com/lien_externe.svlt?goto=fiche_hotel&code_hotel=6971&merchantid=seo-maps-PE-6971&sourceid=aw-cen&utm_medium=seo%20maps&utm_source=google%20Maps&utm_campaign=seo%20maps",
    "phone": "+51 1 6348888",
    "google_url": "https://maps.google.com/?cid=12029777284959804463"
  }
]