[
  {
    "city": "Lisbon, Portugal",
    "country": "Portugal",
    "name": "Palácio Príncipe Real",
    "rating": 4.9,
    "user_ratings_total": 139,
    "price_level": null,
    "types": [
      "establishment",
      "lodging",
      "point_of_interest"
    ],
    "lat": 38.7158718,
    "lng": -9.1506735,
    "cribsLikely": true,
    "place_id": "ChIJp0ilx6wzGQ0RzgtiBr7bDpM",
    "address": "R. de São Marçal 77, 1200-419 Lisboa, Portugal",
    "website": "http://www.palacioprincipereal.com/",
    "phone": "+351 21 879 2000",
    "google_url": "https://maps.google.com/?cid=10596648582446713806"
  },
  {
    "city": "Lisbon, Portugal",
    "country": "Portugal",
    "name": "InterContinental Lisbon",
    "rating": 4.6,
    "user_ratings_total": 2773,
    "price_level": null,
    "types": [
      "establishment",
      "lodging",
      "point_of_interest"
    ],
    "lat": 38.726817,
    "lng": -9.1552236,
    "cribsLikely": true,
    "place_id": "ChIJAaH-63EzGQ0Rbe32toUfxFM",
    "address": "R. Castilho 149, 1070-050 Lisboa, Portugal",
    "website": "https://www.iclisbonhotel.com/en/",
    "phone": "+351 21 381 8700",
    "google_url": "https://maps.google.com/?cid=6035984059744054637"
  },
  {
    "city": "Lisbon, Portugal",
    "country": "Portugal",
    "name": "Holiday Inn Express Lisbon - Alfragide by IHG",
    "rating": 4.1,
    "user_ratings_total": 2063,
    "price_level": null,
    "types": [
      "establishment",
      "lodging",
      "point_of_interest"
    ],
    "lat": 38.7222313,
    "lng": -9.217496599999999,
    "cribsLikely": true,
    "place_id": "ChIJFRzSH5TMHg0RyLU7CmbNBiA",
    "address": "R. Q.ta do Paizinho 11, 2790-236 Carnaxide, Portugal",
    "website": "https://www.ihg.com/hotels/gb/en/reservation?cm_mmc=GoogleMaps-_-EX-_-PT-_-LISAG",
    "phone": "+351 21 400 9200",
    "google_url": "https://maps.google.com/?cid=2307757697216001480"
  },
  {
    "city": "Lisbon, Portugal",
    "country": "Portugal",
    "name": "Independente Principe Real",
    "rating": 4.4,
    "user_ratings_total": 926,
    "price_level": null,
    "types": [
      "establishment",
      "lodging",
      "point_of_interest"
    ],
    "lat": 38.71497340000001,
    "lng": -9.1447725,
    "cribsLikely": true,
    "place_id": "ChIJdfzXMIAzGQ0RBHacOCOs3wE",
    "address": "R. de São Pedro de Alcântara 83, 1250-238 Lisboa, Portugal",
    "website": "https://independente.eu/principe-real/",
    "phone": "+351 21 346 1381",
    "google_url": "https://maps.google.com/?cid=135015781118014980"
  },
  {
    "city": "Lisbon, Portugal",
    "country": "Portugal",
    "name": "Omid Saldanha Hotel",
    "rating": 4,
    "user_ratings_total": 516,
    "price_level": null,
    "types": [
      "establishment",
      "lodging",
      "point_of_interest"
    ],
    "lat": 38.733359,
    "lng": -9.148999,
    "cribsLikely": true,
    "place_id": "ChIJL1W00nQzGQ0RqG7uy9PZWjg",
    "address": "R. Filipe Folque 49, 1050-111 Lisboa, Portugal",
    "website": "http://omidsaldanha.com/",
    "phone": "+351 21 053 6850",
    "google_url": "https://maps.google.com/?cid=4060797517710651048"
  },
  {
    "city": "Lisbon, Portugal",
    "country": "Portugal",
    "name": "Lost Inn Lisbon Hostel",
    "rating": 4.6,
    "user_ratings_total": 727,
    "price_level": null,
    "types": [
      "establishment",
      "lodging",
      "point_of_interest"
    ],
    "lat": 38.708256,
    "lng": -9.1439592,
    "cribsLikely": true,
    "place_id": "ChIJfamvc340GQ0RlXUi9xgVXgk",
    "address": "Beco dos Apóstolos 6, 1200-028 Lisboa, Portugal",
    "website": "https://www.lostinn.eu/",
    "phone": "+351 21 347 0755",
    "google_url": "https://maps.google.com/?cid=675000191121782165"
  },
  {
    "city": "Lisbon, Portugal",
    "country": "Portugal",
    "name": "Hotel da Baixa",
    "rating": 4.8,
    "user_ratings_total": 1109,
    "price_level": null,
    "types": [
      "establishment",
      "lodging",
      "point_of_interest"
    ],
    "lat": 38.7121542,
    "lng": -9.137547,
    "cribsLikely": true,
    "place_id": "ChIJlWvg9Hg0GQ0R6ySEhkIJJD8",
    "address": "Rua da Prata 231, 1100-417 Lisboa, Portugal",
    "website": "http://www.hoteldabaixa.com/",
    "phone": "+351 21 012 7450",
    "google_url": "https://maps.google.com/?cid=4549771704880342251"
  },
  {
    "city": "Lisbon, Portugal",
    "country": "Portugal",
    "name": "VIP Grand Lisboa Hotel & Spa",
    "rating": 4,
    "user_ratings_total": 2894,
    "price_level": null,
    "types": [
      "establishment",
      "lodging",
      "point_of_interest"
    ],
    "lat": 38.7422406,
    "lng": -9.1491891,
    "cribsLikely": true,
    "place_id": "ChIJhwA1vgszGQ0RbeoHVmbgFSM",
    "address": "Avenida 5 de Outubro 197, 1050-054 Lisboa, Portugal",
    "website": "https://www.vipgrandlisboahotel.com/en/?partner=8189utm_source=google&utm_medium=organic&utm_campaign=MyBusiness&utm",
    "phone": "+351 21 043 5000",
    "google_url": "https://maps.google.com/?cid=2528173495973046893"
  },
  {
    "city": "Lisbon, Portugal",
    "country": "Portugal",
    "name": "Inn Possible Lisbon Hostel",
    "rating": 4.4,
    "user_ratings_total": 431,
    "price_level": null,
    "types": [
      "establishment",
      "lodging",
      "point_of_interest"
    ],
    "lat": 38.71230630000001,
    "lng": -9.135909999999999,
    "cribsLikely": true,
    "place_id": "ChIJdRKMP3g0GQ0R1UR4lMY5xAc",
    "address": "R. do Regedor 3, 1100-433 Lisboa, Portugal",
    "website": "http://www.innpossiblelisbon.com/",
    "phone": "+351 21 886 1465",
    "google_url": "https://maps.google.com/?cid=559635778758001877"
  },
  {
    "city": "Lisbon, Portugal",
    "country": "Portugal",
    "name": "Radisson Blu Hotel, Lisbon",
    "rating": 4.1,
    "user_ratings_total": 4531,
    "price_level": null,
    "types": [
      "establishment",
      "lodging",
      "point_of_interest"
    ],
    "lat": 38.7593458,
    "lng": -9.153737,
    "cribsLikely": true,
    "place_id": "ChIJSQ7661AyGQ0R415G8PDVcTM",
    "address": "Av. Mal. Craveiro Lopes 390, 1749-009 Lisboa, Portugal",
    "website": "https://www.radissonhotels.com/en-us/hotels/radisson-blu-lisbon?cid=a:se+b:gmb+c:emea+i:local+e:rdb+d:ukirwe+h:PTLIS1",
    "phone": "+351 21 004 5000",
    "google_url": "https://maps.google.com/?cid=3706979199102639843"
  },
  {
    "city": "Lisbon, Portugal",
    "country": "Portugal",
    "name": "ibis Styles Lisboa Centro Liberdade NE",
    "rating": 4.4,
    "user_ratings_total": 1793,
    "price_level": null,
    "types": [
      "establishment",
      "lodging",
      "point_of_interest"
    ],
    "lat": 38.7270688,
    "lng": -9.1462372,
    "cribsLikely": true,
    "place_id": "ChIJwYh0GHYzGQ0RHBxKl5NXQcA",
    "address": "Av. Duque de Loulé 73, 1050-088 Lisboa, Portugal",
    "website": "https://all.accor.com/lien_externe.svlt?goto=fiche_hotel&code_hotel=A146&merchantid=seo-maps-PT-A146&sourceid=aw-cen&utm_medium=seo%20maps&utm_source=google%20Maps&utm_campaign=seo%20maps",
    "phone": "+351 21 319 4000",
    "google_url": "https://maps.google.com/?cid=13853450220178381852"
  },
  {
    "city": "Lisbon, Portugal",
    "country": "Portugal",
    "name": "Vincci Alfama",
    "rating": 4.9,
    "user_ratings_total": 340,
    "price_level": null,
    "types": [
      "establishment",
      "lodging",
      "point_of_interest"
    ],
    "lat": 38.7134981,
    "lng": -9.1277846,
    "cribsLikely": true,
    "place_id": "ChIJlxKvL1U1GQ0RULxZlgEe6vc",
    "address": "Calçada de São Vicente 32 38, 1100-569 Lisboa, Portugal",
    "website": "https://www.vinccihoteles.com/hoteles/lisboa/vincci-alfama/?utm_source=google&utm_medium=organic&utm_campaign=GoogleMyBusiness&partner=8221",
    "phone": "+351 21 048 8770",
    "google_url": "https://maps.google.com/?cid=17864123864084757584"
  }
]