[
  {
    "city": "Ljubljana, Slovenia",
    "country": "Slovenia",
    "name": "ibis Styles Ljubljana Centre",
    "rating": 4,
    "user_ratings_total": 644,
    "price_level": null,
    "types": [
      "establishment",
      "lodging",
      "point_of_interest"
    ],
    "lat": 46.0557109,
    "lng": 14.507378,
    "cribsLikely": true,
    "place_id": "ChIJR4BZihozZUcRUDLq7cKpmEg",
    "address": "Miklošičeva cesta 9, 1000 Ljubljana, Slovenia",
    "website": "https://all.accor.com/lien_externe.svlt?goto=fiche_hotel&code_hotel=C0E6&merchantid=seo-maps-SI-C0E6&sourceid=aw-cen&utm_medium=seo%20maps&utm_source=google%20Maps&utm_campaign=seo%20maps",
    "phone": "+386 31 395 869",
    "google_url": "https://maps.google.com/?cid=5231117621871129168"
  },
  {
    "city": "Ljubljana, Slovenia",
    "country": "Slovenia",
    "name": "ibis Styles Ljubljana The Fuzzy Log",
    "rating": 4.1,
    "user_ratings_total": 202,
    "price_level": null,
    "types": [
      "establishment",
      "lodging",
      "point_of_interest"
    ],
    "lat": 46.055704,
    "lng": 14.5073927,
    "cribsLikely": true,
    "place_id": "ChIJ8Z0F_ygzZUcRawJpg3FZHP4",
    "address": "Miklošičeva cesta 9, 1000 Ljubljana, Slovenia",
    "website": "https://all.accor.com/lien_externe.svlt?goto=fiche_hotel&code_hotel=C0Q0&merchantid=seo-maps-SI-C0Q0&sourceid=aw-cen&utm_medium=seo%20maps&utm_source=google%20Maps&utm_campaign=seo%20maps",
    "phone": "+386 31 395 869",
    "google_url": "https://maps.google.com/?cid=18310608529052467819"
  },
  {
    "city": "Ljubljana, Slovenia",
    "country": "Slovenia",
    "name": "Grand Hotel Union Eurostars",
    "rating": 4.6,
    "user_ratings_total": 3170,
    "price_level": null,
    "types": [
      "establishment",
      "lodging",
      "point_of_interest"
    ],
    "lat": 46.0527237,
    "lng": 14.506327,
    "cribsLikely": true,
    "place_id": "ChIJW3JjDGItZUcRNepPmARDcKo",
    "address": "Miklošičeva cesta 1, 1000 Ljubljana, Slovenia",
    "website": "https://www.eurostarshotels.co.uk/grand-hotel-union-eurostars.html?referer_code=lb0gg00yx&utm_source=google&utm_medium=business&utm_campaign=lb0gg00yx",
    "phone": "+386 1 308 12 70",
    "google_url": "https://maps.google.com/?cid=12281389870853646901"
  },
  {
    "city": "Ljubljana, Slovenia",
    "country": "Slovenia",
    "name": "Rooms Sincere 1830",
    "rating": 4,
    "user_ratings_total": 156,
    "price_level": null,
    "types": [
      "establishment",
      "lodging",
      "point_of_interest"
    ],
    "lat": 46.0521949,
    "lng": 14.511585,
    "cribsLikely": true,
    "place_id": "ChIJzVM6T30tZUcR8NG81G9hKBI",
    "address": "Petkovškovo nabrežje 41, 1000 Ljubljana, Slovenia",
    "website": "https://www.yourljubljanastay.com/rooms-sincere-1830",
    "phone": "+386 51 665 544",
    "google_url": "https://maps.google.com/?cid=1308402824689537520"
  },
  {
    "city": "Ljubljana, Slovenia",
    "country": "Slovenia",
    "name": "Grand Plaza Hotel & Congress Center, Ljubljana",
    "rating": 4.6,
    "user_ratings_total": 803,
    "price_level": null,
    "types": [
      "establishment",
      "lodging",
      "point_of_interest"
    ],
    "lat": 46.05721,
    "lng": 14.5062299,
    "cribsLikely": true,
    "place_id": "ChIJPR5cjNozZUcROBzZx_S5fGM",
    "address": "Slovenska cesta 60, 1000 Ljubljana, Slovenia",
    "website": "https://www.grandplazahotel.si/",
    "phone": "+386 1 243 01 00",
    "google_url": "https://maps.google.com/?cid=7168809167843040312"
  },
  {
    "city": "Ljubljana, Slovenia",
    "country": "Slovenia",
    "name": "B&B Hotel Ljubljana Park",
    "rating": 4.3,
    "user_ratings_total": 3381,
    "price_level": null,
    "types": [
      "establishment",
      "lodging",
      "point_of_interest"
    ],
    "lat": 46.0535598,
    "lng": 14.5148265,
    "cribsLikely": true,
    "place_id": "ChIJyYF5ioIyZUcR99MjotjZx8M",
    "address": "Tabor 9, 1000 Ljubljana, Slovenia",
    "website": "https://www.hotel-bb.com/it/hotel/ljubljana-park",
    "phone": "+386 1 300 25 00",
    "google_url": "https://maps.google.com/?cid=14107483882217788407"
  },
  {
    "city": "Ljubljana, Slovenia",
    "country": "Slovenia",
    "name": "Cha cha rooms",
    "rating": 4.3,
    "user_ratings_total": 151,
    "price_level": null,
    "types": [
      "establishment",
      "lodging",
      "point_of_interest"
    ],
    "lat": 46.0522818,
    "lng": 14.5108605,
    "cribsLikely": true,
    "place_id": "ChIJdaAZ1GQtZUcRcFkkIW5PrCg",
    "address": "Petkovškovo nabrežje 35, 1000 Ljubljana, Slovenia",
    "website": "https://www.yourljubljanastay.com/cha-cha-rooms",
    "phone": "+386 51 665 544",
    "google_url": "https://maps.google.com/?cid=2930804791932377456"
  },
  {
    "city": "Ljubljana, Slovenia",
    "country": "Slovenia",
    "name": "Occidental Ljubljana",
    "rating": 4.4,
    "user_ratings_total": 360,
    "price_level": null,
    "types": [
      "establishment",
      "lodging",
      "point_of_interest"
    ],
    "lat": 46.0494193,
    "lng": 14.502598,
    "cribsLikely": true,
    "place_id": "ChIJDwycUgQzZUcRditUhnSsdjY",
    "address": "Slovenska cesta 16, 1000 Ljubljana, Slovenia",
    "website": "https://www.barcelo.com/en-ww/occidental-ljubljana/?utm_source=google&utm_medium=organic&utm_campaign=my_business&utm_content=42024",
    "phone": "+386 597 57330",
    "google_url": "https://maps.google.com/?cid=3924513741769812854"
  },
  {
    "city": "Ljubljana, Slovenia",
    "country": "Slovenia",
    "name": "Ljubljana Capsule Hotel",
    "rating": 4.2,
    "user_ratings_total": 108,
    "price_level": null,
    "types": [
      "establishment",
      "lodging",
      "point_of_interest"
    ],
    "lat": 46.0569737,
    "lng": 14.5154147,
    "cribsLikely": true,
    "place_id": "ChIJBW3EkRKWekcRFO32IzCqsBY",
    "address": "Metelkova ulica 11, 1000 Ljubljana, Slovenia",
    "website": "https://ljubljanacapsulehotel.com/sl/",
    "phone": "+386 40 787 786",
    "google_url": "https://maps.google.com/?cid=1634993788474027284"
  },
  {
    "city": "Ljubljana, Slovenia",
    "country": "Slovenia",
    "name": "Hotel Čad",
    "rating": 5,
    "user_ratings_total": 1,
    "price_level": null,
    "types": [
      "establishment",
      "lodging",
      "point_of_interest"
    ],
    "lat": 46.0555469,
    "lng": 14.4818951,
    "cribsLikely": true,
    "place_id": "ChIJE-iLUwAtZUcR05GtQu11xGk",
    "address": "Cesta na Rožnik 18, 1000 Ljubljana, Slovenia",
    "website": "https://hotel-cad.si/hotel/",
    "phone": "+386 1 251 34 46",
    "google_url": "https://maps.google.com/?cid=7621346131304092115"
  },
  {
    "city": "Ljubljana, Slovenia",
    "country": "Slovenia",
    "name": "Holiday Inn Express Ljubljana by IHG",
    "rating": 4.5,
    "user_ratings_total": 1008,
    "price_level": null,
    "types": [
      "establishment",
      "lodging",
      "point_of_interest"
    ],
    "lat": 46.0726345,
    "lng": 14.5036921,
    "cribsLikely": true,
    "place_id": "ChIJvdYrbJIzZUcR9mBxLcoAwdI",
    "address": "Podmilščakova ulica 51, 1000 Ljubljana, Slovenia",
    "website": "https://www.ihg.com/holidayinnexpress/hotels/gb/en/ljubljana/ljups/hoteldetail?cm_mmc=GoogleMaps-_-EX-_-SI-_-LJUPS",
    "phone": "+386 1 777 55 50",
    "google_url": "https://maps.google.com/?cid=15186420286815822070"
  },
  {
    "city": "Ljubljana, Slovenia",
    "country": "Slovenia",
    "name": "Ljubljana Resort Hotel & Camp",
    "rating": 3.5,
    "user_ratings_total": 2076,
    "price_level": null,
    "types": [
      "campground",
      "establishment",
      "food",
      "lodging",
      "park",
      "point_of_interest",
      "restaurant"
    ],
    "lat": 46.0973049,
    "lng": 14.5190958,
    "cribsLikely": true,
    "place_id": "ChIJiQ0suCMzZUcRih5mYnW0xmg",
    "address": "Dunajska c. 270, 1000 Ljubljana, Slovenia",
    "website": "http://www.ljubljanaresort.com/",
    "phone": "+386 70 253 845",
    "google_url": "https://maps.google.com/?cid=7549920241588248202"
  }
]