[
  {
    "city": "London,",
    "country": "United Kingdom",
    "name": "Travelodge London Central City Road",
    "rating": 3.8,
    "user_ratings_total": 4713,
    "price_level": null,
    "types": [
      "establishment",
      "lodging",
      "point_of_interest"
    ],
    "lat": 51.5226163,
    "lng": -0.0869629,
    "cribsLikely": true,
    "place_id": "ChIJ4ZLK3q4cdkgRpUiqfsc2Nlw",
    "address": "1-23 City Rd, London EC1Y 1AG, UK",
    "website": "https://www.travelodge.co.uk/hotels/340/London-Central-City-Road-hotel?utm_source=google&utm_medium=GHA_Organic&utm_campaign=GHA_London%20Central%20City%20Road",
    "phone": null,
    "google_url": "https://maps.google.com/?cid=6644558530683226277"
  },
  {
    "city": "London,",
    "country": "United Kingdom",
    "name": "Premier Inn London Tolworth hotel",
    "rating": 4.1,
    "user_ratings_total": 1094,
    "price_level": null,
    "types": [
      "establishment",
      "food",
      "lodging",
      "point_of_interest",
      "restaurant"
    ],
    "lat": 51.376557,
    "lng": -0.2784866,
    "cribsLikely": true,
    "place_id": "ChIJKxf6XIgJdkgRKPaDismNiJQ",
    "address": "12 Kingston Rd, Tolworth, Chessington, Surbiton KT5 9NU, UK",
    "website": "https://www.premierinn.com/gb/en/hotels/england/greater-london/london/london-tolworth.html?cid=GLBC_LONTLW",
    "phone": "+44 333 234 6605",
    "google_url": "https://maps.google.com/?cid=10702960411197830696"
  },
  {
    "city": "London,",
    "country": "United Kingdom",
    "name": "Premier Inn London Hanger Lane hotel",
    "rating": 4,
    "user_ratings_total": 1733,
    "price_level": null,
    "types": [
      "establishment",
      "food",
      "lodging",
      "point_of_interest",
      "restaurant"
    ],
    "lat": 51.529068,
    "lng": -0.2909993,
    "cribsLikely": true,
    "place_id": "ChIJ03W0yhsSdkgRmv_kisRdDXg",
    "address": "1-6, 1-6 Ritz Parade, Hanger Ln, London W5 3RA, UK",
    "website": "https://www.premierinn.com/gb/en/hotels/england/greater-london/london/london-hanger-lane.html?cid=GLBC_LONHAN",
    "phone": "+44 333 777 4673",
    "google_url": "https://maps.google.com/?cid=8650673557973827482"
  },
  {
    "city": "London,",
    "country": "United Kingdom",
    "name": "Premier Inn London Hammersmith (Ravenscourt Park) hotel",
    "rating": 3.6,
    "user_ratings_total": 1287,
    "price_level": null,
    "types": [
      "establishment",
      "food",
      "lodging",
      "point_of_interest",
      "restaurant"
    ],
    "lat": 51.4930658,
    "lng": -0.2386375,
    "cribsLikely": true,
    "place_id": "ChIJn-v1b0oOdkgREWg1bIAXrek",
    "address": "255 King St, London W6 9LU, UK",
    "website": "https://www.premierinn.com/gb/en/hotels/england/greater-london/london/london-hammersmith.html?cid=GLBC_LONHAM",
    "phone": "+44 333 321 1264",
    "google_url": "https://maps.google.com/?cid=16838140422146844689"
  },
  {
    "city": "London,",
    "country": "United Kingdom",
    "name": "Travelodge London Finchley",
    "rating": 4.1,
    "user_ratings_total": 875,
    "price_level": null,
    "types": [
      "establishment",
      "lodging",
      "point_of_interest"
    ],
    "lat": 51.6009863,
    "lng": -0.1948659,
    "cribsLikely": true,
    "place_id": "ChIJNYCxcVMXdkgRuqRHlls1NCQ",
    "address": "Winston House, 2 Dollis Park, Greater, London N3 1HF, UK",
    "website": "https://www.travelodge.co.uk/hotels/614/London-Finchley-hotel?utm_source=google&utm_medium=GHA_Organic&utm_campaign=GHA_London_Finchley",
    "phone": "+44 871 559 1891",
    "google_url": "https://maps.google.com/?cid=2608768751633933498"
  },
  {
    "city": "London,",
    "country": "United Kingdom",
    "name": "Travelodge London City",
    "rating": 4.1,
    "user_ratings_total": 2625,
    "price_level": null,
    "types": [
      "establishment",
      "lodging",
      "point_of_interest"
    ],
    "lat": 51.5153367,
    "lng": -0.0747591,
    "cribsLikely": true,
    "place_id": "ChIJE0Vb5-wddkgRHwc0-Y8P2lg",
    "address": "20 Middlesex St, London E1 7EX, UK",
    "website": "https://www.travelodge.co.uk/hotels/639/London-City?utm_source=google&utm_medium=GHA_Organic&utm_campaign=GHA_London%20City",
    "phone": null,
    "google_url": "https://maps.google.com/?cid=6402446931296257823"
  },
  {
    "city": "London,",
    "country": "United Kingdom",
    "name": "Zedwell Underground Tottenham Court Road",
    "rating": 4.2,
    "user_ratings_total": 2146,
    "price_level": null,
    "types": [
      "establishment",
      "lodging",
      "point_of_interest"
    ],
    "lat": 51.5173913,
    "lng": -0.1301938,
    "cribsLikely": true,
    "place_id": "ChIJY3gWdC0bdkgRcFVT5a73vlE",
    "address": "112a Great Russell St, London WC1B 3NQ, UK",
    "website": "https://zedwellhotels.com/locations/london/tottenham-court-road/tottenham-court-road-hotel/?utm_source=google&utm_medium=organic&utm_campaign=GMB",
    "phone": "+44 20 3839 4000",
    "google_url": "https://maps.google.com/?cid=5890417693191001456"
  },
  {
    "city": "London,",
    "country": "United Kingdom",
    "name": "Travelodge London Central Tower Bridge",
    "rating": 3.6,
    "user_ratings_total": 2309,
    "price_level": null,
    "types": [
      "establishment",
      "lodging",
      "point_of_interest"
    ],
    "lat": 51.5110485,
    "lng": -0.07405479999999999,
    "cribsLikely": true,
    "place_id": "ChIJaZLTtUsDdkgR1vp_B9esXkY",
    "address": "Lloyds Court Business Centre, 1 Goodman's Yard, London E1 8AT, UK",
    "website": "https://www.travelodge.co.uk/hotels/391/London-Central-Tower-Bridge-hotel?utm_source=google&utm_medium=GHA_Organic&utm_campaign=GHA_London%20Central%20Tower%20Bridge",
    "phone": "+44 20 3195 4614",
    "google_url": "https://maps.google.com/?cid=5070680270009531094"
  },
  {
    "city": "London,",
    "country": "United Kingdom",
    "name": "Premier Inn London Croydon Town Centre hotel",
    "rating": 4,
    "user_ratings_total": 1521,
    "price_level": null,
    "types": [
      "establishment",
      "food",
      "lodging",
      "point_of_interest",
      "restaurant"
    ],
    "lat": 51.3766249,
    "lng": -0.096049,
    "cribsLikely": true,
    "place_id": "ChIJYapN8DIHdkgRhwZ930_7YSE",
    "address": "Phillips House, 6 Lansdowne Rd, Croydon CR0 2BX, UK",
    "website": "https://www.premierinn.com/gb/en/hotels/england/greater-london/london/london-croydon-town-centre.html?cid=GLBC_CROPHI",
    "phone": "+44 333 321 9315",
    "google_url": "https://maps.google.com/?cid=2405479996463056519"
  },
  {
    "city": "London,",
    "country": "United Kingdom",
    "name": "Travelodge London Battersea",
    "rating": 3.2,
    "user_ratings_total": 1282,
    "price_level": null,
    "types": [
      "establishment",
      "lodging",
      "point_of_interest"
    ],
    "lat": 51.46565649999999,
    "lng": -0.1800359,
    "cribsLikely": true,
    "place_id": "ChIJLVa_OIQFdkgRPV68DCsRpIY",
    "address": "200 York Rd, London SW11 3QR, UK",
    "website": "https://www.travelodge.co.uk/hotels/43/london-battersea-hotel?utm_source=google&utm_medium=GHA_Organic&utm_campaign=GHA_London%20Battersea&WT.tsrc=GHA_Organic",
    "phone": null,
    "google_url": "https://maps.google.com/?cid=9701898373857828413"
  },
  {
    "city": "London,",
    "country": "United Kingdom",
    "name": "Smart Hyde Park View",
    "rating": 3.7,
    "user_ratings_total": 1894,
    "price_level": null,
    "types": [
      "establishment",
      "lodging",
      "point_of_interest"
    ],
    "lat": 51.51177,
    "lng": -0.182925,
    "cribsLikely": true,
    "place_id": "ChIJ06ltalMFdkgRKuYlJvvKnhI",
    "address": "16 Leinster Terrace, London W2 3EU, UK",
    "website": "https://www.smarthostels.com/hyde-park-view",
    "phone": "+44 20 7096 9384",
    "google_url": "https://maps.google.com/?cid=1341732919028606506"
  },
  {
    "city": "London,",
    "country": "United Kingdom",
    "name": "hub by Premier Inn London West Brompton hotel",
    "rating": 4.4,
    "user_ratings_total": 478,
    "price_level": null,
    "types": [
      "establishment",
      "lodging",
      "point_of_interest"
    ],
    "lat": 51.4868558,
    "lng": -0.1968732,
    "cribsLikely": true,
    "place_id": "ChIJpdMWLT8PdkgR5X1JsGsxI1w",
    "address": "11-15 Lillie Rd, London SW6 1TX, UK",
    "website": "https://www.premierinn.com/gb/en/hotels/england/greater-london/london/hub-london-west-brompton.html?cid=GLBC_LONWBR",
    "phone": "+44 330 135 9314",
    "google_url": "https://maps.google.com/?cid=6639204614263111141"
  }
]