[
  {
    "city": "London, UK",
    "country": "United Kingdom",
    "name": "ibis budget London Whitechapel - Brick Lane",
    "rating": 4,
    "user_ratings_total": 3297,
    "price_level": null,
    "types": [
      "establishment",
      "lodging",
      "point_of_interest"
    ],
    "lat": 51.5176545,
    "lng": -0.0647938,
    "cribsLikely": true,
    "place_id": "ChIJj5H5gMscdkgRJ8hm0n1w5NA",
    "address": "100 Whitechapel Rd, London E1 1JG, UK",
    "website": "https://all.accor.com/lien_externe.svlt?goto=fiche_hotel&code_hotel=8033&merchantid=seo-maps-GB-8033&sourceid=aw-cen&utm_medium=seo%20maps&utm_source=google%20Maps&utm_campaign=seo%20maps",
    "phone": "+44 20 7655 4620",
    "google_url": "https://maps.google.com/?cid=15052279540282214439"
  },
  {
    "city": "London, UK",
    "country": "United Kingdom",
    "name": "Central Park Hotel",
    "rating": 3.4,
    "user_ratings_total": 4249,
    "price_level": null,
    "types": [
      "establishment",
      "lodging",
      "point_of_interest"
    ],
    "lat": 51.5112548,
    "lng": -0.1853856,
    "cribsLikely": true,
    "place_id": "ChIJ1TVZs1UFdkgRIeWxo-jEYaE",
    "address": "49-67 Queensborough Terrace, London W2 3SY, UK",
    "website": "https://centralparkcollection.co.uk/hotels/central-park-hotel/?utm_source=google&utm_medium=local&utm_campaign=gbp_central_park_hotel&utm_content=website_button",
    "phone": "+44 20 7229 2424",
    "google_url": "https://maps.google.com/?cid=11628792216305132833"
  },
  {
    "city": "London, UK",
    "country": "United Kingdom",
    "name": "Travelodge London Central City Road",
    "rating": 3.8,
    "user_ratings_total": 4713,
    "price_level": null,
    "types": [
      "establishment",
      "lodging",
      "point_of_interest"
    ],
    "lat": 51.5226163,
    "lng": -0.0869629,
    "cribsLikely": true,
    "place_id": "ChIJ4ZLK3q4cdkgRpUiqfsc2Nlw",
    "address": "1-23 City Rd, London EC1Y 1AG, UK",
    "website": "https://www.travelodge.co.uk/hotels/340/London-Central-City-Road-hotel?utm_source=google&utm_medium=GHA_Organic&utm_campaign=GHA_London%20Central%20City%20Road",
    "phone": null,
    "google_url": "https://maps.google.com/?cid=6644558530683226277"
  },
  {
    "city": "London, UK",
    "country": "United Kingdom",
    "name": "Premier Inn London Tolworth hotel",
    "rating": 4.1,
    "user_ratings_total": 1094,
    "price_level": null,
    "types": [
      "establishment",
      "food",
      "lodging",
      "point_of_interest",
      "restaurant"
    ],
    "lat": 51.376557,
    "lng": -0.2784866,
    "cribsLikely": true,
    "place_id": "ChIJKxf6XIgJdkgRKPaDismNiJQ",
    "address": "12 Kingston Rd, Tolworth, Chessington, Surbiton KT5 9NU, UK",
    "website": "https://www.premierinn.com/gb/en/hotels/england/greater-london/london/london-tolworth.html?cid=GLBC_LONTLW",
    "phone": "+44 333 234 6605",
    "google_url": "https://maps.google.com/?cid=10702960411197830696"
  },
  {
    "city": "London, UK",
    "country": "United Kingdom",
    "name": "Premier Inn London Woolwich (Royal Arsenal) hotel",
    "rating": 4.1,
    "user_ratings_total": 1095,
    "price_level": null,
    "types": [
      "establishment",
      "food",
      "lodging",
      "point_of_interest",
      "restaurant"
    ],
    "lat": 51.4927615,
    "lng": 0.0675472,
    "cribsLikely": true,
    "place_id": "ChIJwR7q3-qo2EcRDP2TI2_iZCU",
    "address": "91 Beresford St, London SE18 6BG, UK",
    "website": "https://www.premierinn.com/gb/en/hotels/england/greater-london/london/london-woolwich-royal-arsenal.html?cid=GLBC_LONWOO",
    "phone": null,
    "google_url": "https://maps.google.com/?cid=2694527444040547596"
  },
  {
    "city": "London, UK",
    "country": "United Kingdom",
    "name": "Travelodge London Central Tower Bridge",
    "rating": 3.6,
    "user_ratings_total": 2309,
    "price_level": null,
    "types": [
      "establishment",
      "lodging",
      "point_of_interest"
    ],
    "lat": 51.5110485,
    "lng": -0.07405479999999999,
    "cribsLikely": true,
    "place_id": "ChIJaZLTtUsDdkgR1vp_B9esXkY",
    "address": "Lloyds Court Business Centre, 1 Goodman's Yard, London E1 8AT, UK",
    "website": "https://www.travelodge.co.uk/hotels/391/London-Central-Tower-Bridge-hotel?utm_source=google&utm_medium=GHA_Organic&utm_campaign=GHA_London%20Central%20Tower%20Bridge",
    "phone": "+44 20 3195 4614",
    "google_url": "https://maps.google.com/?cid=5070680270009531094"
  },
  {
    "city": "London, UK",
    "country": "United Kingdom",
    "name": "Travelodge London City",
    "rating": 4.1,
    "user_ratings_total": 2625,
    "price_level": null,
    "types": [
      "establishment",
      "lodging",
      "point_of_interest"
    ],
    "lat": 51.5153367,
    "lng": -0.0747591,
    "cribsLikely": true,
    "place_id": "ChIJE0Vb5-wddkgRHwc0-Y8P2lg",
    "address": "20 Middlesex St, London E1 7EX, UK",
    "website": "https://www.travelodge.co.uk/hotels/639/London-City?utm_source=google&utm_medium=GHA_Organic&utm_campaign=GHA_London%20City",
    "phone": null,
    "google_url": "https://maps.google.com/?cid=6402446931296257823"
  },
  {
    "city": "London, UK",
    "country": "United Kingdom",
    "name": "St Christopher's Inn London Bridge - The Inn",
    "rating": 3.8,
    "user_ratings_total": 424,
    "price_level": null,
    "types": [
      "establishment",
      "lodging",
      "point_of_interest"
    ],
    "lat": 51.50368109999999,
    "lng": -0.0910131,
    "cribsLikely": true,
    "place_id": "ChIJ6RHIoMUDdkgR75ZjyGRqNu4",
    "address": "121 Borough High St, London SE1 1NP, UK",
    "website": "https://www.st-christophers.co.uk/london/london-bridge-inn-hostel",
    "phone": "+44 20 7407 2392",
    "google_url": "https://maps.google.com/?cid=17165024010860467951"
  },
  {
    "city": "London, UK",
    "country": "United Kingdom",
    "name": "One Hundred Shoreditch",
    "rating": 4.2,
    "user_ratings_total": 796,
    "price_level": null,
    "types": [
      "establishment",
      "lodging",
      "point_of_interest"
    ],
    "lat": 51.52552009999999,
    "lng": -0.07726709999999999,
    "cribsLikely": true,
    "place_id": "ChIJGzuTjmsddkgR43phpPP7ktw",
    "address": "100 Shoreditch High St, London E1 6JQ, UK",
    "website": "https://www.onehundredshoreditch.com/?utm_source=google&utm_medium=local&utm_campaign=hotel-onehundredshoreditch",
    "phone": "+44 20 7613 9800",
    "google_url": "https://maps.google.com/?cid=15894043058797378275"
  },
  {
    "city": "London, UK",
    "country": "United Kingdom",
    "name": "DoubleTree by Hilton London - Tower of London",
    "rating": 4.2,
    "user_ratings_total": 5847,
    "price_level": null,
    "types": [
      "establishment",
      "lodging",
      "point_of_interest"
    ],
    "lat": 51.51088,
    "lng": -0.0780394,
    "cribsLikely": true,
    "place_id": "ChIJ8ewpOEwDdkgRHgWkQtdCOYE",
    "address": "7 Pepys St, London EC3N 4AF, UK",
    "website": "https://www.hilton.com/en/hotels/lontldi-doubletree-london-tower-of-london/?SEO_id=GMB-EMEA-DI-LONTLDI",
    "phone": "+44 20 7709 1000",
    "google_url": "https://maps.google.com/?cid=9311547196868658462"
  },
  {
    "city": "London, UK",
    "country": "United Kingdom",
    "name": "Travelodge London Excel",
    "rating": 3.7,
    "user_ratings_total": 1409,
    "price_level": null,
    "types": [
      "establishment",
      "lodging",
      "point_of_interest"
    ],
    "lat": 51.5084735,
    "lng": 0.0420264,
    "cribsLikely": true,
    "place_id": "ChIJYWylFHyo2EcR3Ke_9QMwnIg",
    "address": "1016 Dockside Rd, London E16 2FQ, UK",
    "website": "https://www.travelodge.co.uk/hotels/553/London-Excel-hotel?utm_source=google&utm_medium=GHA_Organic&utm_campaign=GHA_London_Excel&WT.tsrc=GHA_Organic",
    "phone": "+44 871 984 6298",
    "google_url": "https://maps.google.com/?cid=9843795679091075036"
  },
  {
    "city": "London, UK",
    "country": "United Kingdom",
    "name": "Smart Hyde Park View",
    "rating": 3.7,
    "user_ratings_total": 1894,
    "price_level": null,
    "types": [
      "establishment",
      "lodging",
      "point_of_interest"
    ],
    "lat": 51.51177,
    "lng": -0.182925,
    "cribsLikely": true,
    "place_id": "ChIJ06ltalMFdkgRKuYlJvvKnhI",
    "address": "16 Leinster Terrace, London W2 3EU, UK",
    "website": "https://www.smarthostels.com/hyde-park-view",
    "phone": "+44 20 7096 9384",
    "google_url": "https://maps.google.com/?cid=1341732919028606506"
  }
]