[
  {
    "city": "Los Angeles, USA",
    "country": "United States",
    "name": "Freehand Los Angeles",
    "rating": 4.1,
    "user_ratings_total": 3139,
    "price_level": null,
    "types": [
      "establishment",
      "lodging",
      "point_of_interest"
    ],
    "lat": 34.0447551,
    "lng": -118.2564556,
    "cribsLikely": true,
    "place_id": "ChIJE80IjrXHwoARZo6wiQusTrc",
    "address": "416 W 8th St, Los Angeles, CA 90014, USA",
    "website": "https://freehandhotels.com/los-angeles/?utm_source=google-my-business&utm_medium=organic&utm_campaign=hotel-los-angeles",
    "phone": "+1 213-612-0021",
    "google_url": "https://maps.google.com/?cid=13208683922678910566"
  },
  {
    "city": "Los Angeles, USA",
    "country": "United States",
    "name": "JW Marriott Los Angeles L.A. LIVE",
    "rating": 4.5,
    "user_ratings_total": 6024,
    "price_level": 4,
    "types": [
      "establishment",
      "lodging",
      "point_of_interest"
    ],
    "lat": 34.0452408,
    "lng": -118.2664713,
    "cribsLikely": true,
    "place_id": "ChIJj-D-ernHwoARkgbstU1Zt24",
    "address": "900 W Olympic Blvd, Los Angeles, CA 90015, USA",
    "website": "https://www.marriott.com/en-us/hotels/laxjw-jw-marriott-los-angeles-la-live/overview/?scid=f2ae0541-1279-4f24-b197-a979c79310b0",
    "phone": "+1 213-765-8600",
    "google_url": "https://maps.google.com/?cid=7977943455209621138"
  },
  {
    "city": "Los Angeles, USA",
    "country": "United States",
    "name": "Quality Inn & Suites Bell Gardens-Los Angeles",
    "rating": 3.3,
    "user_ratings_total": 857,
    "price_level": null,
    "types": [
      "establishment",
      "lodging",
      "point_of_interest"
    ],
    "lat": 33.9662084,
    "lng": -118.1646639,
    "cribsLikely": true,
    "place_id": "ChIJ8zuAiIHOwoARKYCaHlgArhE",
    "address": "7330 Eastern Ave, Bell Gardens, CA 90201, USA",
    "website": "https://www.choicehotels.com/california/bell-gardens/quality-inn-hotels/ca139?mc=llgoxxpx",
    "phone": "+1 213-204-9198",
    "google_url": "https://maps.google.com/?cid=1273956123062992937"
  },
  {
    "city": "Los Angeles, USA",
    "country": "United States",
    "name": "Beverly Hills Marriott",
    "rating": 4.1,
    "user_ratings_total": 1739,
    "price_level": null,
    "types": [
      "establishment",
      "lodging",
      "point_of_interest"
    ],
    "lat": 34.0565661,
    "lng": -118.3955035,
    "cribsLikely": true,
    "place_id": "ChIJIYapM-K7woAR31rukbDyW78",
    "address": "1150 S Beverly Dr, Los Angeles, CA 90035, USA",
    "website": "https://www.marriott.com/en-us/hotels/laxbv-beverly-hills-marriott/overview/?scid=f2ae0541-1279-4f24-b197-a979c79310b0",
    "phone": "+1 310-553-6561",
    "google_url": "https://maps.google.com/?cid=13788881524301388511"
  },
  {
    "city": "Los Angeles, USA",
    "country": "United States",
    "name": "The Rumi",
    "rating": 4.1,
    "user_ratings_total": 497,
    "price_level": null,
    "types": [
      "establishment",
      "lodging",
      "point_of_interest"
    ],
    "lat": 34.0570318,
    "lng": -118.3075413,
    "cribsLikely": true,
    "place_id": "ChIJl5JKka25woARCULEtlP7ZmM",
    "address": "820 S Oxford Ave, Los Angeles, CA 90005, USA",
    "website": "https://hotels.cloudbeds.com/reservation/TeLfcu#checkin=2020-09-06&checkout=2020-09-07",
    "phone": "+1 424-394-8721",
    "google_url": "https://maps.google.com/?cid=7162688594346525193"
  },
  {
    "city": "Los Angeles, USA",
    "country": "United States",
    "name": "Motel 6 Los Angeles, CA - Los Angeles - LAX",
    "rating": 3.9,
    "user_ratings_total": 7645,
    "price_level": null,
    "types": [
      "establishment",
      "lodging",
      "point_of_interest"
    ],
    "lat": 33.9459477,
    "lng": -118.3672491,
    "cribsLikely": true,
    "place_id": "ChIJ__iwz-e2woARHc7viK_fNtw",
    "address": "5101 W Century Blvd, Inglewood, CA 90304, USA",
    "website": "https://www.motel6.com/en/home/motels.ca.inglewood.9623.html?lid=Local_Milestone_1260&travelAgentNumber=TA001305&corporatePlusNumber=CP792N5W&utm_source=google%20my%20business&utm_medium=listing&utm_campaign=visit%20website",
    "phone": "+1 310-419-1234",
    "google_url": "https://maps.google.com/?cid=15868116282096209437"
  },
  {
    "city": "Los Angeles, USA",
    "country": "United States",
    "name": "Hollywood Palms Inn & Suites",
    "rating": 3.1,
    "user_ratings_total": 392,
    "price_level": null,
    "types": [
      "establishment",
      "lodging",
      "point_of_interest"
    ],
    "lat": 34.0985102,
    "lng": -118.3207582,
    "cribsLikely": true,
    "place_id": "ChIJuVvhREi_woAR5fvzCLSh-bo",
    "address": "6055 W Sunset Blvd, Los Angeles, CA 90028, USA",
    "website": "https://www.hollywoodpalmsinn.com/",
    "phone": "+1 323-462-3221",
    "google_url": "https://maps.google.com/?cid=13472977554871942117"
  },
  {
    "city": "Los Angeles, USA",
    "country": "United States",
    "name": "Roxy Hotel",
    "rating": 2.9,
    "user_ratings_total": 259,
    "price_level": null,
    "types": [
      "establishment",
      "lodging",
      "point_of_interest"
    ],
    "lat": 34.1006888,
    "lng": -118.3096365,
    "cribsLikely": true,
    "place_id": "ChIJ5UvvSFC_woARVoUSYTpKeS8",
    "address": "1655 N Western Ave, Los Angeles, CA 90027, USA",
    "website": "http://www.roxyhotelhollywood.com/",
    "phone": "+1 323-463-3106",
    "google_url": "https://maps.google.com/?cid=3420847006561764694"
  },
  {
    "city": "Los Angeles, USA",
    "country": "United States",
    "name": "Best Western Plus Suites Hotel - Los Angeles LAX Airport",
    "rating": 4,
    "user_ratings_total": 1395,
    "price_level": null,
    "types": [
      "establishment",
      "lodging",
      "point_of_interest"
    ],
    "lat": 33.9457897,
    "lng": -118.3657003,
    "cribsLikely": true,
    "place_id": "ChIJob3rJea2woARFKtJpasOUfs",
    "address": "5005 W Century Blvd, Inglewood, CA 90304, USA",
    "website": "https://www.bestwestern.com/en_US/book/hotel-rooms.05517.html?iata=00171880&ssob=BLBWI0004G&cid=BLBWI0004G:google:gmb:05517",
    "phone": "+1 310-677-7733",
    "google_url": "https://maps.google.com/?cid=18109271707008740116"
  },
  {
    "city": "Los Angeles, USA",
    "country": "United States",
    "name": "Travelodge Inn & Suites by Wyndham Bell Los Angeles Area",
    "rating": 3.9,
    "user_ratings_total": 810,
    "price_level": null,
    "types": [
      "establishment",
      "lodging",
      "point_of_interest"
    ],
    "lat": 33.976124,
    "lng": -118.1867275,
    "cribsLikely": true,
    "place_id": "ChIJm6ra677OwoAR08XoUFLg11k",
    "address": "6600 Atlantic Ave, Bell, CA 90201, USA",
    "website": "https://www.wyndhamhotels.com/travelodge/bell-california/travelodge-bell-los-angeles-area/overview?CID=LC:fkqqcjhla7b6gbb:49516&iata=00093796",
    "phone": "+1 323-771-8888",
    "google_url": "https://maps.google.com/?cid=6473889633517749715"
  },
  {
    "city": "Los Angeles, USA",
    "country": "United States",
    "name": "STILE Downtown Los Angeles by Kasa",
    "rating": 4.4,
    "user_ratings_total": 4269,
    "price_level": null,
    "types": [
      "establishment",
      "lodging",
      "point_of_interest"
    ],
    "lat": 34.0418769,
    "lng": -118.2570341,
    "cribsLikely": true,
    "place_id": "ChIJL_hWS8rHwoARzpgvUnSUds0",
    "address": "929 S Broadway, Los Angeles, CA 90015, USA",
    "website": "https://kasa.com/properties/stile-downtown-los-angeles-by-kasa",
    "phone": "+1 650-451-3444",
    "google_url": "https://maps.google.com/?cid=14805184052343052494"
  },
  {
    "city": "Los Angeles, USA",
    "country": "United States",
    "name": "Libra Hotel",
    "rating": 3.9,
    "user_ratings_total": 273,
    "price_level": null,
    "types": [
      "establishment",
      "lodging",
      "point_of_interest"
    ],
    "lat": 34.0636891,
    "lng": -118.308253,
    "cribsLikely": true,
    "place_id": "ChIJ4UkB4pq4woAR5O2Y4LrGsYo",
    "address": "3909 W 6th St, Los Angeles, CA 90020, USA",
    "website": "http://www.librahotella.com/",
    "phone": "+1 213-272-6618",
    "google_url": "https://maps.google.com/?cid=9993987554046176740"
  }
]