[
  {
    "city": "Lyon, France",
    "country": "France",
    "name": "ibis Styles Lyon Centre - Gare Part-Dieu",
    "rating": 4.2,
    "user_ratings_total": 1343,
    "price_level": null,
    "types": [
      "establishment",
      "lodging",
      "point_of_interest"
    ],
    "lat": 45.7593164,
    "lng": 4.8613918,
    "cribsLikely": true,
    "place_id": "ChIJkXVIQ3vq9EcRHLcfWsjeZHQ",
    "address": "54 Rue de la Villette, 69003 Lyon, France",
    "website": "https://all.accor.com/lien_externe.svlt?goto=fiche_hotel&code_hotel=7373&merchantid=seo-maps-FR-7373&sourceid=aw-cen&utm_medium=seo%20maps&utm_source=google%20Maps&utm_campaign=seo%20maps",
    "phone": "+33 4 72 68 25 40",
    "google_url": "https://maps.google.com/?cid=8387073358157559580"
  },
  {
    "city": "Lyon, France",
    "country": "France",
    "name": "ibis Lyon Centre",
    "rating": 3.8,
    "user_ratings_total": 557,
    "price_level": null,
    "types": [
      "establishment",
      "lodging",
      "point_of_interest"
    ],
    "lat": 45.7487619,
    "lng": 4.8431435,
    "cribsLikely": true,
    "place_id": "ChIJITKrskbq9EcRTRDiHga_AYg",
    "address": "51 Rue de l'Université, 69007 Lyon, France",
    "website": "https://all.accor.com/lien_externe.svlt?goto=fiche_hotel&code_hotel=0786&merchantid=seo-maps-FR-0786&sourceid=aw-cen&utm_medium=seo%20maps&utm_source=google%20Maps&utm_campaign=seo%20maps",
    "phone": "+33 4 78 72 78 42",
    "google_url": "https://maps.google.com/?cid=9800324297143750733"
  },
  {
    "city": "Lyon, France",
    "country": "France",
    "name": "ibis Lyon Centre Perrache",
    "rating": 4.3,
    "user_ratings_total": 1530,
    "price_level": null,
    "types": [
      "establishment",
      "lodging",
      "point_of_interest"
    ],
    "lat": 45.748438,
    "lng": 4.828123,
    "cribsLikely": true,
    "place_id": "ChIJ25fuPkvq9EcRQtHRUYEW98U",
    "address": "28 Cr de Verdun Perrache, 69002 Lyon, France",
    "website": "https://all.accor.com/lien_externe.svlt?goto=fiche_hotel&code_hotel=2751&merchantid=seo-maps-FR-2751&sourceid=aw-cen&utm_medium=seo%20maps&utm_source=google%20Maps&utm_campaign=seo%20maps",
    "phone": "+33 4 78 37 56 55",
    "google_url": "https://maps.google.com/?cid=14264895089398632770"
  },
  {
    "city": "Lyon, France",
    "country": "France",
    "name": "ibis Lyon Gerland Rue Mérieux",
    "rating": 4.1,
    "user_ratings_total": 838,
    "price_level": null,
    "types": [
      "establishment",
      "lodging",
      "point_of_interest"
    ],
    "lat": 45.72890839999999,
    "lng": 4.8299896,
    "cribsLikely": true,
    "place_id": "ChIJAyXqbSnq9EcRvtjY9BjzBeI",
    "address": "246 Rue Marcel Mérieux, 69007 Lyon, France",
    "website": "https://all.accor.com/lien_externe.svlt?goto=fiche_hotel&code_hotel=0477&merchantid=seo-maps-FR-0477&sourceid=aw-cen&utm_medium=seo%20maps&utm_source=google%20Maps&utm_campaign=seo%20maps",
    "phone": "+33 4 72 72 63 63",
    "google_url": "https://maps.google.com/?cid=16286690915967883454"
  },
  {
    "city": "Lyon, France",
    "country": "France",
    "name": "Hôtel Mercure Lyon Centre Château Perrache",
    "rating": 4.2,
    "user_ratings_total": 1578,
    "price_level": null,
    "types": [
      "establishment",
      "lodging",
      "point_of_interest"
    ],
    "lat": 45.7495126,
    "lng": 4.824841699999999,
    "cribsLikely": true,
    "place_id": "ChIJ25fuPkvq9EcRpV0mPfi6E6k",
    "address": "Esplanade De La Gare, 12 Cr de Verdun Rambaud, 69002 Lyon, France",
    "website": "https://all.accor.com/lien_externe.svlt?goto=fiche_hotel&code_hotel=1292&merchantid=seo-maps-FR-1292&sourceid=aw-cen&utm_medium=seo%20maps&utm_source=google%20Maps&utm_campaign=seo%20maps",
    "phone": "+33 4 72 77 15 00",
    "google_url": "https://maps.google.com/?cid=12183286992307903909"
  },
  {
    "city": "Lyon, France",
    "country": "France",
    "name": "Radisson Blu Hotel, Lyon",
    "rating": 4.2,
    "user_ratings_total": 3572,
    "price_level": null,
    "types": [
      "establishment",
      "lodging",
      "point_of_interest"
    ],
    "lat": 45.76100580000001,
    "lng": 4.8539749,
    "cribsLikely": true,
    "place_id": "ChIJNyqdqWHq9EcRpzP5ds3W9eM",
    "address": "129 Rue Servient, 69003 Lyon, France",
    "website": "https://www.radissonhotels.com/en-us/hotels/radisson-blu-lyon?cid=a:se+b:gmb+c:emea+i:local+e:rdb+d:ukirwe+h:FRLYS1",
    "phone": "+33 4 78 63 55 00",
    "google_url": "https://maps.google.com/?cid=16426271393856435111"
  },
  {
    "city": "Lyon, France",
    "country": "France",
    "name": "BEST WESTERN Hôtel Saint-Antoine",
    "rating": 3.9,
    "user_ratings_total": 461,
    "price_level": null,
    "types": [
      "establishment",
      "lodging",
      "point_of_interest"
    ],
    "lat": 45.7610752,
    "lng": 4.8320344,
    "cribsLikely": true,
    "place_id": "ChIJX7GdOVTq9EcR4ef82hTCMOo",
    "address": "4 Rue de l'Ancienne Préfecture, 69002 Lyon, France",
    "website": "http://www.hotel-saintantoine.fr/",
    "phone": "+33 4 78 92 91 91",
    "google_url": "https://maps.google.com/?cid=16875201198586390497"
  },
  {
    "city": "Lyon, France",
    "country": "France",
    "name": "ibis budget Lyon Caluire Cité Internationale",
    "rating": 3.2,
    "user_ratings_total": 950,
    "price_level": null,
    "types": [
      "establishment",
      "lodging",
      "point_of_interest"
    ],
    "lat": 45.7907136,
    "lng": 4.8599947,
    "cribsLikely": true,
    "place_id": "ChIJBVkg3bnq9EcRMod2enX3R_g",
    "address": "154 Grande Rue de St Clair, 69300 Caluire-et-Cuire, France",
    "website": "http://www.ibis.com/",
    "phone": "+33 4 37 26 04 15",
    "google_url": "https://maps.google.com/?cid=17890540128690407218"
  },
  {
    "city": "Lyon, France",
    "country": "France",
    "name": "Novotel Lyon Gerland Musée des Confluences",
    "rating": 4.2,
    "user_ratings_total": 3858,
    "price_level": null,
    "types": [
      "establishment",
      "lodging",
      "point_of_interest"
    ],
    "lat": 45.7331075,
    "lng": 4.8236209,
    "cribsLikely": true,
    "place_id": "ChIJqx3jKNPr9EcRV1QNozN0E5I",
    "address": "70 Av. Leclerc, 69007 Lyon, France",
    "website": "https://all.accor.com/hotel/0736/index.fr.shtml",
    "phone": "+33 4 72 71 11 11",
    "google_url": "https://maps.google.com/?cid=10525884519222694999"
  },
  {
    "city": "Lyon, France",
    "country": "France",
    "name": "Hôtel Elysée",
    "rating": 4.3,
    "user_ratings_total": 396,
    "price_level": null,
    "types": [
      "establishment",
      "lodging",
      "point_of_interest"
    ],
    "lat": 45.7596775,
    "lng": 4.833778199999999,
    "cribsLikely": true,
    "place_id": "ChIJi7cQGfbr9EcRaEuDhW1_WSg",
    "address": "92 Rue du Président Édouard Herriot, 69002 Lyon, France",
    "website": "http://www.hotel-elysee.fr/",
    "phone": "+33 4 78 42 03 15",
    "google_url": "https://maps.google.com/?cid=2907495142812502888"
  },
  {
    "city": "Lyon, France",
    "country": "France",
    "name": "Pullman Lyon",
    "rating": 4.8,
    "user_ratings_total": 1610,
    "price_level": null,
    "types": [
      "establishment",
      "lodging",
      "point_of_interest"
    ],
    "lat": 45.7595427,
    "lng": 4.8586392,
    "cribsLikely": true,
    "place_id": "ChIJF8wHGFzr9EcRdEBGkR5w3dw",
    "address": "44 Bd Marius Vivier Merle, 69003 Lyon, France",
    "website": "https://all.accor.com/lien_externe.svlt?goto=fiche_hotel&code_hotel=C177&merchantid=seo-maps-France-C177&sourceid=aw-cen&utm_medium=seo%20maps&utm_source=google%20Maps&utm_campaign=seo%20maps",
    "phone": "+33 4 12 05 03 70",
    "google_url": "https://maps.google.com/?cid=15914999934785831028"
  },
  {
    "city": "Lyon, France",
    "country": "France",
    "name": "Hôtel des Remparts",
    "rating": 4.1,
    "user_ratings_total": 1379,
    "price_level": null,
    "types": [
      "establishment",
      "lodging",
      "point_of_interest"
    ],
    "lat": 45.75054799999999,
    "lng": 4.826322,
    "cribsLikely": true,
    "place_id": "ChIJR6a0W7Pr9EcRwZBYJLGGJ7g",
    "address": "19 Pl. Carnot, 69002 Lyon, France",
    "website": "http://www.hoteldesrempartslyon.com/",
    "phone": "+33 4 78 42 00 46",
    "google_url": "https://maps.google.com/?cid=13269722922447573185"
  }
]