[
  {
    "city": "Madrid, Spain",
    "country": "Spain",
    "name": "Hostal Evoke Madrid",
    "rating": 4.7,
    "user_ratings_total": 212,
    "price_level": null,
    "types": [
      "establishment",
      "lodging",
      "point_of_interest"
    ],
    "lat": 40.41332999999999,
    "lng": -3.70102,
    "cribsLikely": true,
    "place_id": "ChIJtZLzJYAoQg0RxAoxfRlTuzI",
    "address": "C. de Atocha, 43, 2 Izda, Centro, 28012 Madrid, Spain",
    "website": "https://evokemadrid.com/",
    "phone": "+34 914 29 96 04",
    "google_url": "https://maps.google.com/?cid=3655606891480943300"
  },
  {
    "city": "Madrid, Spain",
    "country": "Spain",
    "name": "The Loft House Madrid",
    "rating": 4.6,
    "user_ratings_total": 335,
    "price_level": null,
    "types": [
      "establishment",
      "lodging",
      "point_of_interest"
    ],
    "lat": 40.4101967,
    "lng": -3.700544,
    "cribsLikely": true,
    "place_id": "ChIJHYpvu8cnQg0RVrOZ2zgDVYI",
    "address": "C. de la Esperanza, 4, Centro, 28012 Madrid, Spain",
    "website": "https://www.thelofthostels.com/",
    "phone": "+34 900 264 222",
    "google_url": "https://maps.google.com/?cid=9391416140688372566"
  },
  {
    "city": "Madrid, Spain",
    "country": "Spain",
    "name": "Hyatt Centric Gran Via Madrid",
    "rating": 4.6,
    "user_ratings_total": 2210,
    "price_level": null,
    "types": [
      "establishment",
      "lodging",
      "point_of_interest"
    ],
    "lat": 40.4200081,
    "lng": -3.7036914,
    "cribsLikely": true,
    "place_id": "ChIJmSRJmn0oQg0Rt5YwR1qpFLQ",
    "address": "Gran Vía, 31, Centro, 28013 Madrid, Spain",
    "website": "https://www.hyatt.com/hyatt-centric/en-US/madct-hyatt-centric-gran-via-madrid?src=corp_lclb_google_seo_madct&utm_source=google&utm_medium=organic&utm_campaign=lmr",
    "phone": "+34 918 37 12 34",
    "google_url": "https://maps.google.com/?cid=12976182631567759031"
  },
  {
    "city": "Madrid, Spain",
    "country": "Spain",
    "name": "The Hat Madrid",
    "rating": 4.3,
    "user_ratings_total": 4460,
    "price_level": null,
    "types": [
      "establishment",
      "lodging",
      "point_of_interest"
    ],
    "lat": 40.41431,
    "lng": -3.70707,
    "cribsLikely": true,
    "place_id": "ChIJwYqcOX8oQg0Ru4qnNV1iiew",
    "address": "C. Imperial, 9, Centro, 28012 Madrid, Spain",
    "website": "http://www.thehatmadrid.com/",
    "phone": "+34 917 72 85 72",
    "google_url": "https://maps.google.com/?cid=17044262417232005819"
  },
  {
    "city": "Madrid, Spain",
    "country": "Spain",
    "name": "Rox Madrid",
    "rating": 4.8,
    "user_ratings_total": 393,
    "price_level": null,
    "types": [
      "establishment",
      "lodging",
      "point_of_interest"
    ],
    "lat": 40.4184699,
    "lng": -3.708525499999999,
    "cribsLikely": true,
    "place_id": "ChIJ0V4k6K8pQg0RxtMLJ9Cq4ow",
    "address": "C. de la Priora, 2, Centro, 28013 Madrid, Spain",
    "website": "https://roxmadrid.com/",
    "phone": "+34 611 50 70 08",
    "google_url": "https://maps.google.com/?cid=10151864321031525318"
  },
  {
    "city": "Madrid, Spain",
    "country": "Spain",
    "name": "LETOH LETOH Gran Via",
    "rating": 4.2,
    "user_ratings_total": 608,
    "price_level": null,
    "types": [
      "establishment",
      "lodging",
      "point_of_interest"
    ],
    "lat": 40.4224973,
    "lng": -3.7108269,
    "cribsLikely": true,
    "place_id": "ChIJkYRj5B4pQg0RNv6YoF330i4",
    "address": "C. de Leganitos, 39, Centro, 28013 Madrid, Spain",
    "website": "https://letohletoh.com/madrid/",
    "phone": "+34 913 93 33 33",
    "google_url": "https://maps.google.com/?cid=3374031052352323126"
  },
  {
    "city": "Madrid, Spain",
    "country": "Spain",
    "name": "Hotel Vincci Centrum",
    "rating": 4.3,
    "user_ratings_total": 1453,
    "price_level": null,
    "types": [
      "establishment",
      "lodging",
      "point_of_interest"
    ],
    "lat": 40.4175772,
    "lng": -3.6985969,
    "cribsLikely": true,
    "place_id": "ChIJf6muT4EoQg0RoKsqwjc1_q4",
    "address": "C. de Cedaceros, 4, Centro, 28014 Madrid, Spain",
    "website": "https://www.vinccicentrum.com/?utm_source=google&utm_medium=organic&utm_campaign=GoogleMyBusiness&partner=8221",
    "phone": "+34 913 60 47 20",
    "google_url": "https://maps.google.com/?cid=12609574520281017248"
  },
  {
    "city": "Madrid, Spain",
    "country": "Spain",
    "name": "Exe Madrid Norte",
    "rating": 4.1,
    "user_ratings_total": 2882,
    "price_level": null,
    "types": [
      "establishment",
      "lodging",
      "point_of_interest"
    ],
    "lat": 40.4916855,
    "lng": -3.6706788,
    "cribsLikely": true,
    "place_id": "ChIJiRZdR1cpQg0R9Rn0wEucgks",
    "address": "C. Martina Díaz, 4, Hortaleza, 28050 Madrid, Spain",
    "website": "https://www.eurostarshotels.com/exe-madrid-norte.html?referer_code=lb0gg00yx&utm_source=google&utm_medium=business&utm_campaign=lb0gg00yx",
    "phone": "+34 913 02 49 00",
    "google_url": "https://maps.google.com/?cid=5441083148990683637"
  },
  {
    "city": "Madrid, Spain",
    "country": "Spain",
    "name": "Livensa Living Studios Madrid Alcobendas",
    "rating": 4.4,
    "user_ratings_total": 440,
    "price_level": null,
    "types": [
      "establishment",
      "lodging",
      "point_of_interest"
    ],
    "lat": 40.5268775,
    "lng": -3.6615628,
    "cribsLikely": true,
    "place_id": "ChIJ5aqeUhUrQg0RONYkn32I0Tc",
    "address": "Av. del Monte Valdelatas, 40, 28108 Alcobendas, Madrid, Spain",
    "website": "https://livensalivingstudios.com/alojamiento-alcobendas-studios/?utm_source=gmb&utm_medium=organico&utm_campaign=local-business&utm_content=link_reserva_alcob",
    "phone": null,
    "google_url": "https://maps.google.com/?cid=4022146015340844600"
  },
  {
    "city": "Madrid, Spain",
    "country": "Spain",
    "name": "ibis Madrid Centro",
    "rating": 4.4,
    "user_ratings_total": 1264,
    "price_level": null,
    "types": [
      "establishment",
      "lodging",
      "point_of_interest"
    ],
    "lat": 40.4287373,
    "lng": -3.7030805,
    "cribsLikely": true,
    "place_id": "ChIJrTEF_WEoQg0RaESPmB3IoVY",
    "address": "C. de Manuela Malasaña, 6, Centro, 28004 Madrid, Spain",
    "website": "https://sys-rsrv.com/hotel-ibis-madrid-centro/",
    "phone": "+34 914 48 58 16",
    "google_url": "https://maps.google.com/?cid=6242490587951350888"
  },
  {
    "city": "Madrid, Spain",
    "country": "Spain",
    "name": "Hotel Preciados",
    "rating": 4.5,
    "user_ratings_total": 1563,
    "price_level": null,
    "types": [
      "establishment",
      "lodging",
      "point_of_interest"
    ],
    "lat": 40.4196938,
    "lng": -3.7075046,
    "cribsLikely": true,
    "place_id": "ChIJvyVvcHwoQg0Rz-T9DtxqYjc",
    "address": "C. de Preciados, 37, Centro, 28013 Madrid, Spain",
    "website": "https://preciadoshotel.com/",
    "phone": "+34 914 54 44 00",
    "google_url": "https://maps.google.com/?cid=3990869713180550351"
  },
  {
    "city": "Madrid, Spain",
    "country": "Spain",
    "name": "B&B HOTEL Madrid Centro Puerta del Sol",
    "rating": 4.7,
    "user_ratings_total": 2450,
    "price_level": null,
    "types": [
      "establishment",
      "lodging",
      "point_of_interest"
    ],
    "lat": 40.4176549,
    "lng": -3.7027262,
    "cribsLikely": true,
    "place_id": "ChIJ5-rOroAoQg0Rn285CcmTETI",
    "address": "C. de la Montera, 10, 12, Centro, 28013 Madrid, Spain",
    "website": "https://www.hotel-bb.com/es/hotel/madrid-puerta-del-sol?utm_source=googlemaps&utm_medium=fichehotel&utm_campaign=madrid_puertadelsol",
    "phone": "+34 914 89 05 91",
    "google_url": "https://maps.google.com/?cid=3607827268152946591"
  }
]