[
  {
    "city": "Manchester, UK",
    "country": "United Kingdom",
    "name": "Travelodge Manchester Central Arena",
    "rating": 4,
    "user_ratings_total": 2375,
    "price_level": null,
    "types": [
      "establishment",
      "lodging",
      "point_of_interest"
    ],
    "lat": 53.4902062,
    "lng": -2.2467909,
    "cribsLikely": true,
    "place_id": "ChIJe9GMOM-xe0gR3jz9uqaDejk",
    "address": "Great Ducie St, Cheetham Hill, Manchester M3 1PT, UK",
    "website": "https://www.travelodge.co.uk/hotels/524/Manchester-Central-Arena-hotel?utm_source=google&utm_medium=GHA_Organic&utm_campaign=GHA_Manchester%20Central%20Arena&WT.tsrc=GHA_Organic",
    "phone": null,
    "google_url": "https://maps.google.com/?cid=4141767559445560542"
  },
  {
    "city": "Manchester, UK",
    "country": "United Kingdom",
    "name": "Premier Inn Manchester City Centre (Arena/Printworks) hotel",
    "rating": 4.3,
    "user_ratings_total": 1935,
    "price_level": null,
    "types": [
      "establishment",
      "food",
      "lodging",
      "point_of_interest",
      "restaurant"
    ],
    "lat": 53.484974,
    "lng": -2.246741,
    "cribsLikely": true,
    "place_id": "ChIJTykzZuqxe0gRHj1U5asGVPw",
    "address": "North Tower, Victoria Bridge St, Manchester, Salford M3 5AS, UK",
    "website": "https://www.premierinn.com/gb/en/hotels/england/greater-manchester/salford/manchester-city-centre-arenaprintworks.html?cid=GLBC_MANBAR",
    "phone": "+44 333 321 1309",
    "google_url": "https://maps.google.com/?cid=18182164930958212382"
  },
  {
    "city": "Manchester, UK",
    "country": "United Kingdom",
    "name": "Travelodge Manchester Salford Quays",
    "rating": 4.1,
    "user_ratings_total": 1493,
    "price_level": null,
    "types": [
      "establishment",
      "lodging",
      "point_of_interest"
    ],
    "lat": 53.47309079999999,
    "lng": -2.2814831,
    "cribsLikely": true,
    "place_id": "ChIJ-5cUAD2ue0gRSqB4aFRxfDk",
    "address": "18 Markendale Place, Salford M5 3GW, UK",
    "website": "https://www.travelodge.co.uk/hotels/532/Manchester-Salford-Quays-hotel?utm_source=google&utm_medium=GHA_Organic&utm_campaign=GHA_Manchester%20Salford%20Quays&WT.tsrc=GHA_Organic",
    "phone": "+44 871 984 6495",
    "google_url": "https://maps.google.com/?cid=4142310364617941066"
  },
  {
    "city": "Manchester, UK",
    "country": "United Kingdom",
    "name": "Britannia Hotel Manchester",
    "rating": 3.1,
    "user_ratings_total": 5495,
    "price_level": null,
    "types": [
      "bar",
      "establishment",
      "food",
      "lodging",
      "point_of_interest",
      "restaurant"
    ],
    "lat": 53.4789784,
    "lng": -2.2373236,
    "cribsLikely": true,
    "place_id": "ChIJH0sv7b-xe0gRk4v6q4CvbqE",
    "address": "Portland St, Manchester M1 4EE, UK",
    "website": "https://www.britanniahotels.com/hotels/the-britannia-hotel-manchester/",
    "phone": "+44 161 228 2288",
    "google_url": "https://maps.google.com/?cid=11632427854720568211"
  },
  {
    "city": "Manchester, UK",
    "country": "United Kingdom",
    "name": "Premier Inn Manchester (Salford Quays) hotel",
    "rating": 4.2,
    "user_ratings_total": 1054,
    "price_level": null,
    "types": [
      "establishment",
      "food",
      "lodging",
      "point_of_interest",
      "restaurant"
    ],
    "lat": 53.47133100000001,
    "lng": -2.28758,
    "cribsLikely": true,
    "place_id": "ChIJeyhnaWyue0gRREvwT2cg8fs",
    "address": "11 The Quays, Salford, Manchester M50 3SQ, UK",
    "website": "https://www.premierinn.com/gb/en/hotels/england/greater-manchester/salford/manchester-salford-quays.html?cid=GLBC_MANQUA",
    "phone": "+44 333 321 1296",
    "google_url": "https://maps.google.com/?cid=18154327201002048324"
  },
  {
    "city": "Manchester, UK",
    "country": "United Kingdom",
    "name": "Mercure Manchester Piccadilly Hotel",
    "rating": 4.4,
    "user_ratings_total": 14423,
    "price_level": null,
    "types": [
      "establishment",
      "lodging",
      "point_of_interest"
    ],
    "lat": 53.479754,
    "lng": -2.2374669,
    "cribsLikely": true,
    "place_id": "ChIJobZcBcCxe0gRcj4lg2QPiAI",
    "address": "Portland St, Manchester M1 4PH, UK",
    "website": "https://all.accor.com/lien_externe.svlt?goto=fiche_hotel&code_hotel=8325&merchantid=seo-maps-GB-8325&sourceid=aw-cen&utm_medium=seo%20maps&utm_source=google%20Maps&utm_campaign=seo%20maps",
    "phone": "+44 161 751 1412",
    "google_url": "https://maps.google.com/?cid=182412709279907442"
  },
  {
    "city": "Manchester, UK",
    "country": "United Kingdom",
    "name": "DoubleTree by Hilton Manchester - Piccadilly",
    "rating": 4.3,
    "user_ratings_total": 3234,
    "price_level": null,
    "types": [
      "establishment",
      "lodging",
      "point_of_interest"
    ],
    "lat": 53.4787946,
    "lng": -2.2333009,
    "cribsLikely": true,
    "place_id": "ChIJM4ySFr6xe0gRkWyPB9HDzRY",
    "address": "One Piccadilly Place, 1 Auburn St, Manchester M1 3DG, UK",
    "website": "https://www.hilton.com/en/hotels/manpddi-doubletree-manchester-piccadilly/?SEO_id=GMB-EMEA-DI-MANPDDI",
    "phone": "+44 161 242 1000",
    "google_url": "https://maps.google.com/?cid=1643184741602520209"
  },
  {
    "city": "Manchester, UK",
    "country": "United Kingdom",
    "name": "Premier Inn Manchester Central hotel",
    "rating": 4.3,
    "user_ratings_total": 1780,
    "price_level": null,
    "types": [
      "establishment",
      "food",
      "lodging",
      "point_of_interest",
      "restaurant"
    ],
    "lat": 53.47674900000001,
    "lng": -2.244607,
    "cribsLikely": true,
    "place_id": "ChIJ-4BIHOqxe0gRBVlZEfOgb_s",
    "address": "7-11 Lower Mosley St, Manchester M2 3DW, UK",
    "website": "https://www.premierinn.com/gb/en/hotels/england/greater-manchester/manchester/manchester-central.html?cid=GLBC_MANPMI",
    "phone": "+44 333 321 1308",
    "google_url": "https://maps.google.com/?cid=18117876791763360005"
  },
  {
    "city": "Manchester, UK",
    "country": "United Kingdom",
    "name": "Premier Inn Manchester City Centre West hotel",
    "rating": 4.5,
    "user_ratings_total": 1221,
    "price_level": null,
    "types": [
      "establishment",
      "food",
      "lodging",
      "point_of_interest",
      "restaurant"
    ],
    "lat": 53.4806716,
    "lng": -2.2563637,
    "cribsLikely": true,
    "place_id": "ChIJc2VvN9yxe0gRXM03ZiPk3hQ",
    "address": "Irwell St, Salford M3 5EN, UK",
    "website": "https://www.premierinn.com/gb/en/hotels/england/greater-manchester/salford/manchester-city-centre-west.html?cid=GLBC_MANSPI",
    "phone": "+44 333 321 9367",
    "google_url": "https://maps.google.com/?cid=1503890166278245724"
  },
  {
    "city": "Manchester, UK",
    "country": "United Kingdom",
    "name": "Hotel Motel One Manchester-St. Peter's Square",
    "rating": 4.6,
    "user_ratings_total": 859,
    "price_level": null,
    "types": [
      "establishment",
      "lodging",
      "point_of_interest"
    ],
    "lat": 53.4778514,
    "lng": -2.2423939,
    "cribsLikely": true,
    "place_id": "ChIJO-8P2MGxe0gRdAFH3DrDXIw",
    "address": "1 Dickinson St, Manchester M1 4LF, UK",
    "website": "https://www.motel-one.com/en/hotels/manchester/hotel-manchester-st-peters-square/",
    "phone": "+44 161 228 0800",
    "google_url": "https://maps.google.com/?cid=10114173520738451828"
  },
  {
    "city": "Manchester, UK",
    "country": "United Kingdom",
    "name": "Hotel ibis Manchester Centre Princess Street",
    "rating": 4,
    "user_ratings_total": 1600,
    "price_level": null,
    "types": [
      "bar",
      "establishment",
      "food",
      "lodging",
      "point_of_interest",
      "restaurant"
    ],
    "lat": 53.4741357,
    "lng": -2.2367975,
    "cribsLikely": true,
    "place_id": "ChIJuweQxZSxe0gRNYNcI4i26as",
    "address": "Charles St, Princess St, Manchester M1 7DG, UK",
    "website": "https://all.accor.com/lien_externe.svlt?goto=fiche_hotel&code_hotel=3143&merchantid=seo-maps-GB-3143&sourceid=aw-cen&utm_medium=seo%20maps&utm_source=google%20Maps&utm_campaign=seo%20maps",
    "phone": "+44 161 272 5000",
    "google_url": "https://maps.google.com/?cid=12387632945884332853"
  },
  {
    "city": "Manchester, UK",
    "country": "United Kingdom",
    "name": "The Ainscow Hotel",
    "rating": 4.1,
    "user_ratings_total": 788,
    "price_level": null,
    "types": [
      "establishment",
      "lodging",
      "point_of_interest"
    ],
    "lat": 53.4823725,
    "lng": -2.2582198,
    "cribsLikely": true,
    "place_id": "ChIJFUw66dqxe0gR8BSviHow3PU",
    "address": "Тrinity Way, Salford M3 5EN, UK",
    "website": "http://www.theainscow.com/",
    "phone": "+44 161 827 1650",
    "google_url": "https://maps.google.com/?cid=17716088337006007536"
  }
]