[
  {
    "city": "Manila, Philippines",
    "country": "Philippines",
    "name": "City Garden GRAND Hotel Makati",
    "rating": 4.4,
    "user_ratings_total": 3993,
    "price_level": null,
    "types": [
      "establishment",
      "lodging",
      "point_of_interest"
    ],
    "lat": 14.5648298,
    "lng": 121.0291654,
    "cribsLikely": true,
    "place_id": "ChIJ65WNSarJlzMRNf7yTtzTcaM",
    "address": "8008 Makati Ave, Kalayaan Ave, Makati, Makati City, 1200 Metro Manila, Philippines",
    "website": "https://www.citygardengrandhotel.com/?utm_source=GOOGLE%20MY%20BUSINESS&utm_medium=GOOGLE%20MY%20BUSINESS&utm_campaign=GRAND_GMB_ORGANIC&utm_term=GRAND%20GMB%20ORGANIC&utm_content=GRAND_GMB_ORGANIC",
    "phone": "+63 917 111 1911",
    "google_url": "https://maps.google.com/?cid=11777427443721371189"
  },
  {
    "city": "Manila, Philippines",
    "country": "Philippines",
    "name": "UrbanView at San Antonio's Place Sampaloc Manila by RedDoorz",
    "rating": 2.1,
    "user_ratings_total": 40,
    "price_level": null,
    "types": [
      "establishment",
      "lodging",
      "point_of_interest"
    ],
    "lat": 14.6048125,
    "lng": 120.9904375,
    "cribsLikely": true,
    "place_id": "ChIJ2Y4ZKv_JlzMRcmm3L6pI_MU",
    "address": "JX3R+W5P City Of Manila, Sampaloc, Manila, 1008 Metro Manila, Philippines",
    "website": "http://www.reddoorz.com/en-ph/hotel/philippines/manila/sampaloc/sampaloc/urbanview-san-antonio-s-place-sampaloc-manila?utm_campaign=webclick&utm_medium=mybusiness&utm_source=google",
    "phone": "+63 2 8248 7369",
    "google_url": "https://maps.google.com/?cid=14266357615385078130"
  },
  {
    "city": "Manila, Philippines",
    "country": "Philippines",
    "name": "Diamond Hotel Philippines",
    "rating": 4.5,
    "user_ratings_total": 4792,
    "price_level": null,
    "types": [
      "establishment",
      "lodging",
      "point_of_interest"
    ],
    "lat": 14.572442,
    "lng": 120.982176,
    "cribsLikely": true,
    "place_id": "ChIJHXJDhyvKlzMR83_6sX4bAsc",
    "address": "Roxas Boulevard, Corner Dr. J. Quintos Street, Malate, Manila, 1000 Metro Manila, Philippines",
    "website": "http://www.diamondhotel.com/",
    "phone": "+63 2 8528 3000",
    "google_url": "https://maps.google.com/?cid=14340054394466893811"
  },
  {
    "city": "Manila, Philippines",
    "country": "Philippines",
    "name": "New Coast Hotel Manila",
    "rating": 4.3,
    "user_ratings_total": 3413,
    "price_level": null,
    "types": [
      "establishment",
      "lodging",
      "point_of_interest"
    ],
    "lat": 14.5735374,
    "lng": 120.9827466,
    "cribsLikely": true,
    "place_id": "ChIJxzrB7SvKlzMRtO00kQK6q1o",
    "address": "1588 Pedro Gil, corner Del Pilar St, Malate, Manila, 1004 Metro Manila, Philippines",
    "website": "https://www.newcoasthotels.com/",
    "phone": "+63 2 8252 6888",
    "google_url": "https://maps.google.com/?cid=6533520204619902388"
  },
  {
    "city": "Manila, Philippines",
    "country": "Philippines",
    "name": "Orchid Garden Suites - Manila",
    "rating": 4.1,
    "user_ratings_total": 675,
    "price_level": null,
    "types": [
      "establishment",
      "lodging",
      "point_of_interest"
    ],
    "lat": 14.5603586,
    "lng": 120.9914522,
    "cribsLikely": true,
    "place_id": "ChIJr8l9WXzJlzMRe1VdYjvrINQ",
    "address": "620 Pablo Ocampo Sr, Street, Malate, Pasay City, 1004 Metro Manila, Philippines",
    "website": "https://orchidgardensuites.com/",
    "phone": "+63 2 8516 0888",
    "google_url": "https://maps.google.com/?cid=15285475775581345147"
  },
  {
    "city": "Manila, Philippines",
    "country": "Philippines",
    "name": "Oriental Zen Suites - Manila",
    "rating": 4.1,
    "user_ratings_total": 128,
    "price_level": null,
    "types": [
      "establishment",
      "lodging",
      "point_of_interest"
    ],
    "lat": 14.612665,
    "lng": 120.9862177,
    "cribsLikely": true,
    "place_id": "ChIJI1pwNf61lzMRkMBJe_LkJ88",
    "address": "1545 Alfonso Mendoza St, Sampaloc, Manila, 1008 Metro Manila, Philippines",
    "website": "https://oriental-zen-suites.com/",
    "phone": "+63 2 8714 2454",
    "google_url": "https://maps.google.com/?cid=14927151220044447888"
  },
  {
    "city": "Manila, Philippines",
    "country": "Philippines",
    "name": "Armada Hotel Manila",
    "rating": 3.8,
    "user_ratings_total": 982,
    "price_level": null,
    "types": [
      "establishment",
      "lodging",
      "point_of_interest"
    ],
    "lat": 14.5665284,
    "lng": 120.9858313,
    "cribsLikely": true,
    "place_id": "ChIJmUXfBNXLlzMRx3aCTkwmEoQ",
    "address": "2108 Marcelo H. del Pilar, Malate, Manila, 1004 Metro Manila, Philippines",
    "website": "http://armadahotelmanila.com/",
    "phone": "+63 2 8526 0888",
    "google_url": "https://maps.google.com/?cid=9516711071763822279"
  },
  {
    "city": "Manila, Philippines",
    "country": "Philippines",
    "name": "Swiss-Belhotel Blulane",
    "rating": 4.6,
    "user_ratings_total": 1929,
    "price_level": null,
    "types": [
      "establishment",
      "lodging",
      "point_of_interest"
    ],
    "lat": 14.6016699,
    "lng": 120.9797143,
    "cribsLikely": true,
    "place_id": "ChIJ5QqY3ATKlzMR7Mtn3WoxCjo",
    "address": "609 Tomas Mapua St, Santa Cruz, Manila, 1003 Metro Manila, Philippines",
    "website": "https://www.swiss-belhotel.com/en-gb/swiss-belhotel-blulane",
    "phone": "+63 2 8777 2258",
    "google_url": "https://maps.google.com/?cid=4182209539017788396"
  },
  {
    "city": "Manila, Philippines",
    "country": "Philippines",
    "name": "The Heritage Hotel Manila",
    "rating": 4.6,
    "user_ratings_total": 14207,
    "price_level": null,
    "types": [
      "establishment",
      "lodging",
      "point_of_interest"
    ],
    "lat": 14.5367257,
    "lng": 120.9936477,
    "cribsLikely": true,
    "place_id": "ChIJZTqgA1rJlzMRvxMvVgxui8c",
    "address": "Roxas Boulevard, corner Epifanio de los Santos Ave, Pasay City, 1300 Metro Manila, Philippines",
    "website": "https://www.millenniumhotels.com/en/manila/the-heritage-hotel-manila/?cid=gplaces-the-heritage-hotel-manila",
    "phone": "+63 2 8854 8888",
    "google_url": "https://maps.google.com/?cid=14378707234575029183"
  },
  {
    "city": "Manila, Philippines",
    "country": "Philippines",
    "name": "Hotel H2O",
    "rating": 4.1,
    "user_ratings_total": 1948,
    "price_level": null,
    "types": [
      "establishment",
      "lodging",
      "point_of_interest"
    ],
    "lat": 14.58005,
    "lng": 120.9732834,
    "cribsLikely": true,
    "place_id": "ChIJV3SPAjvKlzMRg2Zgh7wY0h8",
    "address": "Behind the Quirino Grandstand, Manila Ocean Park, Rizal Park, Ermita, Manila, 1000 Metro Manila, Philippines",
    "website": "https://manilaoceanpark.com/hotel-h2o/",
    "phone": "+63 917 852 9842",
    "google_url": "https://maps.google.com/?cid=2292922358289163907"
  },
  {
    "city": "Manila, Philippines",
    "country": "Philippines",
    "name": "RedDoorz Plus @ San Marcelino Malate",
    "rating": 3.1,
    "user_ratings_total": 102,
    "price_level": null,
    "types": [
      "establishment",
      "lodging",
      "point_of_interest"
    ],
    "lat": 14.5729772,
    "lng": 120.9925686,
    "cribsLikely": true,
    "place_id": "ChIJNYlpsobJlzMR4Bj-XswUu7Y",
    "address": "IMU1 Suites, 1923 San Marcelino St, Malate, 1212 Metro Manila, Philippines",
    "website": "https://www.reddoorz.com/en-ph/hotel/philippines/malate/malate/metro-manila/reddoorz-plus-san-marcelino-malate?utm_campaign=webclick&utm_medium=mybusiness&utm_source=google",
    "phone": "+63 2 8248 7369",
    "google_url": "https://maps.google.com/?cid=13167140803547371744"
  },
  {
    "city": "Manila, Philippines",
    "country": "Philippines",
    "name": "City Garden Suites Manila",
    "rating": 4.1,
    "user_ratings_total": 1280,
    "price_level": null,
    "types": [
      "establishment",
      "lodging",
      "point_of_interest"
    ],
    "lat": 14.5788961,
    "lng": 120.9807432,
    "cribsLikely": true,
    "place_id": "ChIJOQ9bWC_KlzMRZCKSFs-9kPg",
    "address": "1158 A. Mabini St, Ermita, Manila, 1004 Metro Manila, Philippines",
    "website": "http://citygardensuites.com/?utm_source=google+my+business&utm_medium=gmb&utm_campaign=gmb+organic+traffic",
    "phone": null,
    "google_url": "https://maps.google.com/?cid=17911024415187018340"
  }
]