[
  {
    "city": "Marrakesh, Morocco",
    "country": "Morocco",
    "name": "The Central House Marrakech Medina",
    "rating": 4.6,
    "user_ratings_total": 829,
    "price_level": null,
    "types": [
      "establishment",
      "lodging",
      "point_of_interest"
    ],
    "lat": 31.6333287,
    "lng": -7.9879239,
    "cribsLikely": true,
    "place_id": "ChIJr-KGP2nurw0RN3p3763iPw8",
    "address": "Amssafah 32، Marrakech 40000, Morocco",
    "website": "https://www.thecentralhousehostels.com/",
    "phone": "+212 5243-78978",
    "google_url": "https://maps.google.com/?cid=1098846070776494647"
  },
  {
    "city": "Marrakesh, Morocco",
    "country": "Morocco",
    "name": "Almaha Marrakech",
    "rating": 4.7,
    "user_ratings_total": 158,
    "price_level": null,
    "types": [
      "bar",
      "cafe",
      "establishment",
      "food",
      "lodging",
      "point_of_interest",
      "restaurant",
      "spa",
      "store"
    ],
    "lat": 31.6152721,
    "lng": -7.9874923,
    "cribsLikely": true,
    "place_id": "ChIJY1AeJE_urw0RDkVi0O0HugU",
    "address": "55 Derb Ben Zina، Marrakech 40040, Morocco",
    "website": "http://www.almahamarrakech.com/",
    "phone": "+212 5243-86782",
    "google_url": "https://maps.google.com/?cid=412651033842566414"
  },
  {
    "city": "Marrakesh, Morocco",
    "country": "Morocco",
    "name": "RIAD AUBRAC",
    "rating": 4.7,
    "user_ratings_total": 140,
    "price_level": null,
    "types": [
      "establishment",
      "lodging",
      "point_of_interest"
    ],
    "lat": 31.6286752,
    "lng": -7.983820400000001,
    "cribsLikely": true,
    "place_id": "ChIJNyq6K0Durw0R84n1jWUodVM",
    "address": "29 Derb Ben Allal, Marrakesh 40000, Morocco",
    "website": "https://riadaubracmarrakech.com/",
    "phone": "+212 5243-84298",
    "google_url": "https://maps.google.com/?cid=6013757294061652467"
  },
  {
    "city": "Marrakesh, Morocco",
    "country": "Morocco",
    "name": "Hotel La Maison Arabe",
    "rating": 4.5,
    "user_ratings_total": 1517,
    "price_level": null,
    "types": [
      "establishment",
      "lodging",
      "point_of_interest"
    ],
    "lat": 31.6302151,
    "lng": -7.9962378,
    "cribsLikely": true,
    "place_id": "ChIJT-IyeGHurw0Rhm6WDs8-T0A",
    "address": "Derb Assehbi, Marrakesh 40000, Morocco",
    "website": "http://www.lamaisonarabe.com/",
    "phone": "+212 5243-87010",
    "google_url": "https://maps.google.com/?cid=4633991600611421830"
  },
  {
    "city": "Marrakesh, Morocco",
    "country": "Morocco",
    "name": "Locanda House, Marrakech Sidi Ghiat",
    "rating": 4.2,
    "user_ratings_total": 34,
    "price_level": null,
    "types": [
      "establishment",
      "lodging",
      "point_of_interest"
    ],
    "lat": 31.5281262,
    "lng": -7.868504599999999,
    "cribsLikely": true,
    "place_id": "ChIJH8RlcgD5rw0RhxCEPbxLE3Y",
    "address": "Srairi, Marrakesh 40000, Morocco",
    "website": "http://www.locandainternational.com/",
    "phone": "+212 669-540715",
    "google_url": "https://maps.google.com/?cid=8508227392890998919"
  },
  {
    "city": "Marrakesh, Morocco",
    "country": "Morocco",
    "name": "Hôtel Central Palace",
    "rating": 4,
    "user_ratings_total": 601,
    "price_level": null,
    "types": [
      "establishment",
      "lodging",
      "point_of_interest"
    ],
    "lat": 31.6242957,
    "lng": -7.9889212,
    "cribsLikely": true,
    "place_id": "ChIJyUET7kPurw0RN-mNIBm_sN0",
    "address": "59 Sidi Bouloukat, Marrakesh 40040, Morocco",
    "website": "https://hotelcentralpalace.morocco-ma.website/",
    "phone": "+212 5244-40235",
    "google_url": "https://maps.google.com/?cid=15974477992924408119"
  },
  {
    "city": "Marrakesh, Morocco",
    "country": "Morocco",
    "name": "Sillage palace",
    "rating": 4.7,
    "user_ratings_total": 62,
    "price_level": null,
    "types": [
      "establishment",
      "lodging",
      "point_of_interest"
    ],
    "lat": 31.6215975,
    "lng": -7.995766,
    "cribsLikely": true,
    "place_id": "ChIJrWV4LIjvrw0R8KD05Qp6yYc",
    "address": "Numéro 9, Villa, Rue Bab Jdid, Marrakech 40040, Morocco",
    "website": "http://www.lesillagepalace.com/",
    "phone": "+212 610-771275",
    "google_url": "https://maps.google.com/?cid=9784485852665389296"
  },
  {
    "city": "Marrakesh, Morocco",
    "country": "Morocco",
    "name": "Riad & Spa Dar Nimbus",
    "rating": 4.2,
    "user_ratings_total": 166,
    "price_level": null,
    "types": [
      "establishment",
      "lodging",
      "point_of_interest"
    ],
    "lat": 31.6391557,
    "lng": -7.992143700000001,
    "cribsLikely": true,
    "place_id": "ChIJxbxLWmXurw0Ro6obisL439g",
    "address": "40 Diour Jdad, Marrakesh 40000, Morocco",
    "website": "http://www.riaddarnimbus.com/",
    "phone": "+212 5243-85857",
    "google_url": "https://maps.google.com/?cid=15627482746423323299"
  },
  {
    "city": "Marrakesh, Morocco",
    "country": "Morocco",
    "name": "Riad Nomad House Marrakech",
    "rating": 4.5,
    "user_ratings_total": 13,
    "price_level": null,
    "types": [
      "establishment",
      "lodging",
      "point_of_interest"
    ],
    "lat": 31.6297525,
    "lng": -7.994736099999999,
    "cribsLikely": true,
    "place_id": "ChIJscXGQwDvrw0RLp3kVV-Tzz4",
    "address": "J2H4+W42, Rue Fatima Zahra, Marrakech 40000, Morocco",
    "website": null,
    "phone": "+212 643-058664",
    "google_url": "https://maps.google.com/?cid=4525998188202859822"
  },
  {
    "city": "Marrakesh, Morocco",
    "country": "Morocco",
    "name": "Riad Palais des Princesses & SPA",
    "rating": 4.4,
    "user_ratings_total": 441,
    "price_level": null,
    "types": [
      "establishment",
      "lodging",
      "point_of_interest"
    ],
    "lat": 31.6243316,
    "lng": -7.986370200000001,
    "cribsLikely": true,
    "place_id": "ChIJX2H8W0Hurw0RkBdsYDAzPbQ",
    "address": "41 Derb Jamaa, Riad Zitoun Qdim، Marrakech 40000, Morocco",
    "website": "http://www.palaisdesprincesses.com/",
    "phone": "+212 5243-75340",
    "google_url": "https://maps.google.com/?cid=12987593183275521936"
  },
  {
    "city": "Marrakesh, Morocco",
    "country": "Morocco",
    "name": "Savoy Le Grand Hotel Marrakech",
    "rating": 4.1,
    "user_ratings_total": 3524,
    "price_level": null,
    "types": [
      "establishment",
      "lodging",
      "point_of_interest"
    ],
    "lat": 31.6181694,
    "lng": -8.009927300000001,
    "cribsLikely": true,
    "place_id": "ChIJ79I_uPDurw0RrI3QYDSDQXY",
    "address": "Av. Prince Moulay Rachid, Marrakech 40000, Morocco",
    "website": "https://www.pickalbatros.com/savoy-le-grand-hotel-marrakech",
    "phone": "+212 5243-51000",
    "google_url": "https://maps.google.com/?cid=8521236230947507628"
  },
  {
    "city": "Marrakesh, Morocco",
    "country": "Morocco",
    "name": "Riad Le Saadien",
    "rating": 4.9,
    "user_ratings_total": 159,
    "price_level": null,
    "types": [
      "establishment",
      "lodging",
      "point_of_interest"
    ],
    "lat": 31.61265789999999,
    "lng": -7.989325,
    "cribsLikely": true,
    "place_id": "ChIJGYjCAG_vrw0RThDnUH7bfss",
    "address": "14 Derb El Arab, Marrakech 40000, Morocco",
    "website": "https://riadlesaadien.com/",
    "phone": "+212 662-634583",
    "google_url": "https://maps.google.com/?cid=14663398772334596174"
  }
]