[
  {
    "city": "Marseille, France",
    "country": "France",
    "name": "Novotel Marseille Centre Prado Vélodrome",
    "rating": 4.1,
    "user_ratings_total": 1431,
    "price_level": null,
    "types": [
      "establishment",
      "lodging",
      "point_of_interest"
    ],
    "lat": 43.2808286,
    "lng": 5.3871582,
    "cribsLikely": true,
    "place_id": "ChIJUeEyxKzAyRIRHZh5G2dbUfo",
    "address": "103 Av. du Prado, 13008 Marseille, France",
    "website": "https://all.accor.com/lien_externe.svlt?goto=fiche_hotel&code_hotel=9013&merchantid=seo-maps-FR-9013&sourceid=aw-cen&utm_medium=seo%20maps&utm_source=google%20Maps&utm_campaign=seo%20maps",
    "phone": "+33 4 91 83 10 10",
    "google_url": "https://maps.google.com/?cid=18037298480996259869"
  },
  {
    "city": "Marseille, France",
    "country": "France",
    "name": "Hôtel Mercure Marseille Canebière Vieux-Port",
    "rating": 4.3,
    "user_ratings_total": 726,
    "price_level": null,
    "types": [
      "establishment",
      "lodging",
      "point_of_interest"
    ],
    "lat": 43.2966756,
    "lng": 5.3791731,
    "cribsLikely": true,
    "place_id": "ChIJRwaL5B7ByRIRCRUi-IUiYrg",
    "address": "48 La Canebière, 13001 Marseille, France",
    "website": "https://all.accor.com/hotel/A0D3/index.fr.shtml",
    "phone": "+33 4 65 58 56 91",
    "google_url": "https://maps.google.com/?cid=13286219809485362441"
  },
  {
    "city": "Marseille, France",
    "country": "France",
    "name": "Hôtel Mercure Marseille Centre Prado Vélodrome",
    "rating": 4.3,
    "user_ratings_total": 1216,
    "price_level": null,
    "types": [
      "establishment",
      "lodging",
      "point_of_interest"
    ],
    "lat": 43.26962899999999,
    "lng": 5.388315299999999,
    "cribsLikely": true,
    "place_id": "ChIJkZFPEFrHyRIRQQRa9Q2cMSs",
    "address": "11 Av. de Mazargues, 13008 Marseille, France",
    "website": "https://all.accor.com/lien_externe.svlt?goto=fiche_hotel&code_hotel=3004&merchantid=seo-maps-FR-3004&sourceid=aw-cen&utm_medium=seo%20maps&utm_source=google%20Maps&utm_campaign=seo%20maps",
    "phone": "+33 4 96 20 37 37",
    "google_url": "https://maps.google.com/?cid=3112440401254548545"
  },
  {
    "city": "Marseille, France",
    "country": "France",
    "name": "B&B HOTEL Marseille Centre La Timone",
    "rating": 4.2,
    "user_ratings_total": 1004,
    "price_level": null,
    "types": [
      "establishment",
      "lodging",
      "point_of_interest"
    ],
    "lat": 43.2914452,
    "lng": 5.4041999,
    "cribsLikely": true,
    "place_id": "ChIJhdd4KVu_yRIRmcVZAcv1XhI",
    "address": "1-3 Chem. de l'Armée d'Afrique, 13005 Marseille, France",
    "website": "https://www.hotel-bb.com/fr/hotel/marseille-centre-la-timone?utm_source=googlemaps&utm_medium=fichehotel&utm_campaign=yext",
    "phone": "+33 890 10 67 00",
    "google_url": "https://maps.google.com/?cid=1323765592743331225"
  },
  {
    "city": "Marseille, France",
    "country": "France",
    "name": "Appart'City Classic Marseille Euromed - Appart Hôtel",
    "rating": 3,
    "user_ratings_total": 924,
    "price_level": null,
    "types": [
      "establishment",
      "lodging",
      "point_of_interest"
    ],
    "lat": 43.3148469,
    "lng": 5.3696453,
    "cribsLikely": true,
    "place_id": "ChIJ94qQdvTAyRIRawJnxvmrcwo",
    "address": "118 Rue de Ruffi 120, 13002 Marseille, France",
    "website": "https://www.appartcity.com/fr/destinations/provence-alpes-cote-d-azur/marseille/marseille-euromed.html?utm_source=google&utm_medium=mybusiness&utm_campaign=marseille-euromed",
    "phone": "+33 4 57 38 37 13",
    "google_url": "https://maps.google.com/?cid=753134651964850795"
  },
  {
    "city": "Marseille, France",
    "country": "France",
    "name": "ibis budget Marseille La Valentine",
    "rating": 3.9,
    "user_ratings_total": 954,
    "price_level": null,
    "types": [
      "establishment",
      "lodging",
      "point_of_interest"
    ],
    "lat": 43.3005811,
    "lng": 5.4747238,
    "cribsLikely": true,
    "place_id": "ChIJg9pXKZy-yRIRvJqdVg27WD0",
    "address": "149 Trav. de la Martine, 13012 Marseille, France",
    "website": "https://all.accor.com/lien_externe.svlt?goto=fiche_hotel&code_hotel=6677&merchantid=seo-maps-FR-6677&sourceid=aw-cen&utm_medium=seo%20maps&utm_source=google%20Maps&utm_campaign=seo%20maps",
    "phone": "+33 892 70 75 83",
    "google_url": "https://maps.google.com/?cid=4420488700226280124"
  },
  {
    "city": "Marseille, France",
    "country": "France",
    "name": "B&B HOTEL Marseille Bonneveine",
    "rating": 3.7,
    "user_ratings_total": 1011,
    "price_level": null,
    "types": [
      "establishment",
      "lodging",
      "point_of_interest"
    ],
    "lat": 43.24726769999999,
    "lng": 5.3901393,
    "cribsLikely": true,
    "place_id": "ChIJLYqgS3zHyRIRq5xZic8mkKo",
    "address": "8 Av. Elsa Triolet, 13008 Marseille, France",
    "website": "https://www.hotel-bb.com/fr/hotel/marseille-bonneveine?utm_source=googlemaps&utm_medium=fichehotel&utm_campaign=yext",
    "phone": "+33 892 23 31 92",
    "google_url": "https://maps.google.com/?cid=12290366055898520747"
  },
  {
    "city": "Marseille, France",
    "country": "France",
    "name": "Hotel Sofitel Marseille Vieux Port",
    "rating": 4.5,
    "user_ratings_total": 2197,
    "price_level": null,
    "types": [
      "establishment",
      "lodging",
      "point_of_interest"
    ],
    "lat": 43.2927715,
    "lng": 5.3604033,
    "cribsLikely": true,
    "place_id": "ChIJZZvz69rAyRIRW-9x7Ltefig",
    "address": "36 Bd Charles Livon, 13007 Marseille, France",
    "website": "http://sofitel.accor.com/hotels/0542?merchantid=seo-maps-FR-0542&sourceid=aw-cen&utm_source=google+Maps&utm_medium=seo+maps&utm_campaign=seo+maps&utm_term=Sofitel-Launch",
    "phone": "+33 4 91 15 59 00",
    "google_url": "https://maps.google.com/?cid=2917873769801445211"
  },
  {
    "city": "Marseille, France",
    "country": "France",
    "name": "Novotel Marseille Est Porte d'Aubagne",
    "rating": 3.8,
    "user_ratings_total": 1342,
    "price_level": null,
    "types": [
      "establishment",
      "lodging",
      "point_of_interest"
    ],
    "lat": 43.2869531,
    "lng": 5.511173299999999,
    "cribsLikely": true,
    "place_id": "ChIJpUwioGy8yRIR2CLIouZs9p8",
    "address": "184 Av. de Saint Menet, 13011 Marseille, France",
    "website": "https://all.accor.com/lien_externe.svlt?goto=fiche_hotel&code_hotel=0444&merchantid=seo-maps-FR-0444&sourceid=aw-cen&utm_medium=seo%20maps&utm_source=google%20Maps&utm_campaign=seo%20maps",
    "phone": "+33 4 91 43 90 60",
    "google_url": "https://maps.google.com/?cid=11526520034130666200"
  },
  {
    "city": "Marseille, France",
    "country": "France",
    "name": "Hôtel Marsiho by HappyCulture",
    "rating": 4.5,
    "user_ratings_total": 1994,
    "price_level": null,
    "types": [
      "establishment",
      "lodging",
      "point_of_interest",
      "storage"
    ],
    "lat": 43.2973169,
    "lng": 5.377552,
    "cribsLikely": true,
    "place_id": "ChIJz6j-YL7AyRIRea2r_UF2XYw",
    "address": "16 Cr Belsunce, 13001 Marseille, France",
    "website": "https://www.hotel-marsiho.com/fr/",
    "phone": "+33 4 91 19 04 85",
    "google_url": "https://maps.google.com/?cid=10114370363944840569"
  },
  {
    "city": "Marseille, France",
    "country": "France",
    "name": "ibis Marseille Centre Euroméd",
    "rating": 4.1,
    "user_ratings_total": 1745,
    "price_level": null,
    "types": [
      "establishment",
      "lodging",
      "point_of_interest"
    ],
    "lat": 43.308094,
    "lng": 5.3676429,
    "cribsLikely": true,
    "place_id": "ChIJJ0qt1e3AyRIRZQa7Gp7CWas",
    "address": "25 Boulevard De Dunkerque, Acces Parking Public Payant Par, Rue des Docks, 13002 Marseille, France",
    "website": "https://all.accor.com/lien_externe.svlt?goto=fiche_hotel&code_hotel=6190&merchantid=seo-maps-FR-6190&sourceid=aw-cen&utm_medium=seo%20maps&utm_source=google%20Maps&utm_campaign=seo%20maps",
    "phone": "+33 4 91 99 25 20",
    "google_url": "https://maps.google.com/?cid=12347113837722011237"
  },
  {
    "city": "Marseille, France",
    "country": "France",
    "name": "Toyoko Inn Marseille Saint Charles",
    "rating": 3.9,
    "user_ratings_total": 2293,
    "price_level": null,
    "types": [
      "establishment",
      "lodging",
      "point_of_interest"
    ],
    "lat": 43.3045128,
    "lng": 5.3742433,
    "cribsLikely": true,
    "place_id": "ChIJn2eQoZTAyRIRvymOgaPe_YE",
    "address": "25 Av. du Général Leclerc, 13003 Marseille, France",
    "website": "https://www.toyoko-inn.com/search/detail/00272?utm_source=google&utm_medium=mybusiness&utm_campaign=gt_web272",
    "phone": "+33 4 26 87 10 45",
    "google_url": "https://maps.google.com/?cid=9366887593835112895"
  }
]