[
  {
    "city": "Melbourne, Australia",
    "country": "Australia",
    "name": "Veriu Queen Victoria Market",
    "rating": 4.6,
    "user_ratings_total": 331,
    "price_level": null,
    "types": [
      "establishment",
      "lodging",
      "point_of_interest"
    ],
    "lat": -37.8075003,
    "lng": 144.9588064,
    "cribsLikely": true,
    "place_id": "ChIJuYHvFQ9d1moRl3PHO7kJRYg",
    "address": "91/101 Therry St, Melbourne VIC 3000, Australia",
    "website": "https://veriu.com.au/hotels/veriu-queen-victoria-market/",
    "phone": "+61 3 9100 4600",
    "google_url": "https://maps.google.com/?cid=9819265253727761303"
  },
  {
    "city": "Melbourne, Australia",
    "country": "Australia",
    "name": "Atlantis Hotel",
    "rating": 4,
    "user_ratings_total": 2571,
    "price_level": null,
    "types": [
      "establishment",
      "lodging",
      "point_of_interest"
    ],
    "lat": -37.8136041,
    "lng": 144.9518625,
    "cribsLikely": true,
    "place_id": "ChIJl3kMNE9d1moRgFaMekXmecU",
    "address": "300 Spencer St, Melbourne VIC 3000, Australia",
    "website": "http://www.atlantishotel.com.au/",
    "phone": "+61 3 9600 2900",
    "google_url": "https://maps.google.com/?cid=14229657683736942208"
  },
  {
    "city": "Melbourne, Australia",
    "country": "Australia",
    "name": "Melbourne City Apartment Hotel",
    "rating": 4.8,
    "user_ratings_total": 497,
    "price_level": null,
    "types": [
      "establishment",
      "lodging",
      "point_of_interest"
    ],
    "lat": -37.8101545,
    "lng": 144.9479196,
    "cribsLikely": true,
    "place_id": "ChIJFQSwUUZd1moRqoABCnV5IIU",
    "address": "221 Rosslyn St, West Melbourne VIC 3003, Australia",
    "website": "https://www.melbournecityapartmenthotel.com/",
    "phone": "+61 3 9966 1100",
    "google_url": "https://maps.google.com/?cid=9592800749885161642"
  },
  {
    "city": "Melbourne, Australia",
    "country": "Australia",
    "name": "Quest NewQuay, Docklands",
    "rating": 4.6,
    "user_ratings_total": 1167,
    "price_level": null,
    "types": [
      "establishment",
      "lodging",
      "point_of_interest"
    ],
    "lat": -37.8140377,
    "lng": 144.9407744,
    "cribsLikely": true,
    "place_id": "ChIJGyg0lMZd1moRVm_0w5Cc28A",
    "address": "26 Caravel Ln, Docklands VIC 3008, Australia",
    "website": "https://www.questapartments.com.au/properties/vic/docklands/quest-newquay/overview",
    "phone": "+61 3 9070 8000",
    "google_url": "https://maps.google.com/?cid=13896873220758597462"
  },
  {
    "city": "Melbourne, Australia",
    "country": "Australia",
    "name": "Clarion Apartments South Melbourne",
    "rating": 3.5,
    "user_ratings_total": 151,
    "price_level": null,
    "types": [
      "establishment",
      "lodging",
      "point_of_interest"
    ],
    "lat": -37.8347333,
    "lng": 144.9696818,
    "cribsLikely": true,
    "place_id": "ChIJDde7YAJo1moRiQghiPWkNb8",
    "address": "51-59 Palmerston Cres, South Melbourne VIC 3205, Australia",
    "website": "https://www.choicehotels.com/en-au/victoria/south-melbourne/clarion-hotels/au992?mc=llgoxxap",
    "phone": "+61 3 9957 4888",
    "google_url": "https://maps.google.com/?cid=13778100009467709577"
  },
  {
    "city": "Melbourne, Australia",
    "country": "Australia",
    "name": "Oaks Melbourne on Collins Suites",
    "rating": 3.5,
    "user_ratings_total": 1665,
    "price_level": null,
    "types": [
      "establishment",
      "lodging",
      "point_of_interest"
    ],
    "lat": -37.8176176,
    "lng": 144.9579154,
    "cribsLikely": true,
    "place_id": "ChIJoeO3rE1d1moRbD8PxSRoaa0",
    "address": "480 Collins St, Melbourne VIC 3000, Australia",
    "website": "https://www.oakshotels.com/en/oaks-on-collins?utm_description=GoogleMyBusiness&utm_campaign=GMBCollins&utm_source=GoogleMyBusiness&utm_medium=GMBCollins",
    "phone": "+61 3 8610 6444",
    "google_url": "https://maps.google.com/?cid=12495633148250373996"
  },
  {
    "city": "Melbourne, Australia",
    "country": "Australia",
    "name": "Tolarno Hotel",
    "rating": 3.9,
    "user_ratings_total": 401,
    "price_level": null,
    "types": [
      "establishment",
      "lodging",
      "point_of_interest"
    ],
    "lat": -37.860229,
    "lng": 144.976074,
    "cribsLikely": true,
    "place_id": "ChIJBzMH625o1moRSI1LqUHSzps",
    "address": "42 Fitzroy St, St Kilda VIC 3182, Australia",
    "website": "https://www.tolarnohotel.com/?utm_source=google&utm_medium=organic&utm_campaign=gmb",
    "phone": "+61 3 9537 0200",
    "google_url": "https://maps.google.com/?cid=11227142100536233288"
  },
  {
    "city": "Melbourne, Australia",
    "country": "Australia",
    "name": "ibis Melbourne Central",
    "rating": 4.3,
    "user_ratings_total": 1251,
    "price_level": null,
    "types": [
      "establishment",
      "lodging",
      "point_of_interest"
    ],
    "lat": -37.812047,
    "lng": 144.9602102,
    "cribsLikely": true,
    "place_id": "ChIJrfYQukhd1moRnmofhxAr0L0",
    "address": "399 Little Lonsdale St, Melbourne VIC 3000, Australia",
    "website": "https://all.accor.com/lien_externe.svlt?goto=fiche_hotel&code_hotel=A0E4&merchantid=seo-maps-AU-A0E4&sourceid=aw-cen&utm_medium=seo%20maps&utm_source=google%20Maps&utm_campaign=seo%20maps",
    "phone": "+61 3 9929 8888",
    "google_url": "https://maps.google.com/?cid=13677479418310650526"
  },
  {
    "city": "Melbourne, Australia",
    "country": "Australia",
    "name": "Quest Collingwood",
    "rating": 4.8,
    "user_ratings_total": 108,
    "price_level": null,
    "types": [
      "establishment",
      "lodging",
      "point_of_interest"
    ],
    "lat": -37.806075,
    "lng": 144.985948,
    "cribsLikely": true,
    "place_id": "ChIJk0k4koxD1moRlqGOsIhPmuY",
    "address": "79/85 Wellington St, Collingwood VIC 3066, Australia",
    "website": "https://www.questapartments.com.au/properties/vic/collingwood/quest-collingwood",
    "phone": "+61 3 9967 7000",
    "google_url": "https://maps.google.com/?cid=16616681223633150358"
  },
  {
    "city": "Melbourne, Australia",
    "country": "Australia",
    "name": "Pullman Melbourne Albert Park",
    "rating": 4,
    "user_ratings_total": 2299,
    "price_level": null,
    "types": [
      "establishment",
      "lodging",
      "point_of_interest"
    ],
    "lat": -37.8497703,
    "lng": 144.9787043,
    "cribsLikely": true,
    "place_id": "ChIJgQd7sRZo1moRoFmjC-P7uQU",
    "address": "65 Queens Rd, Albert Park VIC 3004, Australia",
    "website": "https://all.accor.com/hotel/8788/index.en.shtml",
    "phone": "+61 3 9529 4300",
    "google_url": "https://maps.google.com/?cid=412637793452513696"
  },
  {
    "city": "Melbourne, Australia",
    "country": "Australia",
    "name": "Bounce Melbourne",
    "rating": 4.7,
    "user_ratings_total": 580,
    "price_level": null,
    "types": [
      "establishment",
      "lodging",
      "point_of_interest"
    ],
    "lat": -37.8176923,
    "lng": 144.9660972,
    "cribsLikely": true,
    "place_id": "ChIJFz8E6j5D1moRyqjLtAMXJj4",
    "address": "250 Flinders St, Melbourne VIC 3000, Australia",
    "website": "https://staybounce.com/locations/melbourne",
    "phone": "+61 422 716 090",
    "google_url": "https://maps.google.com/?cid=4478292184152123594"
  },
  {
    "city": "Melbourne, Australia",
    "country": "Australia",
    "name": "Brady Hotels Central Melbourne",
    "rating": 4.3,
    "user_ratings_total": 1751,
    "price_level": null,
    "types": [
      "establishment",
      "lodging",
      "point_of_interest"
    ],
    "lat": -37.8091589,
    "lng": 144.9626744,
    "cribsLikely": true,
    "place_id": "ChIJNS22KMtC1moRQDc1CceIORY",
    "address": "30 Little La Trobe St, Melbourne VIC 3000, Australia",
    "website": "https://www.bradyhotels.com.au/central-melbourne/",
    "phone": "+61 3 9650 9888",
    "google_url": "https://maps.google.com/?cid=1601461530941273920"
  }
]