[
  {
    "city": "Mexico City, Mexico",
    "country": "Mexico",
    "name": "Mexico City Marriott Reforma Hotel",
    "rating": 4.6,
    "user_ratings_total": 9567,
    "price_level": null,
    "types": [
      "establishment",
      "lodging",
      "point_of_interest"
    ],
    "lat": 19.4280191,
    "lng": -99.1642669,
    "cribsLikely": true,
    "place_id": "ChIJtTbjTzT_0YUR83ioSThrV-w",
    "address": "Av. P.º de la Reforma 276, Juárez, Cuauhtémoc, 06600 Ciudad de México, CDMX, Mexico",
    "website": "https://www.marriott.com/en-us/hotels/mexmc-mexico-city-marriott-reforma-hotel/overview/?scid=f2ae0541-1279-4f24-b197-a979c79310b0",
    "phone": "+52 55 1102 7030",
    "google_url": "https://maps.google.com/?cid=17030198405422938355"
  },
  {
    "city": "Mexico City, Mexico",
    "country": "Mexico",
    "name": "Fiesta Americana Reforma",
    "rating": 4.5,
    "user_ratings_total": 19726,
    "price_level": null,
    "types": [
      "establishment",
      "lodging",
      "point_of_interest"
    ],
    "lat": 19.4324395,
    "lng": -99.15481849999999,
    "cribsLikely": true,
    "place_id": "ChIJgcvk0eEA0oURENHswHP5TbA",
    "address": "Av. P.º de la Reforma 80, Juárez, Cuauhtémoc, 06600 Ciudad de México, CDMX, Mexico",
    "website": "https://www.fiestamericana.com/hoteles-y-resorts/fiesta-americana-reforma-ciudad-de-mexico",
    "phone": "+52 55 5140 4100",
    "google_url": "https://maps.google.com/?cid=12704084399435338000"
  },
  {
    "city": "Mexico City, Mexico",
    "country": "Mexico",
    "name": "Four Seasons Hotel Mexico City",
    "rating": 4.7,
    "user_ratings_total": 10821,
    "price_level": null,
    "types": [
      "establishment",
      "lodging",
      "point_of_interest",
      "spa"
    ],
    "lat": 19.4232659,
    "lng": -99.17437129999999,
    "cribsLikely": true,
    "place_id": "ChIJAWi27E7_0YURT_5T_lCrv2A",
    "address": "Av. P.º de la Reforma 500, Juárez, Cuauhtémoc, 06600 Ciudad de México, CDMX, Mexico",
    "website": "https://www.fourseasons.com/mexico/?utm_source=google&utm_medium=organicsearch&utm_campaign=tor-mex-hre-mid-seo-na&utm_content=na-na&utm_term=na",
    "phone": "+52 55 5230 1818",
    "google_url": "https://maps.google.com/?cid=6971479112545467983"
  },
  {
    "city": "Mexico City, Mexico",
    "country": "Mexico",
    "name": "Sheraton Mexico City Maria Isabel Hotel",
    "rating": 4.5,
    "user_ratings_total": 12072,
    "price_level": null,
    "types": [
      "establishment",
      "lodging",
      "point_of_interest"
    ],
    "lat": 19.4279395,
    "lng": -99.16712749999999,
    "cribsLikely": true,
    "place_id": "ChIJj6zBkTX_0YURD6CQ-amXLbw",
    "address": "Av. P.º de la Reforma 325, Cuauhtémoc, 06500 Ciudad de México, CDMX, Mexico",
    "website": "https://www.marriott.com/en-us/hotels/mexis-sheraton-mexico-city-maria-isabel-hotel/overview/?scid=f2ae0541-1279-4f24-b197-a979c79310b0",
    "phone": "+52 55 5242 5555",
    "google_url": "https://maps.google.com/?cid=13559660809374703631"
  },
  {
    "city": "Mexico City, Mexico",
    "country": "Mexico",
    "name": "Gran Hotel Ciudad de México",
    "rating": 4.6,
    "user_ratings_total": 10171,
    "price_level": null,
    "types": [
      "establishment",
      "lodging",
      "point_of_interest"
    ],
    "lat": 19.4321847,
    "lng": -99.1346157,
    "cribsLikely": true,
    "place_id": "ChIJQRMdGVcBzoURTPsEkZCr5tY",
    "address": "16 de Septiembre 82, Centro Histórico de la Cdad. de México, Centro, Cuauhtémoc, 06000 Ciudad de México, CDMX, Mexico",
    "website": "https://www.granhoteldelaciudaddemexico.com.mx/?utm_source=My%20business%20Google&utm_medium=cpc&utm_campaign=Clics%20Google%20mybusiness",
    "phone": "+52 55 1083 7700",
    "google_url": "https://maps.google.com/?cid=15485253006156692300"
  },
  {
    "city": "Mexico City, Mexico",
    "country": "Mexico",
    "name": "DOWNTOWN MEXICO HOTEL",
    "rating": 4.4,
    "user_ratings_total": 384,
    "price_level": null,
    "types": [
      "establishment",
      "lodging",
      "point_of_interest"
    ],
    "lat": 19.4329306,
    "lng": -99.136213,
    "cribsLikely": true,
    "place_id": "ChIJ9TvPydUczoURtD9zTqdTor8",
    "address": "Isabel La Católica 30, Centro Histórico de la Cdad. de México, Centro, Cuauhtémoc, 06000 Ciudad de México, CDMX, Mexico",
    "website": "https://www.downtownmexico.com/",
    "phone": "+52 55 5130 6830",
    "google_url": "https://maps.google.com/?cid=13808691385512181684"
  },
  {
    "city": "Mexico City, Mexico",
    "country": "Mexico",
    "name": "Alojamientos México Lindo",
    "rating": 4.3,
    "user_ratings_total": 203,
    "price_level": null,
    "types": [
      "establishment",
      "lodging",
      "point_of_interest"
    ],
    "lat": 19.4195373,
    "lng": -99.06312559999999,
    "cribsLikely": true,
    "place_id": "ChIJIahivP390YURYupOFD6r_pQ",
    "address": "Patricia Juárez 4 Col, Agrícola Pantitlán, Iztacalco, 08100 Ciudad de México, CDMX, Mexico",
    "website": null,
    "phone": "+52 56 2771 5226",
    "google_url": "https://maps.google.com/?cid=10736206844814879330"
  },
  {
    "city": "Mexico City, Mexico",
    "country": "Mexico",
    "name": "Hotel Seoul",
    "rating": 3.9,
    "user_ratings_total": 1223,
    "price_level": null,
    "types": [
      "establishment",
      "lodging",
      "point_of_interest"
    ],
    "lat": 19.4370499,
    "lng": -99.12145869999999,
    "cribsLikely": true,
    "place_id": "ChIJKVWzdDT50YUREW32d9PJdmk",
    "address": "Lecumberri 79, Zona Centro, Venustiano Carranza, 15100 Ciudad de México, CDMX, Mexico",
    "website": null,
    "phone": "+52 55 5702 1024",
    "google_url": "https://maps.google.com/?cid=7599483331322211601"
  },
  {
    "city": "Mexico City, Mexico",
    "country": "Mexico",
    "name": "Hotel Emporio Ciudad de México",
    "rating": 4.5,
    "user_ratings_total": 7663,
    "price_level": null,
    "types": [
      "establishment",
      "food",
      "lodging",
      "point_of_interest",
      "restaurant"
    ],
    "lat": 19.431544,
    "lng": -99.1569341,
    "cribsLikely": true,
    "place_id": "ChIJbYeuqDL_0YURf_lcTlvuaF0",
    "address": "Av. P.º de la Reforma 124, Juárez, Cuauhtémoc, 06600 Ciudad de México, CDMX, Mexico",
    "website": "https://hotelesemporio.com/hoteles/emporio-ciudad-de-mexico/?partner=10956&utm_source=google&utm_medium=organic&utm_campaign=MyBusiness",
    "phone": "+52 55 5128 1128",
    "google_url": "https://maps.google.com/?cid=6730891719029356927"
  },
  {
    "city": "Mexico City, Mexico",
    "country": "Mexico",
    "name": "Hotel Galería Plaza Reforma",
    "rating": 4.5,
    "user_ratings_total": 7220,
    "price_level": null,
    "types": [
      "establishment",
      "lodging",
      "point_of_interest"
    ],
    "lat": 19.4248571,
    "lng": -99.1678977,
    "cribsLikely": true,
    "place_id": "ChIJIeLwvEn_0YURWaGuTUKIEho",
    "address": "Hamburgo 195, Juárez, Cuauhtémoc, 06600 Cuauhtémoc, CDMX, Mexico",
    "website": "https://www.galeriaplazahotels.com.mx/es/reforma/",
    "phone": "+52 55 5230 1717",
    "google_url": "https://maps.google.com/?cid=1878713812919427417"
  },
  {
    "city": "Mexico City, Mexico",
    "country": "Mexico",
    "name": "Hilton Mexico City Reforma",
    "rating": 4.7,
    "user_ratings_total": 19375,
    "price_level": null,
    "types": [
      "establishment",
      "lodging",
      "point_of_interest"
    ],
    "lat": 19.4345298,
    "lng": -99.14619839999999,
    "cribsLikely": true,
    "place_id": "ChIJpXG3CjXKOoQRiUtJrZVnNsw",
    "address": "Av. Juarez 70, Colonia Centro, Centro, Cuauhtémoc, 06010 Ciudad de México, CDMX, Mexico",
    "website": "https://www.hilton.com/en/hotels/mexrfhh-hilton-mexico-city-reforma/?SEO_id=GMB-AMER-HH-MEXRFHH&y_source=1_MTIxNjk1MjItNzE1LWxvY2F0aW9uLndlYnNpdGU%3D",
    "phone": "+52 55 5130 5300",
    "google_url": "https://maps.google.com/?cid=14715062725034724233"
  },
  {
    "city": "Mexico City, Mexico",
    "country": "Mexico",
    "name": "Zócalo Central Hotel",
    "rating": 4.6,
    "user_ratings_total": 5395,
    "price_level": null,
    "types": [
      "establishment",
      "lodging",
      "point_of_interest"
    ],
    "lat": 19.4338384,
    "lng": -99.134525,
    "cribsLikely": true,
    "place_id": "ChIJN8s1qDL50YURX4BZqxwCoWA",
    "address": "Av. 5 de Mayo 61 Cuauhtémoc, Centro Histórico de la Cdad. de México, Centro, Cuauhtémoc, 06000 Ciudad de México, CDMX, Mexico",
    "website": "https://www.centralhoteles.com/es/zocalo-central-inicio/?partner=9506utm_source=google&utm_medium=organic&utm_campaign=MyBusiness&utm",
    "phone": "+52 55 5130 5130",
    "google_url": "https://maps.google.com/?cid=6962848821048606815"
  }
]