[
  {
    "city": "Milan, Italy",
    "country": "Italy",
    "name": "iH Hotels Milano Lorenteggio",
    "rating": 4,
    "user_ratings_total": 1869,
    "price_level": null,
    "types": [
      "establishment",
      "lodging",
      "point_of_interest"
    ],
    "lat": 45.4442627,
    "lng": 9.116121699999999,
    "cribsLikely": true,
    "place_id": "ChIJSVr-eUfChkcRJHZEZ2v4lHM",
    "address": "Via Lorenteggio, 278, 20152 Milano MI, Italy",
    "website": "https://www.ih-hotels.com/it/i-nostri-aberghi/milano/ih-hotels-milano-lorenteggio.html?utm_source=google&utm_medium=organic&utm_campaign=gmb",
    "phone": "+39 02 413111",
    "google_url": "https://maps.google.com/?cid=8328554751092618788"
  },
  {
    "city": "Milan, Italy",
    "country": "Italy",
    "name": "Hotel ibis Milano Centro",
    "rating": 3.9,
    "user_ratings_total": 7834,
    "price_level": null,
    "types": [
      "establishment",
      "food",
      "lodging",
      "point_of_interest",
      "restaurant"
    ],
    "lat": 45.47839,
    "lng": 9.2016908,
    "cribsLikely": true,
    "place_id": "ChIJG5wkscfGhkcRxl6WAL7Vp3I",
    "address": "Cin: It015146a12holv2mz, Via Camillo Finocchiaro Aprile, 2, 20124 Milano MI, Italy",
    "website": "https://all.accor.com/lien_externe.svlt?goto=fiche_hotel&code_hotel=0933&merchantid=seo-maps-IT-0933&sourceid=aw-cen&utm_medium=seo%20maps&utm_source=google%20Maps&utm_campaign=seo%20maps",
    "phone": "+39 02 63151",
    "google_url": "https://maps.google.com/?cid=8261807053464821446"
  },
  {
    "city": "Milan, Italy",
    "country": "Italy",
    "name": "Hotel Da Vinci",
    "rating": 4,
    "user_ratings_total": 7391,
    "price_level": null,
    "types": [
      "establishment",
      "lodging",
      "point_of_interest"
    ],
    "lat": 45.5331939,
    "lng": 9.1710613,
    "cribsLikely": true,
    "place_id": "ChIJ-UpbTPLGhkcRnvbwaQsqU9g",
    "address": "Via Senigallia, 6, 20161 Milano MI, Italy",
    "website": "https://www.hoteldavincimilano.it/",
    "phone": "+39 02 8399 3000",
    "google_url": "https://maps.google.com/?cid=15587848963769824926"
  },
  {
    "city": "Milan, Italy",
    "country": "Italy",
    "name": "Hyatt Centric Milan Centrale",
    "rating": 4.3,
    "user_ratings_total": 1854,
    "price_level": null,
    "types": [
      "establishment",
      "lodging",
      "point_of_interest"
    ],
    "lat": 45.4842372,
    "lng": 9.1986942,
    "cribsLikely": true,
    "place_id": "ChIJmQ-wUs7GhkcRtPn07AWtMLQ",
    "address": "Via Giovanni Battista Pirelli, 20, 20124 Milano MI, Italy",
    "website": "https://www.hyatt.com/hyatt-centric/en-US/mxpct-hyatt-centric-milan-centrale?src=corp_lclb_google_seo_mxpct&utm_source=google&utm_medium=organic&utm_campaign=lmr",
    "phone": "+39 02 8989 1234",
    "google_url": "https://maps.google.com/?cid=12984067966671059380"
  },
  {
    "city": "Milan, Italy",
    "country": "Italy",
    "name": "Corte Milano",
    "rating": 4.6,
    "user_ratings_total": 186,
    "price_level": null,
    "types": [
      "establishment",
      "lodging",
      "point_of_interest"
    ],
    "lat": 45.3770237,
    "lng": 9.169628999999999,
    "cribsLikely": true,
    "place_id": "ChIJdYaFQWnbhkcR0M36XrKjeFA",
    "address": "Via Alessandro Manzoni, 7/A, 20089 Rozzano MI, Italy",
    "website": "http://www.cortemilano.it/",
    "phone": "+39 02 8920 0705",
    "google_url": "https://maps.google.com/?cid=5798564506732514768"
  },
  {
    "city": "Milan, Italy",
    "country": "Italy",
    "name": "Crowne Plaza Milan City, an IHG Hotel",
    "rating": 4.4,
    "user_ratings_total": 1425,
    "price_level": null,
    "types": [
      "establishment",
      "lodging",
      "point_of_interest"
    ],
    "lat": 45.4896413,
    "lng": 9.2006944,
    "cribsLikely": true,
    "place_id": "ChIJ14Dg2NDGhkcRj1DJtWLLxO4",
    "address": "Via Melchiorre Gioia, 73, 20124 Milano MI, Italy",
    "website": "https://cpmilancity.com/",
    "phone": "+39 02 6671 7715",
    "google_url": "https://maps.google.com/?cid=17205100101279240335"
  },
  {
    "city": "Milan, Italy",
    "country": "Italy",
    "name": "Combo, Milano",
    "rating": 4.3,
    "user_ratings_total": 1983,
    "price_level": null,
    "types": [
      "bar",
      "establishment",
      "food",
      "lodging",
      "point_of_interest",
      "restaurant"
    ],
    "lat": 45.4497584,
    "lng": 9.1668972,
    "cribsLikely": true,
    "place_id": "ChIJyZwJyJ_DhkcRlIls7CbkBVc",
    "address": "Ripa di Porta Ticinese, 83, 20143 Milano MI, Italy",
    "website": "https://thisiscombo.com/location/milano/",
    "phone": "+39 02 3668 0930",
    "google_url": "https://maps.google.com/?cid=6270668912009709972"
  },
  {
    "city": "Milan, Italy",
    "country": "Italy",
    "name": "Starhotels Business Palace",
    "rating": 4,
    "user_ratings_total": 2899,
    "price_level": null,
    "types": [
      "establishment",
      "lodging",
      "point_of_interest"
    ],
    "lat": 45.43773909999999,
    "lng": 9.2311791,
    "cribsLikely": true,
    "place_id": "ChIJQ5dyZ8jFhkcRjPJi3Wk6_Dg",
    "address": "Via Privata Pietro Gaggia, 3, 20139 Milano MI, Italy",
    "website": "http://www.starhotels.com/en/our-hotels/business-palace-milan/",
    "phone": "+39 02 535451",
    "google_url": "https://maps.google.com/?cid=4106221186615276172"
  },
  {
    "city": "Milan, Italy",
    "country": "Italy",
    "name": "Park Hyatt Milan",
    "rating": 4.7,
    "user_ratings_total": 1569,
    "price_level": null,
    "types": [
      "establishment",
      "lodging",
      "point_of_interest"
    ],
    "lat": 45.4652874,
    "lng": 9.188870099999999,
    "cribsLikely": true,
    "place_id": "ChIJ9UXYzq3GhkcRdOypx8zxtS0",
    "address": "V. Tommaso Grossi, 1, 20121 Milano MI, Italy",
    "website": "https://www.hyatt.com/en-US/hotel/italy/park-hyatt-milan/milph?src=corp_lclb_google_seo_milph&utm_source=google&utm_medium=organic&utm_campaign=lmr",
    "phone": "+39 02 8821 1234",
    "google_url": "https://maps.google.com/?cid=3293804564316810356"
  },
  {
    "city": "Milan, Italy",
    "country": "Italy",
    "name": "Amedia Milan",
    "rating": 4.2,
    "user_ratings_total": 898,
    "price_level": null,
    "types": [
      "establishment",
      "lodging",
      "point_of_interest"
    ],
    "lat": 45.4483375,
    "lng": 9.118918400000002,
    "cribsLikely": true,
    "place_id": "ChIJTx2e6TnChkcR1znkcWHFrrk",
    "address": "Via Bisceglie, 96, 20152 Milano MI, Italy",
    "website": "https://www.wyndhamhotels.com/trademark/milano-italy/amedia-milan-trademark-collection/overview?CID=LC:4d7auublw4ufaga:57365&iata=00093796",
    "phone": "+39 02 8295 4020",
    "google_url": "https://maps.google.com/?cid=13379848565277604311"
  },
  {
    "city": "Milan, Italy",
    "country": "Italy",
    "name": "Milan Guest House",
    "rating": 3.5,
    "user_ratings_total": 34,
    "price_level": null,
    "types": [
      "establishment",
      "lodging",
      "point_of_interest"
    ],
    "lat": 45.4329263,
    "lng": 9.2386407,
    "cribsLikely": true,
    "place_id": "ChIJC-GvJr_FhkcRxIlaYvHTeGI",
    "address": "Via Giovanni Battista Cassinis, 76, 20139 Milano MI, Italy",
    "website": "http://milanguesthouse.it/",
    "phone": "+39 327 017 7945",
    "google_url": "https://maps.google.com/?cid=7095654246612896196"
  },
  {
    "city": "Milan, Italy",
    "country": "Italy",
    "name": "Babila Hostel & Bistrot",
    "rating": 4.3,
    "user_ratings_total": 1126,
    "price_level": null,
    "types": [
      "establishment",
      "food",
      "lodging",
      "point_of_interest",
      "restaurant"
    ],
    "lat": 45.4641762,
    "lng": 9.2033386,
    "cribsLikely": true,
    "place_id": "ChIJc_WMQKPGhkcRaMbDjVkb1qg",
    "address": "Via Conservatorio, 2/A, 20122 Milano MI, Italy",
    "website": "http://www.babilahostel.it/",
    "phone": "+39 02 3658 8491",
    "google_url": "https://maps.google.com/?cid=12165941514832430696"
  }
]