[
  {
    "city": "Munich, Germany",
    "country": "Germany",
    "name": "Hotel ANDRA München",
    "rating": 4.2,
    "user_ratings_total": 432,
    "price_level": null,
    "types": [
      "establishment",
      "lodging",
      "point_of_interest"
    ],
    "lat": 48.135454,
    "lng": 11.5583781,
    "cribsLikely": true,
    "place_id": "ChIJj_Xy_vh1nkcReg0SJTkTsN4",
    "address": "Goethestraße 38, 80336 München, Germany",
    "website": "http://www.hotelandra.de/",
    "phone": "+49 89 552139680",
    "google_url": "https://maps.google.com/?cid=16046346608477080954"
  },
  {
    "city": "Munich, Germany",
    "country": "Germany",
    "name": "Novotel Muenchen City Arnulfpark",
    "rating": 4.5,
    "user_ratings_total": 2585,
    "price_level": null,
    "types": [
      "establishment",
      "lodging",
      "point_of_interest"
    ],
    "lat": 48.1454917,
    "lng": 11.5389985,
    "cribsLikely": true,
    "place_id": "ChIJGRD2QAd2nkcRva4pBLuKlg4",
    "address": "Arnulfstraße 57, 80636 München, Germany",
    "website": "https://all.accor.com/lien_externe.svlt?goto=fiche_hotel&code_hotel=8866&merchantid=seo-maps-DE-8866&sourceid=aw-cen&utm_medium=seo%20maps&utm_source=google%20Maps&utm_campaign=seo%20maps",
    "phone": "+49 89 2420780",
    "google_url": "https://maps.google.com/?cid=1051180098870947517"
  },
  {
    "city": "Munich, Germany",
    "country": "Germany",
    "name": "Lion Homestay Munich - Private Unterkunft / Pension München",
    "rating": 5,
    "user_ratings_total": 62,
    "price_level": null,
    "types": [
      "establishment",
      "lodging",
      "point_of_interest"
    ],
    "lat": 48.1117917,
    "lng": 11.5085582,
    "cribsLikely": true,
    "place_id": "ChIJqad9fejYnUcRaO8V0KgOWwM",
    "address": "Kederbacherstraße 39, 81377 München, Germany",
    "website": "https://www.lionhomestay.de/",
    "phone": "+49 89 74141700",
    "google_url": "https://maps.google.com/?cid=241803123202846568"
  },
  {
    "city": "Munich, Germany",
    "country": "Germany",
    "name": "Wombat's City Hostel Munich Hauptbahnhof",
    "rating": 4.3,
    "user_ratings_total": 2847,
    "price_level": null,
    "types": [
      "bar",
      "establishment",
      "lodging",
      "point_of_interest"
    ],
    "lat": 48.138836,
    "lng": 11.5604111,
    "cribsLikely": true,
    "place_id": "ChIJqR-Ds_l1nkcRXfH-ceeMSzA",
    "address": "Senefelderstraße 1, 80336 München, Germany",
    "website": "https://www.wombats-hostels.com/munich/munich-hauptbahnhof",
    "phone": "+49 89 59989180",
    "google_url": "https://maps.google.com/?cid=3480030062751707485"
  },
  {
    "city": "Munich, Germany",
    "country": "Germany",
    "name": "Brera Serviced Apartments München West",
    "rating": 4.6,
    "user_ratings_total": 147,
    "price_level": null,
    "types": [
      "establishment",
      "lodging",
      "point_of_interest"
    ],
    "lat": 48.1355574,
    "lng": 11.5239444,
    "cribsLikely": true,
    "place_id": "ChIJ75Sur8V1nkcRP3CLx8v5x3w",
    "address": "Westendstraße 170, 80686 München, Germany",
    "website": "https://brera.de/serviced-apartments-muenchen/west/?utm_source=google&utm_medium=local&utm_campaign=google-local",
    "phone": "+49 89 309087880",
    "google_url": "https://maps.google.com/?cid=8991429834689966143"
  },
  {
    "city": "Munich, Germany",
    "country": "Germany",
    "name": "Hotel Laimer Hof",
    "rating": 4.5,
    "user_ratings_total": 651,
    "price_level": null,
    "types": [
      "establishment",
      "lodging",
      "point_of_interest"
    ],
    "lat": 48.1534174,
    "lng": 11.504444,
    "cribsLikely": true,
    "place_id": "ChIJoRyy6zJ2nkcRUJV8qEfo1Eg",
    "address": "Laimer Str. 40, 80639 München, Germany",
    "website": "https://www.hotellaimerhof.de/",
    "phone": "+49 89 1780380",
    "google_url": "https://maps.google.com/?cid=5248074860260529488"
  },
  {
    "city": "Munich, Germany",
    "country": "Germany",
    "name": "Boutique Hotel Atrium München",
    "rating": 4.3,
    "user_ratings_total": 1339,
    "price_level": null,
    "types": [
      "establishment",
      "lodging",
      "point_of_interest"
    ],
    "lat": 48.1362123,
    "lng": 11.5573526,
    "cribsLikely": true,
    "place_id": "ChIJ8R1gL1bfnUcRio_5ojwKOPY",
    "address": "Landwehrstraße 59, 80336 München, Germany",
    "website": "http://www.atrium-hotel.de/",
    "phone": "+49 89 514190",
    "google_url": "https://maps.google.com/?cid=17741941987574648714"
  },
  {
    "city": "Munich, Germany",
    "country": "Germany",
    "name": "Apartimo München-Unterhaching",
    "rating": 4.3,
    "user_ratings_total": 76,
    "price_level": null,
    "types": [
      "establishment",
      "lodging",
      "point_of_interest"
    ],
    "lat": 48.05670749999999,
    "lng": 11.6097962,
    "cribsLikely": true,
    "place_id": "ChIJzfzg7_3fnUcRgTwktH3Jxfc",
    "address": "Grünwalder Weg 10b, 82008 Unterhaching, Germany",
    "website": "http://www.apartimo.de/",
    "phone": "+49 89 66557774",
    "google_url": "https://maps.google.com/?cid=17853897839510568065"
  },
  {
    "city": "Munich, Germany",
    "country": "Germany",
    "name": "Holiday Inn Munich - Unterhaching",
    "rating": 4.3,
    "user_ratings_total": 1931,
    "price_level": null,
    "types": [
      "establishment",
      "lodging",
      "point_of_interest"
    ],
    "lat": 48.0554435,
    "lng": 11.6086696,
    "cribsLikely": true,
    "place_id": "ChIJEQDRdQbenUcR2d6NLqUm9t0",
    "address": "Inselkammerstraße 7-9, 82008 Unterhaching, Germany",
    "website": "https://www.ihg.com/holidayinn/hotels/gb/en/unterhaching/mucgc/hoteldetail?cm_mmc=GoogleMaps-_-HI-_-DE-_-MUCGC",
    "phone": "+49 6669 10",
    "google_url": "https://maps.google.com/?cid=15994013617545404121"
  },
  {
    "city": "Munich, Germany",
    "country": "Germany",
    "name": "MEININGER Hotel München Zentrum",
    "rating": 3.6,
    "user_ratings_total": 2587,
    "price_level": null,
    "types": [
      "establishment",
      "lodging",
      "point_of_interest"
    ],
    "lat": 48.1396855,
    "lng": 11.544977,
    "cribsLikely": true,
    "place_id": "ChIJN-wkvQF2nkcRFY1Hn9J3q64",
    "address": "Landsberger Str. 20b, 80339 München, Germany",
    "website": "https://www.meininger-hotels.com/en/hotels/munich/hotel-munich-city-center/?utm_source=gmb&utm_medium=referral&utm_campaign=MUN-LS&utm_content=website",
    "phone": null,
    "google_url": "https://maps.google.com/?cid=12586285330116087061"
  },
  {
    "city": "Munich, Germany",
    "country": "Germany",
    "name": "MEININGER Hotel München Olympiapark",
    "rating": 3.7,
    "user_ratings_total": 3157,
    "price_level": null,
    "types": [
      "establishment",
      "lodging",
      "point_of_interest"
    ],
    "lat": 48.1647927,
    "lng": 11.538395,
    "cribsLikely": true,
    "place_id": "ChIJ__-_aml2nkcRjtRmpW6wxvU",
    "address": "Landshuter Allee 174, 80637 München, Germany",
    "website": "https://www.meininger-hotels.com/en/hotels/munich/hotel-munich-olympiapark/?utm_source=gmb&utm_medium=referral&utm_campaign=MUN-LA&utm_content=website",
    "phone": null,
    "google_url": "https://maps.google.com/?cid=17710036573948925070"
  },
  {
    "city": "Munich, Germany",
    "country": "Germany",
    "name": "Jaeger's Munich",
    "rating": 3.7,
    "user_ratings_total": 1776,
    "price_level": null,
    "types": [
      "establishment",
      "lodging",
      "point_of_interest"
    ],
    "lat": 48.1386613,
    "lng": 11.5602345,
    "cribsLikely": true,
    "place_id": "ChIJD3TpTPh1nkcRX2X8diUkP0w",
    "address": "Senefelderstraße 3, 80336 München, Germany",
    "website": "http://www.jaegershotel.de/",
    "phone": "+49 89 555281",
    "google_url": "https://maps.google.com/?cid=5494149813743936863"
  }
]