[
  {
    "city": "Muscat, Oman",
    "country": "Oman",
    "name": "Novotel Muscat Airport",
    "rating": 4.5,
    "user_ratings_total": 4231,
    "price_level": null,
    "types": [
      "establishment",
      "lodging",
      "point_of_interest"
    ],
    "lat": 23.5852272,
    "lng": 58.30049280000001,
    "cribsLikely": true,
    "place_id": "ChIJayFT4qIAjj4RxhyFXY38OmA",
    "address": "Al Maardih St, Sib 111, Oman",
    "website": "https://all.accor.com/lien_externe.svlt?goto=fiche_hotel&code_hotel=B7A7&merchantid=seo-maps-OM-B7A7&sourceid=aw-cen&utm_medium=seo%20maps&utm_source=google%20Maps&utm_campaign=seo%20maps",
    "phone": "+968 24 511800",
    "google_url": "https://maps.google.com/?cid=6934132260379892934"
  },
  {
    "city": "Muscat, Oman",
    "country": "Oman",
    "name": "Ibis Hotel Muscat",
    "rating": 4,
    "user_ratings_total": 2884,
    "price_level": null,
    "types": [
      "establishment",
      "lodging",
      "point_of_interest"
    ],
    "lat": 23.5936951,
    "lng": 58.41923219999999,
    "cribsLikely": true,
    "place_id": "ChIJjfRbf875kT4Rb1muCo6Mw3k",
    "address": "Pc 130 Al Azaiba Dohat Aladab Road, شارع الخوير، مسقط 130, Oman",
    "website": "https://all.accor.com/lien_externe.svlt?goto=fiche_hotel&code_hotel=6587&merchantid=seo-maps-OM-6587&sourceid=aw-cen&utm_medium=seo%20maps&utm_source=google%20Maps&utm_campaign=seo%20maps",
    "phone": "+968 22 354600",
    "google_url": "https://maps.google.com/?cid=8774011040740301167"
  },
  {
    "city": "Muscat, Oman",
    "country": "Oman",
    "name": "Grand Hyatt Muscat",
    "rating": 4.4,
    "user_ratings_total": 4418,
    "price_level": null,
    "types": [
      "establishment",
      "lodging",
      "point_of_interest"
    ],
    "lat": 23.6080757,
    "lng": 58.4446674,
    "cribsLikely": true,
    "place_id": "ChIJbRVtGaP4kT4R7xbwGYS7D1g",
    "address": "Way no. 3032, As Saruj St, Muscat 133, Oman",
    "website": "https://www.hyatt.com/grand-hyatt/en-US/musca-grand-hyatt-muscat?src=corp_lclb_google_seo_musca&utm_source=google&utm_medium=organic&utm_campaign=lmr",
    "phone": "+968 24 641234",
    "google_url": "https://maps.google.com/?cid=6345496576033560303"
  },
  {
    "city": "Muscat, Oman",
    "country": "Oman",
    "name": "The Chedi Muscat",
    "rating": 4.6,
    "user_ratings_total": 3198,
    "price_level": null,
    "types": [
      "establishment",
      "lodging",
      "point_of_interest"
    ],
    "lat": 23.6022003,
    "lng": 58.3990514,
    "cribsLikely": true,
    "place_id": "ChIJxTIG8Ab3kT4RS3Dej55msII",
    "address": "133 18th November St, Muscat, Oman",
    "website": "http://www.ghmhotels.com/en/chedi-muscat-oman/home/",
    "phone": "+968 24 524400",
    "google_url": "https://maps.google.com/?cid=9417139652036292683"
  },
  {
    "city": "Muscat, Oman",
    "country": "Oman",
    "name": "Hilton Garden Inn Muscat Al Khuwair",
    "rating": 4.4,
    "user_ratings_total": 2569,
    "price_level": null,
    "types": [
      "establishment",
      "lodging",
      "point_of_interest"
    ],
    "lat": 23.5943153,
    "lng": 58.42061150000001,
    "cribsLikely": true,
    "place_id": "ChIJP-jOfwn_kT4RKeiGrbevJDQ",
    "address": "Dauhat Al Adab St, Muscat 118, Oman",
    "website": "https://www.hilton.com/en/hotels/mctakgi-hilton-garden-inn-muscat-al-khuwair/?SEO_id=GMB-EMEA-GI-MCTAKGI",
    "phone": "+968 22 515555",
    "google_url": "https://maps.google.com/?cid=3757321192559011881"
  },
  {
    "city": "Muscat, Oman",
    "country": "Oman",
    "name": "Shangri-La Al Husn, Muscat",
    "rating": 4.8,
    "user_ratings_total": 1180,
    "price_level": null,
    "types": [
      "establishment",
      "lodging",
      "point_of_interest",
      "spa"
    ],
    "lat": 23.5516049,
    "lng": 58.6593037,
    "cribsLikely": true,
    "place_id": "ChIJ8eYbt83zkT4RIqFkCxhXScU",
    "address": "Muscat 100 Muscat Muscat، HM36+78X, Bandar Jissah 644, Oman",
    "website": "http://www.shangri-la.com/muscat/alhusnresortandspa/",
    "phone": "+968 24 776388",
    "google_url": "https://maps.google.com/?cid=14215989459553657122"
  },
  {
    "city": "Muscat, Oman",
    "country": "Oman",
    "name": "Radisson Blu Hotel Muscat",
    "rating": 4.4,
    "user_ratings_total": 4860,
    "price_level": null,
    "types": [
      "establishment",
      "lodging",
      "point_of_interest"
    ],
    "lat": 23.5873008,
    "lng": 58.4302244,
    "cribsLikely": true,
    "place_id": "ChIJ7-Hyahv_kT4RJw8tOoDq9qc",
    "address": "Sultan Qaboos Street, PC 133, Al Khuwair Muscat, مسقط 939, Oman",
    "website": "https://www.radissonhotels.com/en-us/hotels/radisson-blu-muscat?cid=a:se+b:gmb+c:emea+i:local+e:rdb+d:mea+h:OMMCT2",
    "phone": "+968 24 487777",
    "google_url": "https://maps.google.com/?cid=12103118885057531687"
  },
  {
    "city": "Muscat, Oman",
    "country": "Oman",
    "name": "Relax Inn Hotel Apartments ريلاكس ان للشقق الفندقية",
    "rating": 3.6,
    "user_ratings_total": 162,
    "price_level": null,
    "types": [
      "establishment",
      "lodging",
      "point_of_interest"
    ],
    "lat": 23.5670929,
    "lng": 58.4141987,
    "cribsLikely": true,
    "place_id": "ChIJr-F-z0X_kT4RrsqBcf2wtqU",
    "address": "4 Al Maha St, Muscat 512, Oman",
    "website": "https://www.instagram.com/relaxinnhotel.oman/#",
    "phone": "+968 7997 4097",
    "google_url": "https://maps.google.com/?cid=11940926064596994734"
  },
  {
    "city": "Muscat, Oman",
    "country": "Oman",
    "name": "Royal Tulip Muscat",
    "rating": 4.5,
    "user_ratings_total": 2047,
    "price_level": null,
    "types": [
      "establishment",
      "lodging",
      "point_of_interest"
    ],
    "lat": 23.5915839,
    "lng": 58.4039181,
    "cribsLikely": true,
    "place_id": "ChIJMYkJSCv_kT4RT5wOX1NBaUA",
    "address": "Al Marafah Street OM، Way No. 238، Muscat 103, Oman",
    "website": "http://www.royaltulipmuscat.com/",
    "phone": "+968 22 125555",
    "google_url": "https://maps.google.com/?cid=4641312717314890831"
  },
  {
    "city": "Muscat, Oman",
    "country": "Oman",
    "name": "City Center Hotel",
    "rating": 3.6,
    "user_ratings_total": 563,
    "price_level": null,
    "types": [
      "establishment",
      "lodging",
      "point_of_interest"
    ],
    "lat": 23.5980481,
    "lng": 58.2494614,
    "cribsLikely": true,
    "place_id": "ChIJIRGgLJH9jT4RUSBS02AQ50U",
    "address": "Muscat-St Sultan Qabus, H6XX+6Q8، مسقط 111, Oman",
    "website": null,
    "phone": "+968 22 866655",
    "google_url": "https://maps.google.com/?cid=5037012716285468753"
  },
  {
    "city": "Muscat, Oman",
    "country": "Oman",
    "name": "The Platinum Hotel",
    "rating": 4.1,
    "user_ratings_total": 1110,
    "price_level": null,
    "types": [
      "establishment",
      "lodging",
      "point_of_interest"
    ],
    "lat": 23.5924095,
    "lng": 58.4277123,
    "cribsLikely": true,
    "place_id": "ChIJgz_mxg__kT4RwHsf3Z_JX_g",
    "address": "Next to Oman Oil Petrol Pump, Souk Al Khuwair St, Muscat 112, Oman",
    "website": "http://www.theplatinumoman.com/",
    "phone": "+968 24 392500",
    "google_url": "https://maps.google.com/?cid=17897245132640451520"
  },
  {
    "city": "Muscat, Oman",
    "country": "Oman",
    "name": "Muscat Plaza Hotel",
    "rating": 3.9,
    "user_ratings_total": 1184,
    "price_level": null,
    "types": [
      "establishment",
      "lodging",
      "point_of_interest"
    ],
    "lat": 23.5957572,
    "lng": 58.4274496,
    "cribsLikely": true,
    "place_id": "ChIJIRRnehH_kT4RuTUMaAz4XpU",
    "address": "Al Khuwair St, Muscat, Oman",
    "website": "https://sites.google.com/view/muscatplazahotel/home",
    "phone": "+968 9465 8000",
    "google_url": "https://maps.google.com/?cid=10763312891630990777"
  }
]