[
  {
    "city": "Nairobi, Kenya",
    "country": "Kenya",
    "name": "The Boma Nairobi",
    "rating": 4.5,
    "user_ratings_total": 5178,
    "price_level": null,
    "types": [
      "establishment",
      "lodging",
      "point_of_interest"
    ],
    "lat": -1.3241532,
    "lng": 36.8334901,
    "cribsLikely": true,
    "place_id": "ChIJw8t-rrcRLxgR_5yq8ZBUtVQ",
    "address": "Red Cross Road Nairobi KE, Bellevue, Off Mombasa Road, Nairobi, Kenya",
    "website": "https://www.theboma.co.ke/the-boma-nairobi/",
    "phone": "+254 719 050000",
    "google_url": "https://maps.google.com/?cid=6103877851477089535"
  },
  {
    "city": "Nairobi, Kenya",
    "country": "Kenya",
    "name": "Sarova Stanley Nairobi - 5 Star Hotel",
    "rating": 4.6,
    "user_ratings_total": 9098,
    "price_level": null,
    "types": [
      "establishment",
      "lodging",
      "point_of_interest"
    ],
    "lat": -1.2842084,
    "lng": 36.8228685,
    "cribsLikely": true,
    "place_id": "ChIJgal_ZdYQLxgRQJpbfya5kqg",
    "address": "Junction Of Kenyatta Avenue and, Kimathi St, Nairobi, Kenya",
    "website": "https://www.sarovahotels.com/stanley-nairobi/",
    "phone": "+254 709 111000",
    "google_url": "https://maps.google.com/?cid=12146974719968254528"
  },
  {
    "city": "Nairobi, Kenya",
    "country": "Kenya",
    "name": "Best Western Plus Meridian Hotel",
    "rating": 4.3,
    "user_ratings_total": 3980,
    "price_level": null,
    "types": [
      "establishment",
      "lodging",
      "point_of_interest"
    ],
    "lat": -1.2808374,
    "lng": 36.82142169999999,
    "cribsLikely": true,
    "place_id": "ChIJyyu56NQQLxgRwceipy6l8Xs",
    "address": "6th Muranga Road, Off Moi Ave, Nairobi, Kenya",
    "website": "https://www.meridianhotelkenya.com/",
    "phone": "+254 719 063000",
    "google_url": "https://maps.google.com/?cid=8931101155851945921"
  },
  {
    "city": "Nairobi, Kenya",
    "country": "Kenya",
    "name": "JW Marriott Hotel Nairobi",
    "rating": 4.8,
    "user_ratings_total": 888,
    "price_level": null,
    "types": [
      "establishment",
      "lodging",
      "point_of_interest"
    ],
    "lat": -1.270286,
    "lng": 36.80919919999999,
    "cribsLikely": true,
    "place_id": "ChIJA2xyGyYXLxgRMBfEN58ILsA",
    "address": "PRH5+VMC, Chiromo Ln, Nairobi, Kenya",
    "website": "https://www.marriott.com/en-us/hotels/nbojw-jw-marriott-hotel-nairobi/overview/?scid=f2ae0541-1279-4f24-b197-a979c79310b0",
    "phone": "+254 719 010888",
    "google_url": "https://maps.google.com/?cid=13848015384139274032"
  },
  {
    "city": "Nairobi, Kenya",
    "country": "Kenya",
    "name": "Kahama Hotel",
    "rating": 4,
    "user_ratings_total": 1065,
    "price_level": null,
    "types": [
      "establishment",
      "lodging",
      "point_of_interest"
    ],
    "lat": -1.2775553,
    "lng": 36.8219595,
    "cribsLikely": true,
    "place_id": "ChIJj4_ZudsWLxgRpmnVrvf3qQM",
    "address": "Murang'a Rd, Nairobi, Kenya",
    "website": "https://www.kahamahotels.co.ke/index.php",
    "phone": "+254 712 379780",
    "google_url": "https://maps.google.com/?cid=264014696340089254"
  },
  {
    "city": "Nairobi, Kenya",
    "country": "Kenya",
    "name": "Karen little paradise",
    "rating": 4.3,
    "user_ratings_total": 291,
    "price_level": null,
    "types": [
      "establishment",
      "lodging",
      "point_of_interest"
    ],
    "lat": -1.3413757,
    "lng": 36.6815526,
    "cribsLikely": true,
    "place_id": "ChIJB2ylx7McLxgRVxwzM-wXbWQ",
    "address": "Oletianda 6, Nairobi, Kenya",
    "website": "https://portal.freetobook.com/reservations?w_id=32747&w_tkn=WcCC7PA8sqmKkGpk82rwQFXItXbHSGRwGnWJU1U1GganHLpCud4zlDYZMUJaG",
    "phone": "+254 711 924269",
    "google_url": "https://maps.google.com/?cid=7236466479492963415"
  },
  {
    "city": "Nairobi, Kenya",
    "country": "Kenya",
    "name": "Kenya Comfort Suites",
    "rating": 4.1,
    "user_ratings_total": 1209,
    "price_level": null,
    "types": [
      "establishment",
      "lodging",
      "point_of_interest"
    ],
    "lat": -1.2890263,
    "lng": 36.8035359,
    "cribsLikely": true,
    "place_id": "ChIJ6fhpdLgQLxgR-elNLTP0Nrw",
    "address": "Junction of Jakaya Kikwete and Ralph Bunche Roads Milimani Nairobi, Nairobi, Kenya",
    "website": "http://www.kenyacomfort.com/",
    "phone": "+254 722 608865",
    "google_url": "https://maps.google.com/?cid=13562295828513417721"
  },
  {
    "city": "Nairobi, Kenya",
    "country": "Kenya",
    "name": "Radisson Blu Hotel, Nairobi Upper Hill",
    "rating": 4.7,
    "user_ratings_total": 11665,
    "price_level": null,
    "types": [
      "establishment",
      "lodging",
      "point_of_interest"
    ],
    "lat": -1.3022805,
    "lng": 36.81674390000001,
    "cribsLikely": true,
    "place_id": "ChIJvcUXGOUQLxgRY_pBd74Jlzo",
    "address": "Elgon Rd, Nairobi, Kenya",
    "website": "https://www.radissonhotels.com/en-us/hotels/radisson-blu-nairobi-upper-hill?cid=a:se+b:gmb+c:emea+i:local+e:rdb+d:mea+h:KENBOUPP",
    "phone": "+254 709 810000",
    "google_url": "https://maps.google.com/?cid=4221853889332378211"
  },
  {
    "city": "Nairobi, Kenya",
    "country": "Kenya",
    "name": "Villa Rosa Kempinski",
    "rating": 4.7,
    "user_ratings_total": 10062,
    "price_level": null,
    "types": [
      "establishment",
      "food",
      "lodging",
      "point_of_interest",
      "restaurant",
      "spa"
    ],
    "lat": -1.2719585,
    "lng": 36.8088993,
    "cribsLikely": true,
    "place_id": "ChIJ_7vK_jkXLxgRLiftXQ6xcTw",
    "address": "Chiromo Rd, Nairobi, Kenya",
    "website": "https://www.kempinski.com/en/hotel-villa-rosa?utm_medium=organic&utm_source=google&utm_campaign=KINBO1&utm_content=gmb&source=S308962248",
    "phone": "+254 703 049000",
    "google_url": "https://maps.google.com/?cid=4355456989907461934"
  },
  {
    "city": "Nairobi, Kenya",
    "country": "Kenya",
    "name": "Palacina The Residence & The Suites",
    "rating": 4.6,
    "user_ratings_total": 704,
    "price_level": null,
    "types": [
      "establishment",
      "lodging",
      "point_of_interest"
    ],
    "lat": -1.2829209,
    "lng": 36.7920197,
    "cribsLikely": true,
    "place_id": "ChIJDexDKmkRLxgRbadqkTVroyE",
    "address": "Kitale Ln, off Denis Pritt Rd, Nairobi, Kenya",
    "website": "https://www.palacina.com/",
    "phone": "+254 720 493747",
    "google_url": "https://maps.google.com/?cid=2423898902272583533"
  },
  {
    "city": "Nairobi, Kenya",
    "country": "Kenya",
    "name": "Mates Hotel",
    "rating": 4,
    "user_ratings_total": 280,
    "price_level": null,
    "types": [
      "establishment",
      "lodging",
      "point_of_interest"
    ],
    "lat": -1.3037339,
    "lng": 36.8885815,
    "cribsLikely": true,
    "place_id": "ChIJUUrE-O0TLxgR4ctnf9yAwMM",
    "address": "Upper Savanna, Mates Plaza, Outer Ring Rd, Nairobi, Kenya",
    "website": null,
    "phone": "+254 743 947755",
    "google_url": "https://maps.google.com/?cid=14105415717443062753"
  },
  {
    "city": "Nairobi, Kenya",
    "country": "Kenya",
    "name": "Dusit Princess Hotel Residences Nairobi",
    "rating": 4.7,
    "user_ratings_total": 524,
    "price_level": null,
    "types": [
      "establishment",
      "lodging",
      "point_of_interest"
    ],
    "lat": -1.2637837,
    "lng": 36.7901563,
    "cribsLikely": true,
    "place_id": "ChIJqaSmD8UXLxgRzw_taiaUbG0",
    "address": "1216 Mimosa lane, PQPR+F3M, Church Rd, Nairobi, Kenya",
    "website": "https://www.dusit.com/dusitprincess-hotelresidencesnairobi/",
    "phone": "+254 20 4070000",
    "google_url": "https://maps.google.com/?cid=7884839940342484943"
  }
]