[
  {
    "city": "Naples, Italy",
    "country": "Italy",
    "name": "Hotel Fiorentina Napoli",
    "rating": 4,
    "user_ratings_total": 291,
    "price_level": null,
    "types": [
      "establishment",
      "lodging",
      "point_of_interest"
    ],
    "lat": 40.8963889,
    "lng": 14.2569444,
    "cribsLikely": true,
    "place_id": "ChIJUbTtVLkHOxMR6CA3L79-v2E",
    "address": "Corso Secondigliano, 551, 80144 Napoli NA, Italy",
    "website": "http://www.hotelfiorentina.it/",
    "phone": "+39 081 543 7222",
    "google_url": "https://maps.google.com/?cid=7043487701826740456"
  },
  {
    "city": "Naples, Italy",
    "country": "Italy",
    "name": "Royal Continental Hotel",
    "rating": 4.3,
    "user_ratings_total": 5677,
    "price_level": null,
    "types": [
      "establishment",
      "food",
      "lodging",
      "point_of_interest",
      "restaurant"
    ],
    "lat": 40.8301451,
    "lng": 14.2469089,
    "cribsLikely": true,
    "place_id": "ChIJp3sVQawJOxMRv9PjPp6hlhA",
    "address": "Via Partenope, 38, 80121 Napoli NA, Italy",
    "website": "http://www.royalgroup.it/royalcontinental",
    "phone": "+39 081 245 2068",
    "google_url": "https://maps.google.com/?cid=1195320452145468351"
  },
  {
    "city": "Naples, Italy",
    "country": "Italy",
    "name": "Palazzina Avallone",
    "rating": 4.6,
    "user_ratings_total": 20,
    "price_level": null,
    "types": [
      "establishment",
      "lodging",
      "point_of_interest"
    ],
    "lat": 40.85877259999999,
    "lng": 14.2602312,
    "cribsLikely": true,
    "place_id": "ChIJn8bC-mwIOxMRI9rPlerdjNo",
    "address": "Vico Avallone, 10c, 80137 Napoli NA, Italy",
    "website": "http://www.palazzinavallone.it/",
    "phone": "+39 333 459 5016",
    "google_url": "https://maps.google.com/?cid=15748205996613294627"
  },
  {
    "city": "Naples, Italy",
    "country": "Italy",
    "name": "Napoli Urban Suite",
    "rating": 4.8,
    "user_ratings_total": 121,
    "price_level": null,
    "types": [
      "establishment",
      "lodging",
      "point_of_interest"
    ],
    "lat": 40.8533478,
    "lng": 14.270962,
    "cribsLikely": true,
    "place_id": "ChIJBzIHzVQJOxMRkuGdtNRIF6E",
    "address": "P.za Giuseppe Garibaldi, 73, 80142 Napoli NA, Italy",
    "website": "https://booking.smoobu.com/9A42613",
    "phone": "+39 081 1887 0781",
    "google_url": "https://maps.google.com/?cid=11607826642971255186"
  },
  {
    "city": "Naples, Italy",
    "country": "Italy",
    "name": "Grand Hotel Capodimonte",
    "rating": 3.8,
    "user_ratings_total": 900,
    "price_level": null,
    "types": [
      "establishment",
      "lodging",
      "point_of_interest"
    ],
    "lat": 40.8657421,
    "lng": 14.2478004,
    "cribsLikely": true,
    "place_id": "ChIJ_SpYqHsIOxMRT0LgDefQD7I",
    "address": "Via Capodimonte, 3, 80136 Napoli NA, Italy",
    "website": "https://www.grandhotelcapodimonte.it/",
    "phone": "+39 081 365 3494",
    "google_url": "https://maps.google.com/?cid=12830703554190656079"
  },
  {
    "city": "Naples, Italy",
    "country": "Italy",
    "name": "Smeraldo Suite",
    "rating": 4.4,
    "user_ratings_total": 59,
    "price_level": null,
    "types": [
      "establishment",
      "lodging",
      "point_of_interest"
    ],
    "lat": 40.8537456,
    "lng": 14.2685221,
    "cribsLikely": true,
    "place_id": "ChIJ-ZAtCI4JOxMRXSuW4eNM-2M",
    "address": "P.za Principe Umberto, 29, 80142 Napoli NA, Italy",
    "website": "http://www.smeraldosuite.com/",
    "phone": "+39 351 607 4512",
    "google_url": "https://maps.google.com/?cid=7204436570535242589"
  },
  {
    "city": "Naples, Italy",
    "country": "Italy",
    "name": "Top Floor Rentrooms",
    "rating": 4.2,
    "user_ratings_total": 88,
    "price_level": null,
    "types": [
      "establishment",
      "lodging",
      "point_of_interest"
    ],
    "lat": 40.85335389999999,
    "lng": 14.2711165,
    "cribsLikely": true,
    "place_id": "ChIJV8Dp-xYIOxMRES14XiYI-xg",
    "address": "P.za Giuseppe Garibaldi, 73, 80142 Napoli NA, Italy",
    "website": "https://bandb-top-floor.jimdosite.com/",
    "phone": "+39 338 202 9805",
    "google_url": "https://maps.google.com/?cid=1800041436951358737"
  },
  {
    "city": "Naples, Italy",
    "country": "Italy",
    "name": "Best Western Hotel Plaza",
    "rating": 4,
    "user_ratings_total": 1284,
    "price_level": null,
    "types": [
      "establishment",
      "lodging",
      "point_of_interest"
    ],
    "lat": 40.8542107,
    "lng": 14.268481,
    "cribsLikely": true,
    "place_id": "ChIJrZ5xIRQIOxMR7oWd_x0kJJM",
    "address": "P.za Principe Umberto, I, 23, 80142 Napoli NA, Italy",
    "website": "https://www.bestwestern.com/it_IT/book/hotel-details.98247.html?iata=00171880&ssob=BLBWI0004G&cid=BLBWI0004G:google:gmb:98247",
    "phone": "+39 081 563 6168",
    "google_url": "https://maps.google.com/?cid=10602639133998155246"
  },
  {
    "city": "Naples, Italy",
    "country": "Italy",
    "name": "Guest house Maria Francesca",
    "rating": 4.4,
    "user_ratings_total": 88,
    "price_level": null,
    "types": [
      "establishment",
      "lodging",
      "point_of_interest"
    ],
    "lat": 40.8543204,
    "lng": 14.2709407,
    "cribsLikely": true,
    "place_id": "ChIJVcvu3BYIOxMRlxnxFxvCDvI",
    "address": "Via Firenze, 38, 80142 Napoli NA, Italy",
    "website": "http://guesthousemariafrancesca.it/",
    "phone": "+39 331 838 8557",
    "google_url": "https://maps.google.com/?cid=17442091828474091927"
  },
  {
    "city": "Naples, Italy",
    "country": "Italy",
    "name": "Neocore",
    "rating": 4.8,
    "user_ratings_total": 264,
    "price_level": null,
    "types": [
      "establishment",
      "lodging",
      "point_of_interest"
    ],
    "lat": 40.8461946,
    "lng": 14.2625586,
    "cribsLikely": true,
    "place_id": "ChIJYwwTUUcIOxMRGMFvbsV9ZBM",
    "address": "Via Duomo, 348, 80133 Napoli NA, Italy",
    "website": "http://www.neocore.it/",
    "phone": "+39 334 151 9396",
    "google_url": "https://maps.google.com/?cid=1397380071306543384"
  },
  {
    "city": "Naples, Italy",
    "country": "Italy",
    "name": "Grand Hotel Saint Lucia",
    "rating": 4.6,
    "user_ratings_total": 1188,
    "price_level": null,
    "types": [
      "establishment",
      "lodging",
      "point_of_interest"
    ],
    "lat": 40.8300198,
    "lng": 14.2491288,
    "cribsLikely": true,
    "place_id": "ChIJcxWMuq0JOxMRJSEWETNuWcg",
    "address": "Via Partenope, 46, 80121 Napoli NA, Italy",
    "website": "http://www.santalucia.it/",
    "phone": "+39 081 764 0666",
    "google_url": "https://maps.google.com/?cid=14436691246121885989"
  },
  {
    "city": "Naples, Italy",
    "country": "Italy",
    "name": "Romeo Hotel - Naples",
    "rating": 4.4,
    "user_ratings_total": 960,
    "price_level": null,
    "types": [
      "establishment",
      "lodging",
      "point_of_interest"
    ],
    "lat": 40.8406847,
    "lng": 14.2557418,
    "cribsLikely": true,
    "place_id": "ChIJo-SqPU8IOxMRqck5476u0mU",
    "address": "Via Cristoforo Colombo, 45, 80133 Napoli NA, Italy",
    "website": "https://theromeocollection.com/it/romeo-napoli/",
    "phone": "+39 081 017 5001",
    "google_url": "https://maps.google.com/?cid=7337118877819193769"
  }
]