[
  {
    "city": "New York, USA",
    "country": "United States",
    "name": "The Manhattan at Times Square Hotel",
    "rating": 3,
    "user_ratings_total": 9608,
    "price_level": null,
    "types": [
      "establishment",
      "lodging",
      "point_of_interest"
    ],
    "lat": 40.7622856,
    "lng": -73.98264040000001,
    "cribsLikely": true,
    "place_id": "ChIJw_JUgvhYwokRIgBAxZdF4eA",
    "address": "790 7th Ave, New York, NY 10019, USA",
    "website": "https://www.ihg.com/spnd/hotels/us/en/new-york/nycat/hoteldetail",
    "phone": "+1 212-581-3300",
    "google_url": "https://maps.google.com/?cid=16204309452407439394"
  },
  {
    "city": "New York, USA",
    "country": "United States",
    "name": "DoubleTree by Hilton Hotel New York Times Square West",
    "rating": 3.5,
    "user_ratings_total": 6309,
    "price_level": null,
    "types": [
      "establishment",
      "lodging",
      "point_of_interest"
    ],
    "lat": 40.7566361,
    "lng": -73.9930715,
    "cribsLikely": true,
    "place_id": "ChIJtZ84yVJYwokROvOLbnIOsi8",
    "address": "350 W 40th St, New York, NY 10018, USA",
    "website": "https://www.hilton.com/en/hotels/nycswdt-doubletree-new-york-times-square-west/?SEO_id=GMB-AMER-DT-NYCSWDT&y_source=1_NDQ2NjAzNi03MTUtbG9jYXRpb24ud2Vic2l0ZQ%3D%3D",
    "phone": "+1 212-607-8888",
    "google_url": "https://maps.google.com/?cid=3436825350280835898"
  },
  {
    "city": "New York, USA",
    "country": "United States",
    "name": "Hyatt Place New York/Yonkers",
    "rating": 4.2,
    "user_ratings_total": 1188,
    "price_level": null,
    "types": [
      "establishment",
      "lodging",
      "point_of_interest"
    ],
    "lat": 40.9273149,
    "lng": -73.8536824,
    "cribsLikely": true,
    "place_id": "ChIJN6DyUaTywokRAJIFeodLHD4",
    "address": "7000 Mall Walk, Yonkers, NY 10704, USA",
    "website": "https://www.hyatt.com/hyatt-place/en-US/lgazy-hyatt-place-new-york-yonkers?src=corp_lclb_google_seo_lgazy&utm_source=google&utm_medium=organic&utm_campaign=lmr",
    "phone": "+1 914-377-1400",
    "google_url": "https://maps.google.com/?cid=4475535174939283968"
  },
  {
    "city": "New York, USA",
    "country": "United States",
    "name": "LY New York Hotel",
    "rating": 4.3,
    "user_ratings_total": 413,
    "price_level": null,
    "types": [
      "establishment",
      "lodging",
      "point_of_interest"
    ],
    "lat": 40.7834587,
    "lng": -73.84120279999999,
    "cribsLikely": true,
    "place_id": "ChIJ5ZxqT62KwokRGLK8uRY4eaQ",
    "address": "15-61 127th St 15- 63, College Point, NY 11356, USA",
    "website": "https://www.lynewyorkhotel.com/",
    "phone": "+1 718-898-0406",
    "google_url": "https://maps.google.com/?cid=11851565564658758168"
  },
  {
    "city": "New York, USA",
    "country": "United States",
    "name": "Hilton New York Times Square",
    "rating": 4.1,
    "user_ratings_total": 4762,
    "price_level": null,
    "types": [
      "establishment",
      "lodging",
      "point_of_interest"
    ],
    "lat": 40.756649,
    "lng": -73.9888153,
    "cribsLikely": true,
    "place_id": "ChIJ7yGup1RYwokRnGBh8EluQWs",
    "address": "234 W 42nd St, New York, NY 10036, USA",
    "website": "https://www.hilton.com/en/hotels/nyctshh-hilton-times-square/?SEO_id=GMB-AMER-HH-NYCTSHH&y_source=1_NTYyMTIyNTYtNzE1LWxvY2F0aW9uLndlYnNpdGU%3D",
    "phone": "+1 212-913-9488",
    "google_url": "https://maps.google.com/?cid=7728579699389063324"
  },
  {
    "city": "New York, USA",
    "country": "United States",
    "name": "DoubleTree by Hilton Hotel Fort Lee - George Washington Bridge",
    "rating": 3.7,
    "user_ratings_total": 2384,
    "price_level": null,
    "types": [
      "establishment",
      "lodging",
      "point_of_interest"
    ],
    "lat": 40.86031029999999,
    "lng": -73.9768481,
    "cribsLikely": true,
    "place_id": "ChIJP05X09v2wokRbERzpFS4hB0",
    "address": "2117 Route 4 Eastbound, Fort Lee, NJ 07024, USA",
    "website": "https://www.hilton.com/en/hotels/ftlfldt-doubletree-fort-lee-george-washington-bridge/?SEO_id=GMB-AMER-DT-FTLFLDT&y_source=1_MTM3MjcxMC03MTUtbG9jYXRpb24ud2Vic2l0ZQ%3D%3D",
    "phone": "+1 201-461-9000",
    "google_url": "https://maps.google.com/?cid=2127027597701497964"
  },
  {
    "city": "New York, USA",
    "country": "United States",
    "name": "Hilton Garden Inn New York/Staten Island",
    "rating": 4.2,
    "user_ratings_total": 3073,
    "price_level": null,
    "types": [
      "establishment",
      "lodging",
      "point_of_interest"
    ],
    "lat": 40.6148318,
    "lng": -74.1766456,
    "cribsLikely": true,
    "place_id": "ChIJX0jg-flMwokRpufpXQlbprI",
    "address": "1100 South Ave, Staten Island, NY 10314, USA",
    "website": "https://www.hilton.com/en/hotels/ewrsigi-hilton-garden-inn-new-york-staten-island/?SEO_id=GMB-AMER-GI-EWRSIGI&y_source=1_MjA4MTk5MS03MTUtbG9jYXRpb24ud2Vic2l0ZQ%3D%3D",
    "phone": "+1 718-477-2400",
    "google_url": "https://maps.google.com/?cid=12873076680673585062"
  },
  {
    "city": "New York, USA",
    "country": "United States",
    "name": "Holiday Inn New York City - Wall Street by IHG",
    "rating": 3.7,
    "user_ratings_total": 974,
    "price_level": null,
    "types": [
      "establishment",
      "lodging",
      "point_of_interest"
    ],
    "lat": 40.7089767,
    "lng": -74.0091231,
    "cribsLikely": true,
    "place_id": "ChIJPTJohhdawokR5-M2cwZ2WDo",
    "address": "51 Nassau St, New York, NY 10038, USA",
    "website": "https://www.ihg.com/holidayinn/hotels/us/en/new-york/nycmf/hoteldetail?cm_mmc=GoogleMaps-_-HI-_-US-_-NYCMF",
    "phone": "+1 212-227-3007",
    "google_url": "https://maps.google.com/?cid=4204240022225216487"
  },
  {
    "city": "New York, USA",
    "country": "United States",
    "name": "Holiday Inn Express Queens - Maspeth by IHG",
    "rating": 4,
    "user_ratings_total": 812,
    "price_level": null,
    "types": [
      "establishment",
      "lodging",
      "point_of_interest"
    ],
    "lat": 40.72641429999999,
    "lng": -73.907282,
    "cribsLikely": true,
    "place_id": "ChIJM59TE-tewokREVDGYRaj50I",
    "address": "59-40 55th Rd, Maspeth, NY 11378, USA",
    "website": "https://www.ihg.com/holidayinnexpress/hotels/us/en/maspeth/mpeny/hoteldetail?cm_mmc=GoogleMaps-_-EX-_-US-_-MPENY",
    "phone": "+1 718-416-2500",
    "google_url": "https://maps.google.com/?cid=4821001242648399889"
  },
  {
    "city": "New York, USA",
    "country": "United States",
    "name": "Hotel Executive Suites",
    "rating": 3.4,
    "user_ratings_total": 1287,
    "price_level": null,
    "types": [
      "establishment",
      "lodging",
      "point_of_interest"
    ],
    "lat": 40.5906024,
    "lng": -74.2388923,
    "cribsLikely": true,
    "place_id": "ChIJgUa_-aC0w4kREPiF6_8GFLY",
    "address": "30 Minue St, Carteret, NJ 07008, USA",
    "website": "http://www.hotelexecutivesuites.com/",
    "phone": "+1 732-541-2005",
    "google_url": "https://maps.google.com/?cid=13120119310674950160"
  },
  {
    "city": "New York, USA",
    "country": "United States",
    "name": "DoubleTree by Hilton New York Downtown",
    "rating": 3.6,
    "user_ratings_total": 3605,
    "price_level": null,
    "types": [
      "establishment",
      "lodging",
      "point_of_interest"
    ],
    "lat": 40.703921,
    "lng": -74.0123541,
    "cribsLikely": true,
    "place_id": "ChIJ0fci9hNawokRJVR9hdTAt80",
    "address": "8 Stone St, New York, NY 10004, USA",
    "website": "https://www.hilton.com/en/hotels/nycbpdt-doubletree-new-york-downtown/?SEO_id=GMB-AMER-DT-NYCBPDT&y_source=1_MTM3MjcxOS03MTUtbG9jYXRpb24ud2Vic2l0ZQ%3D%3D",
    "phone": "+1 212-480-9100",
    "google_url": "https://maps.google.com/?cid=14823528717518459941"
  },
  {
    "city": "New York, USA",
    "country": "United States",
    "name": "Comfort Inn & Suites",
    "rating": 4,
    "user_ratings_total": 979,
    "price_level": null,
    "types": [
      "establishment",
      "lodging",
      "point_of_interest"
    ],
    "lat": 40.8099891,
    "lng": -73.929248,
    "cribsLikely": true,
    "place_id": "ChIJC6rQOtz1wokRYDk_vlqliLI",
    "address": "2477 Third Ave, Bronx, NY 10451, USA",
    "website": "https://www.choicehotels.com/new-york/bronx/comfort-inn-hotels/ny529",
    "phone": "+1 718-402-5555",
    "google_url": "https://maps.google.com/?cid=12864714144741276000"
  }
]