[
  {
    "city": "New",
    "country": null,
    "name": "Hyatt Place New Taipei Xinzhuang",
    "rating": 4.1,
    "user_ratings_total": 1142,
    "price_level": null,
    "types": [
      "establishment",
      "lodging",
      "point_of_interest"
    ],
    "lat": 25.0600927,
    "lng": 121.4539951,
    "cribsLikely": true,
    "place_id": "ChIJScHhvMepQjQRjWOU2XHnfrw",
    "address": "242032, Taiwan, New Taipei City, Xinzhuang District, No79號Section 3, New Taipei Blvd",
    "website": "https://www.hyatt.com/hyatt-place/en-US/tpezn-hyatt-place-new-taipei-city-xinzhuang?src=corp_lclb_google_seo_tpezn&utm_source=google&utm_medium=organic&utm_campaign=lmr",
    "phone": "+886 2 8522 9980",
    "google_url": "https://maps.google.com/?cid=13582548002363696013"
  },
  {
    "city": "New",
    "country": null,
    "name": "Waterfront Hotel",
    "rating": 4.4,
    "user_ratings_total": 991,
    "price_level": null,
    "types": [
      "bar",
      "establishment",
      "lodging",
      "point_of_interest"
    ],
    "lat": 25.0509728,
    "lng": 121.5750589,
    "cribsLikely": true,
    "place_id": "ChIJoW8625urQjQRupQo-CWyZNQ",
    "address": "No. 112號, Songhe St, Songshan District, Taipei City, Taiwan 10567",
    "website": "http://www.waterfronthotel.com.tw/",
    "phone": "+886 2 2528 1567",
    "google_url": "https://maps.google.com/?cid=15304553309858731194"
  },
  {
    "city": "New",
    "country": null,
    "name": "Boutech Jiantan Hotel",
    "rating": 4.3,
    "user_ratings_total": 1438,
    "price_level": null,
    "types": [
      "establishment",
      "lodging",
      "point_of_interest"
    ],
    "lat": 25.0891784,
    "lng": 121.5204553,
    "cribsLikely": true,
    "place_id": "ChIJaQLliDGvQjQRc6lXFYM97TE",
    "address": "No. 250號, Section 4, Chengde Rd, Shilin District, Taipei City, Taiwan 111",
    "website": "https://jiantanboutechhotel.com.tw/",
    "phone": "+886 2 2883 1777",
    "google_url": "https://maps.google.com/?cid=3597599310546970995"
  },
  {
    "city": "New",
    "country": null,
    "name": "CHECK inn - Taipei XinYi",
    "rating": 3.7,
    "user_ratings_total": 425,
    "price_level": null,
    "types": [
      "establishment",
      "lodging",
      "point_of_interest"
    ],
    "lat": 25.0328911,
    "lng": 121.5591635,
    "cribsLikely": true,
    "place_id": "ChIJsWLlRXKrQjQR04ONnhEf91Y",
    "address": "110, Taiwan, Taipei City, Xinyi District, 信義路四段468號3樓",
    "website": "https://www.checkinn.com.tw/?page_id=4942",
    "phone": "+886 2 2345 9777",
    "google_url": "https://maps.google.com/?cid=6266511567044314067"
  },
  {
    "city": "New",
    "country": null,
    "name": "Taipei Inn",
    "rating": 4.4,
    "user_ratings_total": 617,
    "price_level": null,
    "types": [
      "establishment",
      "lodging",
      "point_of_interest"
    ],
    "lat": 25.0454621,
    "lng": 121.515627,
    "cribsLikely": true,
    "place_id": "ChIJMaBbH3OpQjQR-2m4Z_Y4dgg",
    "address": "100, Taiwan, Taipei City, Zhongzheng District, Xuchang St, 40號6樓",
    "website": null,
    "phone": "+886 2 2331 3381",
    "google_url": "https://maps.google.com/?cid=609737430508530171"
  },
  {
    "city": "New",
    "country": null,
    "name": "New Lion City Hotel",
    "rating": 3.9,
    "user_ratings_total": 458,
    "price_level": null,
    "types": [
      "establishment",
      "lodging",
      "point_of_interest"
    ],
    "lat": 25.050288,
    "lng": 121.5155553,
    "cribsLikely": true,
    "place_id": "ChIJOdU3Al2pQjQROi5VXTepSGY",
    "address": "103, Taiwan, Taipei City, Datong District, Huayin St, 179號3樓",
    "website": "https://book-directonline.com/properties/newlioncityhoteldirect?locale=zh-TW",
    "phone": "+886 970 332 192",
    "google_url": "https://maps.google.com/?cid=7370326845445975610"
  },
  {
    "city": "New",
    "country": null,
    "name": "Fashion hotel",
    "rating": 4.8,
    "user_ratings_total": 359,
    "price_level": null,
    "types": [
      "establishment",
      "lodging",
      "point_of_interest"
    ],
    "lat": 25.0582256,
    "lng": 121.5376287,
    "cribsLikely": true,
    "place_id": "ChIJJSnNRgCrQjQR6c5i7oNot5U",
    "address": "No. 1-1號, Lane 9, Section 3, Minsheng E Rd, Zhongshan District, Taipei City, Taiwan 10491",
    "website": "http://booking.owlting.com/fashionhotel",
    "phone": "+886 2 2509 0102",
    "google_url": "https://maps.google.com/?cid=10788206348238769897"
  },
  {
    "city": "New",
    "country": null,
    "name": "N hotel",
    "rating": 4.4,
    "user_ratings_total": 973,
    "price_level": null,
    "types": [
      "establishment",
      "lodging",
      "point_of_interest"
    ],
    "lat": 25.043099,
    "lng": 121.512984,
    "cribsLikely": true,
    "place_id": "ChIJh93N7QCpQjQRoRIU2mNMZCI",
    "address": "100, Taiwan, Taipei City, Zhongzheng District, Section 1, Chongqing S Rd, 86號3~5樓",
    "website": "https://www.nhotel.com.tw/",
    "phone": "+886 2 2370 9988",
    "google_url": "https://maps.google.com/?cid=2478189686704837281"
  },
  {
    "city": "New",
    "country": null,
    "name": "Via Breeze New Taipei Hotel",
    "rating": 5,
    "user_ratings_total": 2,
    "price_level": null,
    "types": [
      "establishment",
      "lodging",
      "point_of_interest"
    ],
    "lat": 25.0776037,
    "lng": 121.4846995,
    "cribsLikely": true,
    "place_id": "ChIJ36ztAwCpQjQR3tsRUjBaIIo",
    "address": "No. 296, Section 4, Sanhe Rd, Sanchong District, New Taipei City, Taiwan 241",
    "website": null,
    "phone": null,
    "google_url": "https://maps.google.com/?cid=9953054340070628318"
  },
  {
    "city": "New",
    "country": null,
    "name": "Hej Taipei Arena Hotel",
    "rating": 4.5,
    "user_ratings_total": 778,
    "price_level": null,
    "types": [
      "establishment",
      "lodging",
      "point_of_interest"
    ],
    "lat": 25.051355,
    "lng": 121.5562479,
    "cribsLikely": true,
    "place_id": "ChIJB2wtReqrQjQRh7kHjJ5vUYs",
    "address": "No. 156號, Section 4, Nanjing E Rd, Songshan District, Taipei City, Taiwan 105",
    "website": "https://www.hej-taipeiarena-hotel.com.tw/",
    "phone": "+886 2 2579 6162",
    "google_url": "https://maps.google.com/?cid=10038927771130378631"
  },
  {
    "city": "New",
    "country": null,
    "name": "Artinn Taipei 藝築文旅台北站前館",
    "rating": 4.1,
    "user_ratings_total": 587,
    "price_level": null,
    "types": [
      "establishment",
      "lodging",
      "point_of_interest"
    ],
    "lat": 25.0433089,
    "lng": 121.513438,
    "cribsLikely": true,
    "place_id": "ChIJ7848VwupQjQROspp4jAQibM",
    "address": "100, Taiwan, Taipei City, Zhongzheng District, Xiangyang Rd, 8號3-11樓",
    "website": null,
    "phone": "+886 985 937 987",
    "google_url": "https://maps.google.com/?cid=12936889206741518906"
  },
  {
    "city": "New",
    "country": null,
    "name": "Cloud Hotel Arena",
    "rating": 4.3,
    "user_ratings_total": 334,
    "price_level": null,
    "types": [
      "establishment",
      "lodging",
      "point_of_interest"
    ],
    "lat": 25.0416641,
    "lng": 121.5514003,
    "cribsLikely": true,
    "place_id": "ChIJ-93NoMWrQjQRoL9ZiwM7dZ4",
    "address": "13F No, No. 197號, Section 4, Zhongxiao E Rd, Da’an District, Taipei City, Taiwan 106",
    "website": "https://arena.hotelcloud.com.tw/",
    "phone": "+886 2 2773 5177",
    "google_url": "https://maps.google.com/?cid=11418097316676616096"
  }
]