[
  {
    "city": "Nice, France",
    "country": "France",
    "name": "Hôtel Saint Georges",
    "rating": 3.4,
    "user_ratings_total": 241,
    "price_level": null,
    "types": [
      "establishment",
      "lodging",
      "point_of_interest"
    ],
    "lat": 43.7020044,
    "lng": 7.2655108,
    "cribsLikely": true,
    "place_id": "ChIJV5VTiqfazRIRf7qZIx3iD60",
    "address": "7 Av. Georges Clemenceau, 06000 Nice, France",
    "website": "https://www.hotelsaintgeorges.fr/?utm_source=Google&utm_medium=Mybusiness&utm_campaign=GoogleMyBusiness",
    "phone": "+33 4 93 88 79 21",
    "google_url": "https://maps.google.com/?cid=12470434507991399039"
  },
  {
    "city": "Nice, France",
    "country": "France",
    "name": "Holiday Inn Nice by IHG",
    "rating": 4.1,
    "user_ratings_total": 890,
    "price_level": null,
    "types": [
      "establishment",
      "lodging",
      "point_of_interest"
    ],
    "lat": 43.6997703,
    "lng": 7.2645711,
    "cribsLikely": true,
    "place_id": "ChIJBZlC4QnQzRIRulK5WnuE7_Q",
    "address": "20 Bd Victor Hugo, 06000 Nice, France",
    "website": "https://www.ihg.com/holidayinn/hotels/gb/en/nice/ncefr/hoteldetail?cm_mmc=GoogleMaps-_-HI-_-FR-_-NCEFR",
    "phone": "+33 4 97 03 22 22",
    "google_url": "https://maps.google.com/?cid=17649471130026201786"
  },
  {
    "city": "Nice, France",
    "country": "France",
    "name": "Hotel NH Nice",
    "rating": 4.3,
    "user_ratings_total": 1277,
    "price_level": null,
    "types": [
      "establishment",
      "lodging",
      "point_of_interest"
    ],
    "lat": 43.707749,
    "lng": 7.282783999999999,
    "cribsLikely": true,
    "place_id": "ChIJVVVVVcnazRIRyIE4jctbfvY",
    "address": "2-4 Parv. de l'Europe, 06300 Nice, France",
    "website": "https://www.nh-hotels.com/en/hotel/nh-nice?utm_campaign=local-gmb&utm_medium=organic_search&utm_source=google_gmb",
    "phone": "+33 4 92 00 80 00",
    "google_url": "https://maps.google.com/?cid=17761734910201594312"
  },
  {
    "city": "Nice, France",
    "country": "France",
    "name": "Hôtel Relais Acropolis",
    "rating": 3.8,
    "user_ratings_total": 387,
    "price_level": null,
    "types": [
      "establishment",
      "lodging",
      "point_of_interest"
    ],
    "lat": 43.7055556,
    "lng": 7.282222200000001,
    "cribsLikely": true,
    "place_id": "ChIJ-U3ixbbazRIRWhOCVOd3aw0",
    "address": "20 Bd Risso, 06300 Nice, France",
    "website": "http://www.hotel-relais-acropolis.com/",
    "phone": "+33 4 92 00 14 50",
    "google_url": "https://maps.google.com/?cid=966998380440064858"
  },
  {
    "city": "Nice, France",
    "country": "France",
    "name": "PARME Etape",
    "rating": 2.9,
    "user_ratings_total": 269,
    "price_level": null,
    "types": [
      "establishment",
      "lodging",
      "point_of_interest"
    ],
    "lat": 43.6747545,
    "lng": 7.2038682,
    "cribsLikely": true,
    "place_id": "ChIJ4dMmHhPRzRIRXwXVUI-p780",
    "address": "17 Av. de la Méditerranée, 06000 Nice, France",
    "website": "http://parme-etape.fr/",
    "phone": "+33 4 65 40 42 06",
    "google_url": "https://maps.google.com/?cid=14839265730210628959"
  },
  {
    "city": "Nice, France",
    "country": "France",
    "name": "Sheraton Nice",
    "rating": 4.3,
    "user_ratings_total": 641,
    "price_level": null,
    "types": [
      "establishment",
      "lodging",
      "point_of_interest"
    ],
    "lat": 43.6668754,
    "lng": 7.2123686,
    "cribsLikely": true,
    "place_id": "ChIJ7xb_UEvRzRIR02qjLSipOcg",
    "address": "480 Promenade des Anglais, Park Phoenix s, Av. des Grenouillères Entrance via, 06200 Nice, France",
    "website": "https://www.marriott.com/en-us/hotels/ncesi-sheraton-nice/overview/?scid=f2ae0541-1279-4f24-b197-a979c79310b0",
    "phone": "+33 4 89 03 87 87",
    "google_url": "https://maps.google.com/?cid=14427748871287565011"
  },
  {
    "city": "Nice, France",
    "country": "France",
    "name": "Nemea Appart'Hotel Nice Riviera",
    "rating": 3.4,
    "user_ratings_total": 832,
    "price_level": null,
    "types": [
      "establishment",
      "lodging",
      "point_of_interest"
    ],
    "lat": 43.6705318,
    "lng": 7.2227239,
    "cribsLikely": true,
    "place_id": "ChIJPTFgnf3QzRIR-wvM2KkdDqE",
    "address": "373 Prom. des Anglais, 06200 Nice, France",
    "website": "https://www.nemea-appart-hotel.com/france/paca/alpes-maritimes/nice/riviera-nice-aeroport-11?utm_source=annuaire&utm_medium=seo&utm_campaign=seo-local&utm_content=gmb",
    "phone": "+33 4 92 01 12 42",
    "google_url": "https://maps.google.com/?cid=11605245905104276475"
  },
  {
    "city": "Nice, France",
    "country": "France",
    "name": "Hôtel Du Pin Nice Port",
    "rating": 4.2,
    "user_ratings_total": 451,
    "price_level": null,
    "types": [
      "bar",
      "establishment",
      "food",
      "lodging",
      "point_of_interest",
      "restaurant"
    ],
    "lat": 43.700406,
    "lng": 7.2830738,
    "cribsLikely": true,
    "place_id": "ChIJCbiks83bzRIR-3xZUjCJ1fA",
    "address": "6, rue emmanuel Philibert, Pl. du Pin, 06300 Nice, France",
    "website": "https://www.soniho.com/hotels/hotel-du-pin-nice/",
    "phone": "+33 4 93 55 80 00",
    "google_url": "https://maps.google.com/?cid=17353927579775106299"
  },
  {
    "city": "Nice, France",
    "country": "France",
    "name": "ibis budget Nice Californie Lenval",
    "rating": 4,
    "user_ratings_total": 2198,
    "price_level": null,
    "types": [
      "establishment",
      "lodging",
      "point_of_interest"
    ],
    "lat": 43.6893227,
    "lng": 7.240369899999998,
    "cribsLikely": true,
    "place_id": "ChIJKXnVtkPQzRIRM7QUGFlJvCI",
    "address": "58-60 Av. de la Californie, 06200 Nice, France",
    "website": "https://all.accor.com/lien_externe.svlt?goto=fiche_hotel&code_hotel=2075&merchantid=seo-maps-FR-2075&sourceid=aw-cen&utm_medium=seo%20maps&utm_source=google%20Maps&utm_campaign=seo%20maps",
    "phone": "+33 892 70 03 76",
    "google_url": "https://maps.google.com/?cid=2502956139916080179"
  },
  {
    "city": "Nice, France",
    "country": "France",
    "name": "Aparthotel AMMI Nice Lafayette",
    "rating": 4.9,
    "user_ratings_total": 299,
    "price_level": null,
    "types": [
      "establishment",
      "lodging",
      "point_of_interest"
    ],
    "lat": 43.6992893,
    "lng": 7.2703847,
    "cribsLikely": true,
    "place_id": "ChIJzdDt9Z_bzRIRpqO3iEvgHJM",
    "address": "32 Rue de l'Hôtel des Postes, 06000 Nice, France",
    "website": "https://www.ammihotels.com/en/ammi-nice-lafayette",
    "phone": "+33 6 76 68 88 04",
    "google_url": "https://maps.google.com/?cid=10600594237944210342"
  },
  {
    "city": "Nice, France",
    "country": "France",
    "name": "Hôtel du Centre, un hôtel AMMI",
    "rating": 4.6,
    "user_ratings_total": 1377,
    "price_level": null,
    "types": [
      "establishment",
      "lodging",
      "point_of_interest"
    ],
    "lat": 43.703599,
    "lng": 7.265707,
    "cribsLikely": true,
    "place_id": "ChIJ3wM_w6fazRIR4wqWttgB0xw",
    "address": "2 Rue de Suisse, 06000 Nice, France",
    "website": "https://www.hotelducentre-nice.com/fr/",
    "phone": "+33 4 93 82 29 80",
    "google_url": "https://maps.google.com/?cid=2077005883435780835"
  },
  {
    "city": "Nice, France",
    "country": "France",
    "name": "Hôtel Florence Nice",
    "rating": 4.4,
    "user_ratings_total": 1262,
    "price_level": null,
    "types": [
      "establishment",
      "lodging",
      "point_of_interest"
    ],
    "lat": 43.700969,
    "lng": 7.267155,
    "cribsLikely": true,
    "place_id": "ChIJlRSfp6fazRIRV2zqMNmLh3U",
    "address": "3 Rue Paul Déroulède, 06000 Nice, France",
    "website": "http://www.hotel-florence-nice.com/?utm_source=Googlemybusiness&utm_medium=R%C3%A9sultats%20de%20recherche%20naturels",
    "phone": "+33 4 93 88 46 87",
    "google_url": "https://maps.google.com/?cid=8468891389238340695"
  }
]