[
  {
    "city": "Osaka, Japan",
    "country": "Japan",
    "name": "HOTEL Cargo Shinsaibashi",
    "rating": 4.5,
    "user_ratings_total": 455,
    "price_level": null,
    "types": [
      "establishment",
      "lodging",
      "point_of_interest"
    ],
    "lat": 34.6781481,
    "lng": 135.5035422,
    "cribsLikely": true,
    "place_id": "ChIJdV_nrhnnAGARyxCc0QpR0Y8",
    "address": "2-chōme-6-3 Bakurōmachi, Chuo Ward, Osaka, 541-0059, Japan",
    "website": "https://hpdsp.jp/hotel-cargo/",
    "phone": "+81 6-6251-1066",
    "google_url": "https://maps.google.com/?cid=10363153324464410827"
  },
  {
    "city": "Osaka, Japan",
    "country": "Japan",
    "name": "KOKO HOTEL Osaka Namba",
    "rating": 3.5,
    "user_ratings_total": 261,
    "price_level": null,
    "types": [
      "establishment",
      "lodging",
      "point_of_interest"
    ],
    "lat": 34.6580258,
    "lng": 135.5060263,
    "cribsLikely": true,
    "place_id": "ChIJu5IiVa_nAGARR4Fv6CYTFq8",
    "address": "5-chōme-8-25 Nipponbashi, Naniwa Ward, Osaka, 556-0005, Japan",
    "website": "https://koko-hotels.com/osaka_namba",
    "phone": "+81 6-6630-9860",
    "google_url": "https://maps.google.com/?cid=12616292463954329927"
  },
  {
    "city": "Osaka, Japan",
    "country": "Japan",
    "name": "The OneFive Osaka Namba Dotonbori",
    "rating": 3.4,
    "user_ratings_total": 374,
    "price_level": null,
    "types": [
      "establishment",
      "lodging",
      "point_of_interest"
    ],
    "lat": 34.669702,
    "lng": 135.5049396,
    "cribsLikely": true,
    "place_id": "ChIJqYkYV-fnAGARjlQ-h5kaYcg",
    "address": "2-13 Souemonchō, Chuo Ward, Osaka, 542-0084, Japan",
    "website": "https://onefivehotels.co.jp/hotels/theonefiveosakanambadotonbori",
    "phone": "+81 570-015-115",
    "google_url": "https://maps.google.com/?cid=14438851127027848334"
  },
  {
    "city": "Osaka, Japan",
    "country": "Japan",
    "name": "Hotel Shin-Imamiya",
    "rating": 3.4,
    "user_ratings_total": 1397,
    "price_level": null,
    "types": [
      "establishment",
      "lodging",
      "point_of_interest"
    ],
    "lat": 34.64994900000001,
    "lng": 135.500822,
    "cribsLikely": true,
    "place_id": "ChIJMYp_OWLnAGARZWZFKUjgxRg",
    "address": "1-chōme-2-2-20 Haginochaya, Nishinari Ward, Osaka, 557-0004, Japan",
    "website": "http://hotel-sim.com/",
    "phone": "+81 6-6647-3777",
    "google_url": "https://maps.google.com/?cid=1785079427856950885"
  },
  {
    "city": "Osaka, Japan",
    "country": "Japan",
    "name": "Sarasa Hotel Dotonbori",
    "rating": 4.2,
    "user_ratings_total": 422,
    "price_level": null,
    "types": [
      "establishment",
      "lodging",
      "point_of_interest"
    ],
    "lat": 34.6697212,
    "lng": 135.5089068,
    "cribsLikely": true,
    "place_id": "ChIJLaE0fkDnAGAR_4t6xHhhiUI",
    "address": "2-chōme-9-6 Shimanouchi, Chuo Ward, Osaka, 542-0082, Japan",
    "website": "https://sarasahotels.com/dotonbori/",
    "phone": "+81 6-6212-6840",
    "google_url": "https://maps.google.com/?cid=4794470449632939007"
  },
  {
    "city": "Osaka, Japan",
    "country": "Japan",
    "name": "CHISUN STANDARD Osaka Shin-Imamiya",
    "rating": 4,
    "user_ratings_total": 468,
    "price_level": null,
    "types": [
      "establishment",
      "lodging",
      "point_of_interest"
    ],
    "lat": 34.6496834,
    "lng": 135.4997446,
    "cribsLikely": true,
    "place_id": "ChIJj8_l75nnAGARRhgbMiij7SY",
    "address": "1-chōme-2-23 Hanazonokita, Nishinari Ward, Osaka, 557-0016, Japan",
    "website": "https://www.solarehotels.com/hotel/osaka/cs-os/?utm_source=google&utm_medium=gbp&utm_campaign=gbp_csos",
    "phone": "+81 6-6631-2611",
    "google_url": "https://maps.google.com/?cid=2805077535956342854"
  },
  {
    "city": "Osaka, Japan",
    "country": "Japan",
    "name": "JA Hotel Midoribashi (綠橋), Osaka",
    "rating": 3.4,
    "user_ratings_total": 35,
    "price_level": null,
    "types": [
      "establishment",
      "lodging",
      "point_of_interest"
    ],
    "lat": 34.6807522,
    "lng": 135.5422722,
    "cribsLikely": true,
    "place_id": "ChIJ_awGeL7gAGARR7WXu_jlUAg",
    "address": "2-chōme-11-8 Nakamoto, Higashinari Ward, Osaka, 537-0022, Japan",
    "website": "https://www.japanhotels.net/ja/hotel/ja-hotel-midoribashi-lu-qiao.html",
    "phone": "+81 6-6105-5510",
    "google_url": "https://maps.google.com/?cid=599231606902207815"
  },
  {
    "city": "Osaka, Japan",
    "country": "Japan",
    "name": "Richmond Hotel Higashi Ōsaka",
    "rating": 4.2,
    "user_ratings_total": 789,
    "price_level": null,
    "types": [
      "establishment",
      "lodging",
      "point_of_interest"
    ],
    "lat": 34.6783011,
    "lng": 135.5897897,
    "cribsLikely": true,
    "place_id": "ChIJQYZks-_fAGARpfNikuPLpJo",
    "address": "1-chōme-3-16 Nagatanaka, Higashiosaka, Osaka 577-0013, Japan",
    "website": "https://richmondhotel.jp/osaka/?utm_source=GGL&utm_medium=GBP&utm_campaign=Canly",
    "phone": "+81 6-6785-3333",
    "google_url": "https://maps.google.com/?cid=11143255556295422885"
  },
  {
    "city": "Osaka, Japan",
    "country": "Japan",
    "name": "Imperial Hotel Ōsaka",
    "rating": 4.4,
    "user_ratings_total": 5586,
    "price_level": null,
    "types": [
      "establishment",
      "food",
      "lodging",
      "point_of_interest",
      "restaurant",
      "spa",
      "store"
    ],
    "lat": 34.7007884,
    "lng": 135.5196843,
    "cribsLikely": true,
    "place_id": "ChIJM9lL5tHmAGARufrPFc23Djg",
    "address": "1-chōme-8-50 Tenmabashi, Kita Ward, Osaka, 530-0042, Japan",
    "website": "https://www.imperialhotel.co.jp/osaka?cid=gmap_osaka&utm_source=gmap&utm_medium=gmap&utm_campaign=gmap_osaka",
    "phone": "+81 6-6881-1111",
    "google_url": "https://maps.google.com/?cid=4039368007260043961"
  },
  {
    "city": "Osaka, Japan",
    "country": "Japan",
    "name": "Hotel Hillarys Shinsaibashi",
    "rating": 4,
    "user_ratings_total": 1119,
    "price_level": null,
    "types": [
      "establishment",
      "lodging",
      "point_of_interest"
    ],
    "lat": 34.6729488,
    "lng": 135.5030535,
    "cribsLikely": true,
    "place_id": "ChIJlysX6xbnAGARoCRCljoPYmA",
    "address": "1-chōme-17-11 Higashishinsaibashi, Chuo Ward, Osaka, 542-0083, Japan",
    "website": "https://www.hotel-hillarys.com/shinsaibashi/",
    "phone": "+81 6-6281-8000",
    "google_url": "https://maps.google.com/?cid=6945130319662163104"
  },
  {
    "city": "Osaka, Japan",
    "country": "Japan",
    "name": "Mitsui Garden Hotel Osaka Premier",
    "rating": 4.3,
    "user_ratings_total": 2053,
    "price_level": null,
    "types": [
      "establishment",
      "lodging",
      "point_of_interest"
    ],
    "lat": 34.6922772,
    "lng": 135.4932939,
    "cribsLikely": true,
    "place_id": "ChIJdfhQPfHmAGAR23IQvZ--s4Q",
    "address": "3-chōme-4-15 Nakanoshima, Kita Ward, Osaka, 530-0005, Japan",
    "website": "https://www.gardenhotels.co.jp/osaka-premier/?utm_source=googlebusinessprofile&utm_medium=google&utm_campaign=maps",
    "phone": "+81 6-6444-1131",
    "google_url": "https://maps.google.com/?cid=9562196027118744283"
  },
  {
    "city": "Osaka, Japan",
    "country": "Japan",
    "name": "Via Inn Shin Osaka West",
    "rating": 3.7,
    "user_ratings_total": 1619,
    "price_level": null,
    "types": [
      "establishment",
      "lodging",
      "point_of_interest"
    ],
    "lat": 34.7351851,
    "lng": 135.496364,
    "cribsLikely": true,
    "place_id": "ChIJm_Z9-zfkAGARpLw7iLzt4nM",
    "address": "4-chōme-1-21 Miyahara, Yodogawa Ward, Osaka, 532-0003, Japan",
    "website": "https://www.viainn.com/shinosaka-w/",
    "phone": "+81 6-6398-6111",
    "google_url": "https://maps.google.com/?cid=8350498053093571748"
  }
]