[
  {
    "city": "Oslo, Norway",
    "country": "Norway",
    "name": "Radisson Blu Plaza Hotel, Oslo",
    "rating": 4.3,
    "user_ratings_total": 6255,
    "price_level": null,
    "types": [
      "establishment",
      "lodging",
      "point_of_interest"
    ],
    "lat": 59.91240399999999,
    "lng": 10.7559371,
    "cribsLikely": true,
    "place_id": "ChIJIQtoNGBuQUYRBT8uN1STROs",
    "address": "Sonja Henies plass 3, 0185 Oslo, Norway",
    "website": "https://www.radissonhotels.com/en-us/hotels/radisson-blu-oslo?cid=a:se+b:gmb+c:emea+i:local+e:rdb+d:nob+h:NOOSLPLZ",
    "phone": "+47 22 05 80 00",
    "google_url": "https://maps.google.com/?cid=16952836887241703173"
  },
  {
    "city": "Oslo, Norway",
    "country": "Norway",
    "name": "K7 Hotel Oslo",
    "rating": 4.1,
    "user_ratings_total": 1218,
    "price_level": null,
    "types": [
      "establishment",
      "lodging",
      "point_of_interest"
    ],
    "lat": 59.9099283,
    "lng": 10.741171,
    "cribsLikely": true,
    "place_id": "ChIJzY0PfYhuQUYRZhgeSxXOfIw",
    "address": "Entrance from Rådhusgata, Kongens gate 7, 0153 Oslo, Norway",
    "website": "https://k7hotel.com/",
    "phone": "+47 23 10 08 00",
    "google_url": "https://maps.google.com/?cid=10123192653271930982"
  },
  {
    "city": "Oslo, Norway",
    "country": "Norway",
    "name": "Comfort Hotel Xpress Central Station",
    "rating": 4.2,
    "user_ratings_total": 1790,
    "price_level": null,
    "types": [
      "establishment",
      "lodging",
      "point_of_interest"
    ],
    "lat": 59.9106631,
    "lng": 10.748712,
    "cribsLikely": true,
    "place_id": "ChIJL-RN7YluQUYRou4uX-WWvGY",
    "address": "Fred Olsens gate 11, 0152 Oslo, Norway",
    "website": "https://www.strawberry.no/hotell/norge/oslo/comfort-hotel-xpress-central-station/?utm_campaign=gmb-listing&utm_medium=organic&utm_source=google",
    "phone": "+47 22 40 32 92",
    "google_url": "https://maps.google.com/?cid=7402957799378841250"
  },
  {
    "city": "Oslo, Norway",
    "country": "Norway",
    "name": "Grand Hotel Oslo",
    "rating": 4.4,
    "user_ratings_total": 2392,
    "price_level": null,
    "types": [
      "establishment",
      "food",
      "lodging",
      "point_of_interest",
      "restaurant"
    ],
    "lat": 59.9137238,
    "lng": 10.7394509,
    "cribsLikely": true,
    "place_id": "ChIJhxTybn1uQUYRIFo4Y1uqZic",
    "address": "Karl Johans gt. 31, 0159 Oslo, Norway",
    "website": "http://www.grand.no/",
    "phone": "+47 23 21 20 00",
    "google_url": "https://maps.google.com/?cid=2839143924587059744"
  },
  {
    "city": "Oslo, Norway",
    "country": "Norway",
    "name": "Radisson Blu Park Hotel, Oslo",
    "rating": 3.9,
    "user_ratings_total": 1596,
    "price_level": null,
    "types": [
      "establishment",
      "lodging",
      "point_of_interest"
    ],
    "lat": 59.9035758,
    "lng": 10.6316738,
    "cribsLikely": true,
    "place_id": "ChIJm4We3fNsQUYRjr_t0kvF25A",
    "address": "Fornebuveien 80, 1366 Lysaker, Norway",
    "website": "https://www.radissonhotels.com/en-us/hotels/radisson-blu-oslo-park?cid=a:se+b:gmb+c:emea+i:local+e:rdb+d:nob+h:NOOSLPRK",
    "phone": "+47 67 82 30 00",
    "google_url": "https://maps.google.com/?cid=10438153490813271950"
  },
  {
    "city": "Oslo, Norway",
    "country": "Norway",
    "name": "Scandic Fornebu",
    "rating": 4.2,
    "user_ratings_total": 2153,
    "price_level": null,
    "types": [
      "establishment",
      "lodging",
      "point_of_interest"
    ],
    "lat": 59.89369439999999,
    "lng": 10.62915,
    "cribsLikely": true,
    "place_id": "ChIJkbi3DoxsQUYRbT_r74oVSpo",
    "address": "Martin Linges vei 2, 1364 Fornebu, Norway",
    "website": "https://www.scandichotels.no/hotell/norge/oslo/scandic-fornebu?utm_campaign=gmb&utm_source=google&utm_medium=organic&utm_content=fornebu",
    "phone": "+47 21 05 70 00",
    "google_url": "https://maps.google.com/?cid=11117722316592332653"
  },
  {
    "city": "Oslo, Norway",
    "country": "Norway",
    "name": "Citybox Oslo",
    "rating": 4.2,
    "user_ratings_total": 4989,
    "price_level": null,
    "types": [
      "establishment",
      "lodging",
      "point_of_interest"
    ],
    "lat": 59.91034560000001,
    "lng": 10.7472907,
    "cribsLikely": true,
    "place_id": "ChIJ9XZ3vIluQUYRi4dYAeqsd5U",
    "address": "Prinsens gate 6, 0152 Oslo, Norway",
    "website": "https://cityboxhotels.com/hotels/oslo/citybox-oslo?utm_source=googlebusiness&utm_medium=referral&utm_campaign=oslo",
    "phone": "+47 21 42 04 80",
    "google_url": "https://maps.google.com/?cid=10770267154924734347"
  },
  {
    "city": "Oslo, Norway",
    "country": "Norway",
    "name": "Radisson Blu Scandinavia Hotel, Oslo",
    "rating": 4.2,
    "user_ratings_total": 4069,
    "price_level": null,
    "types": [
      "establishment",
      "lodging",
      "point_of_interest"
    ],
    "lat": 59.91857129999999,
    "lng": 10.7339016,
    "cribsLikely": true,
    "place_id": "ChIJwQGJvH5uQUYRuWyL8Fex5EY",
    "address": "Holbergs gate 30, 0166 Oslo, Norway",
    "website": "https://www.radissonhotels.com/en-us/hotels/radisson-blu-oslo-scandinavia?cid=a:se+b:gmb+c:emea+i:local+e:rdb+d:nob+h:NOOSLSCA",
    "phone": "+47 23 29 30 00",
    "google_url": "https://maps.google.com/?cid=5108402868600925369"
  },
  {
    "city": "Oslo, Norway",
    "country": "Norway",
    "name": "Clarion Hotel Oslo",
    "rating": 4.5,
    "user_ratings_total": 1070,
    "price_level": null,
    "types": [
      "establishment",
      "food",
      "lodging",
      "point_of_interest",
      "restaurant"
    ],
    "lat": 59.90766550000001,
    "lng": 10.7568251,
    "cribsLikely": true,
    "place_id": "ChIJ5Sqx-rVvQUYRiODi36HcFec",
    "address": "Dronning Eufemias gate 15, 0194 Oslo, Norway",
    "website": "https://www.strawberry.no/hotell/norge/oslo/clarion-hotel-oslo/?utm_campaign=gmb-listing&utm_medium=organic&utm_source=google",
    "phone": "+47 21 95 97 50",
    "google_url": "https://maps.google.com/?cid=16651457785076310152"
  },
  {
    "city": "Oslo, Norway",
    "country": "Norway",
    "name": "Smarthotel Oslo",
    "rating": 3.9,
    "user_ratings_total": 2772,
    "price_level": null,
    "types": [
      "establishment",
      "lodging",
      "point_of_interest"
    ],
    "lat": 59.9177392,
    "lng": 10.7366468,
    "cribsLikely": true,
    "place_id": "ChIJtxiwFHxuQUYR3jflmU24OPE",
    "address": "St. Olavs Gate 26, 0166 Oslo, Norway",
    "website": "https://smarthotel.no/no/oslo",
    "phone": "+47 41 53 65 00",
    "google_url": "https://maps.google.com/?cid=17381845405270357982"
  },
  {
    "city": "Oslo, Norway",
    "country": "Norway",
    "name": "Radisson RED Oslo Økern",
    "rating": 4.6,
    "user_ratings_total": 762,
    "price_level": null,
    "types": [
      "establishment",
      "lodging",
      "point_of_interest"
    ],
    "lat": 59.9306915,
    "lng": 10.7996174,
    "cribsLikely": true,
    "place_id": "ChIJG61c4aBvQUYRq9R_q58_gJg",
    "address": "Lørenfaret 3, 0585 Oslo, Norway",
    "website": "https://www.radissonhotels.com/en-us/hotels/radisson-red-oslo-okern?cid=a:se+b:gmb+c:emea+i:local+e:rdr+d:nob+h:NOOSLOKN",
    "phone": "+47 24 20 03 00",
    "google_url": "https://maps.google.com/?cid=10988853045793641643"
  },
  {
    "city": "Oslo, Norway",
    "country": "Norway",
    "name": "Thon Hotel Terminus",
    "rating": 4.3,
    "user_ratings_total": 1257,
    "price_level": null,
    "types": [
      "establishment",
      "lodging",
      "point_of_interest"
    ],
    "lat": 59.91330839999999,
    "lng": 10.7526292,
    "cribsLikely": true,
    "place_id": "ChIJP0rEkmFuQUYRp0q6953_uiw",
    "address": "Stenersgata 10, 0184 Oslo, Norway",
    "website": "https://www.thonhotels.no/hoteller/norge/oslo/thon-hotel-terminus/?utm_source=google&utm_medium=infoboks&utm_campaign=GMB",
    "phone": "+47 22 05 60 00",
    "google_url": "https://maps.google.com/?cid=3223169537268140711"
  }
]