[
  {
    "city": "Paris,",
    "country": "France",
    "name": "The People",
    "rating": 4.1,
    "user_ratings_total": 1585,
    "price_level": null,
    "types": [
      "establishment",
      "lodging",
      "point_of_interest"
    ],
    "lat": 48.8501827,
    "lng": 2.3629828,
    "cribsLikely": true,
    "place_id": "ChIJjRraPPlx5kcRHCEo0fZXGmU",
    "address": "17 Bd Morland, 75004 Paris, France",
    "website": "https://www.thepeoplehostel.com/fr/destinations/paris-marais/",
    "phone": "+33 1 81 22 40 88",
    "google_url": "https://maps.google.com/?cid=7285232064807837980"
  },
  {
    "city": "Paris,",
    "country": "France",
    "name": "Hôtel Convention Montparnasse",
    "rating": 4.1,
    "user_ratings_total": 577,
    "price_level": null,
    "types": [
      "establishment",
      "lodging",
      "point_of_interest"
    ],
    "lat": 48.8372454,
    "lng": 2.2972248,
    "cribsLikely": true,
    "place_id": "ChIJNWFcTBVw5kcR9nbK0ysmBKc",
    "address": "41 Rue Alain Chartier, 75015 Paris, France",
    "website": "http://www.conventionmontparnasseparishotel.com/",
    "phone": "+33 1 48 28 43 00",
    "google_url": "https://maps.google.com/?cid=12034786073919518454"
  },
  {
    "city": "Paris,",
    "country": "France",
    "name": "Hôtel Saint Georges Lafayette",
    "rating": 3.8,
    "user_ratings_total": 556,
    "price_level": null,
    "types": [
      "establishment",
      "lodging",
      "point_of_interest"
    ],
    "lat": 48.8805577,
    "lng": 2.3392051,
    "cribsLikely": true,
    "place_id": "ChIJwxmQlkZu5kcR9zrRqy18B70",
    "address": "11 Rue Victor Massé, 75009 Paris, France",
    "website": "http://www.hotel-saintgeorges.fr/",
    "phone": "+33 1 42 81 35 73",
    "google_url": "https://maps.google.com/?cid=13620992133603343095"
  },
  {
    "city": "Paris,",
    "country": "France",
    "name": "Hotel Aberotel Montparnasse Eiffel",
    "rating": 4.1,
    "user_ratings_total": 482,
    "price_level": null,
    "types": [
      "establishment",
      "lodging",
      "point_of_interest"
    ],
    "lat": 48.8433135,
    "lng": 2.3071316,
    "cribsLikely": true,
    "place_id": "ChIJWz2DSTpw5kcRPqfj-80D-3c",
    "address": "24 Rue Blomet, 75015 Paris, France",
    "website": "https://www.hotelvlhparis.com/",
    "phone": "+33 1 40 61 70 50",
    "google_url": "https://maps.google.com/?cid=8645508092896978750"
  },
  {
    "city": "Paris,",
    "country": "France",
    "name": "Hôtel Mirabeau Eiffel Paris",
    "rating": 3.5,
    "user_ratings_total": 477,
    "price_level": null,
    "types": [
      "establishment",
      "lodging",
      "point_of_interest"
    ],
    "lat": 48.8440998,
    "lng": 2.2797167,
    "cribsLikely": true,
    "place_id": "ChIJf-WWEQlw5kcRK9lFv-BqS28",
    "address": "35 Rue Sébastien Mercier, 75015 Paris, France",
    "website": "http://www.hotelmirabeaueiffel.com/",
    "phone": "+33 1 40 58 14 81",
    "google_url": "https://maps.google.com/?cid=8019621074977544491"
  },
  {
    "city": "Paris,",
    "country": "France",
    "name": "Hôtel de Paris Opéra",
    "rating": 4,
    "user_ratings_total": 1084,
    "price_level": null,
    "types": [
      "establishment",
      "lodging",
      "point_of_interest"
    ],
    "lat": 48.8787561,
    "lng": 2.3459915,
    "cribsLikely": true,
    "place_id": "ChIJlWeSLEBu5kcRA2I6L76sN6I",
    "address": "37 Rue de Maubeuge, 75009 Paris, France",
    "website": "https://www.parishoteldeparis.com/",
    "phone": "+33 1 48 78 34 49",
    "google_url": "https://maps.google.com/?cid=11689001290699530755"
  },
  {
    "city": "Paris,",
    "country": "France",
    "name": "Hôtel Eugène en Ville",
    "rating": 4.4,
    "user_ratings_total": 913,
    "price_level": null,
    "types": [
      "bar",
      "establishment",
      "lodging",
      "point_of_interest"
    ],
    "lat": 48.8750085,
    "lng": 2.3416517,
    "cribsLikely": true,
    "place_id": "ChIJuU8IPz9u5kcRLql-usAaKm8",
    "address": "6 Rue Buffault, 75009 Paris, France",
    "website": "http://www.eugeneenville.com/",
    "phone": "+33 1 40 22 04 34",
    "google_url": "https://maps.google.com/?cid=8010244302296754478"
  },
  {
    "city": "Paris,",
    "country": "France",
    "name": "Le Regent Montmartre",
    "rating": 3.9,
    "user_ratings_total": 1365,
    "price_level": null,
    "types": [
      "establishment",
      "lodging",
      "point_of_interest"
    ],
    "lat": 48.8827959,
    "lng": 2.3450615,
    "cribsLikely": true,
    "place_id": "ChIJDUdzQUJu5kcRF4VZgKHeyAk",
    "address": "37 Blvd Marguerite de Rochechouart, 75009 Paris, France",
    "website": "http://www.leregent.com/",
    "phone": "+33 1 48 78 24 00",
    "google_url": "https://maps.google.com/?cid=705058126907933975"
  },
  {
    "city": "Paris,",
    "country": "France",
    "name": "Hôtel De La Porte Dorée",
    "rating": 4.5,
    "user_ratings_total": 973,
    "price_level": null,
    "types": [
      "establishment",
      "lodging",
      "point_of_interest"
    ],
    "lat": 48.8360357,
    "lng": 2.4060245,
    "cribsLikely": true,
    "place_id": "ChIJXUfMvmBy5kcRzMsyUnKO90E",
    "address": "273 Av. Daumesnil, 75012 Paris, France",
    "website": "http://hoteldelaportedoree.com/",
    "phone": "+33 1 43 07 56 97",
    "google_url": "https://maps.google.com/?cid=4753424553369324492"
  },
  {
    "city": "Paris,",
    "country": "France",
    "name": "MOB HOTEL Paris les Puces",
    "rating": 4.2,
    "user_ratings_total": 2881,
    "price_level": null,
    "types": [
      "establishment",
      "food",
      "lodging",
      "point_of_interest",
      "restaurant"
    ],
    "lat": 48.9055725,
    "lng": 2.3358291,
    "cribsLikely": true,
    "place_id": "ChIJYw6ov_pu5kcRR91RpPs0mpE",
    "address": "6 Rue Gambetta, 93400 Saint-Ouen-sur-Seine, France",
    "website": "https://www.mobhotel.com/paris",
    "phone": "+33 1 47 00 70 70",
    "google_url": "https://maps.google.com/?cid=10491756537311255879"
  },
  {
    "city": "Paris,",
    "country": "France",
    "name": "Hotel Avama Prony - Paris",
    "rating": 3.8,
    "user_ratings_total": 276,
    "price_level": null,
    "types": [
      "establishment",
      "lodging",
      "point_of_interest"
    ],
    "lat": 48.8846569,
    "lng": 2.2984207,
    "cribsLikely": true,
    "place_id": "ChIJb-jHQApv5kcRAIHIVbI-OXw",
    "address": "103 b Av. de Villiers, 75017 Paris, France",
    "website": "http://www.avama-prony.com/",
    "phone": "+33 1 42 27 55 55",
    "google_url": "https://maps.google.com/?cid=8951254670039875840"
  },
  {
    "city": "Paris,",
    "country": "France",
    "name": "A La Pinte du Nord",
    "rating": 3.8,
    "user_ratings_total": 246,
    "price_level": null,
    "types": [
      "bar",
      "establishment",
      "lodging",
      "point_of_interest"
    ],
    "lat": 48.8794141,
    "lng": 2.3559951,
    "cribsLikely": true,
    "place_id": "ChIJZ3X2vG1u5kcRJz_DcCfpuEg",
    "address": "38 Rue de Saint-Quentin, 75010 Paris, France",
    "website": "http://www.lapintedunord.fr/",
    "phone": "+33 1 45 26 11 89",
    "google_url": "https://maps.google.com/?cid=5240194522050412327"
  }
]