[
  {
    "city": "Paris, France",
    "country": "France",
    "name": "Le Parisis Hôtel",
    "rating": 4.6,
    "user_ratings_total": 1123,
    "price_level": null,
    "types": [
      "establishment",
      "lodging",
      "point_of_interest"
    ],
    "lat": 48.84952510000001,
    "lng": 2.295556,
    "cribsLikely": true,
    "place_id": "ChIJjTtwWBhw5kcR7bTMVjRtNI0",
    "address": "102 Bd de Grenelle, 75015 Paris, France",
    "website": "http://hotelleparisis.com/",
    "phone": "+33 1 40 59 90 90",
    "google_url": "https://maps.google.com/?cid=10174877529698776301"
  },
  {
    "city": "Paris, France",
    "country": "France",
    "name": "Hotel Gabriel Paris",
    "rating": 4.4,
    "user_ratings_total": 550,
    "price_level": null,
    "types": [
      "establishment",
      "lodging",
      "point_of_interest"
    ],
    "lat": 48.866134,
    "lng": 2.36827,
    "cribsLikely": true,
    "place_id": "ChIJtWV6ruJt5kcRGToi7O8nhso",
    "address": "25 Rue du Grand Prieuré, 75011 Paris, France",
    "website": "http://www.hotelgabrielparis.com/",
    "phone": "+33 1 47 00 13 38",
    "google_url": "https://maps.google.com/?cid=14593395553953004057"
  },
  {
    "city": "Paris, France",
    "country": "France",
    "name": "The People",
    "rating": 4.1,
    "user_ratings_total": 1585,
    "price_level": null,
    "types": [
      "establishment",
      "lodging",
      "point_of_interest"
    ],
    "lat": 48.8501827,
    "lng": 2.3629828,
    "cribsLikely": true,
    "place_id": "ChIJjRraPPlx5kcRHCEo0fZXGmU",
    "address": "17 Bd Morland, 75004 Paris, France",
    "website": "https://www.thepeoplehostel.com/fr/destinations/paris-marais/",
    "phone": "+33 1 81 22 40 88",
    "google_url": "https://maps.google.com/?cid=7285232064807837980"
  },
  {
    "city": "Paris, France",
    "country": "France",
    "name": "Atypik Hôtel",
    "rating": 4.1,
    "user_ratings_total": 833,
    "price_level": null,
    "types": [
      "establishment",
      "lodging",
      "point_of_interest"
    ],
    "lat": 48.9038889,
    "lng": 2.3069444,
    "cribsLikely": true,
    "place_id": "ChIJV7vNRAxv5kcRFD0a6mB_n3E",
    "address": "20 Rue Villeneuve, 92110 Clichy, France",
    "website": "https://www.hotelclichy.com/",
    "phone": "+33 1 47 37 17 01",
    "google_url": "https://maps.google.com/?cid=8187402701804027156"
  },
  {
    "city": "Paris, France",
    "country": "France",
    "name": "Hôtel des Batignolles",
    "rating": 4.2,
    "user_ratings_total": 763,
    "price_level": null,
    "types": [
      "establishment",
      "lodging",
      "point_of_interest"
    ],
    "lat": 48.8849417,
    "lng": 2.3211406,
    "cribsLikely": true,
    "place_id": "ChIJ_zxGHLJv5kcRXwA_T19oKRU",
    "address": "26–28 Rue des Batignolles, 75017 Paris, France",
    "website": "http://www.batignolles.com/",
    "phone": "+33 1 43 87 70 40",
    "google_url": "https://maps.google.com/?cid=1524864707402334303"
  },
  {
    "city": "Paris, France",
    "country": "France",
    "name": "ibis budget Paris Porte de Pantin",
    "rating": 3.6,
    "user_ratings_total": 1549,
    "price_level": null,
    "types": [
      "establishment",
      "lodging",
      "point_of_interest"
    ],
    "lat": 48.8968227,
    "lng": 2.4037298,
    "cribsLikely": true,
    "place_id": "ChIJc0nZak1s5kcRjTQmtkNlVGI",
    "address": "96-98 Av. du Général Leclerc, 93500 Pantin, France",
    "website": "https://all.accor.com/lien_externe.svlt?goto=fiche_hotel&code_hotel=3088&merchantid=seo-maps-FR-3088&sourceid=aw-cen&utm_medium=seo%20maps&utm_source=google%20Maps&utm_campaign=seo%20maps",
    "phone": "+33 892 68 07 19",
    "google_url": "https://maps.google.com/?cid=7085399455253804173"
  },
  {
    "city": "Paris, France",
    "country": "France",
    "name": "Mont Dore Hotel - Paris Batignolles",
    "rating": 3.7,
    "user_ratings_total": 834,
    "price_level": null,
    "types": [
      "city_hall",
      "establishment",
      "local_government_office",
      "lodging",
      "point_of_interest"
    ],
    "lat": 48.8836991,
    "lng": 2.3226914,
    "cribsLikely": true,
    "place_id": "ChIJmysgGLNv5kcRJU8peZ0991I",
    "address": "19 Rue du Mont-Dore, 75017 Paris, France",
    "website": "http://www.hotel-dumontdore.com/",
    "phone": "+33 1 45 22 36 41",
    "google_url": "https://maps.google.com/?cid=5978314776909532965"
  },
  {
    "city": "Paris, France",
    "country": "France",
    "name": "Hôtel Mirabeau Eiffel Paris",
    "rating": 3.5,
    "user_ratings_total": 477,
    "price_level": null,
    "types": [
      "establishment",
      "lodging",
      "point_of_interest"
    ],
    "lat": 48.8440998,
    "lng": 2.2797167,
    "cribsLikely": true,
    "place_id": "ChIJf-WWEQlw5kcRK9lFv-BqS28",
    "address": "35 Rue Sébastien Mercier, 75015 Paris, France",
    "website": "http://www.hotelmirabeaueiffel.com/",
    "phone": "+33 1 40 58 14 81",
    "google_url": "https://maps.google.com/?cid=8019621074977544491"
  },
  {
    "city": "Paris, France",
    "country": "France",
    "name": "Hotel George - Astotel",
    "rating": 4.7,
    "user_ratings_total": 816,
    "price_level": null,
    "types": [
      "establishment",
      "lodging",
      "point_of_interest"
    ],
    "lat": 48.8795926,
    "lng": 2.3364498,
    "cribsLikely": true,
    "place_id": "ChIJJ_nYNUZu5kcRsEXqhQy7Ha8",
    "address": "46 Rue Notre Dame de Lorette, 75009 Paris, France",
    "website": "https://www.astotel.com/hotel/george-opera/overview#utm_source=google&utm_medium=organic&utm_campaign=mybusiness_george",
    "phone": "+33 1 48 74 03 29",
    "google_url": "https://maps.google.com/?cid=12618447393422722480"
  },
  {
    "city": "Paris, France",
    "country": "France",
    "name": "Picardy Hotel Paris",
    "rating": 2.5,
    "user_ratings_total": 627,
    "price_level": null,
    "types": [
      "establishment",
      "lodging",
      "point_of_interest"
    ],
    "lat": 48.8794667,
    "lng": 2.3568239,
    "cribsLikely": true,
    "place_id": "ChIJCzG5kW1u5kcR8K7mthdliO0",
    "address": "9 Rue de Dunkerque, 75010 Paris, France",
    "website": "http://www.hotelpicardy.eu/",
    "phone": "+33 1 42 81 00 66",
    "google_url": "https://maps.google.com/?cid=17116041536348794608"
  },
  {
    "city": "Paris, France",
    "country": "France",
    "name": "Hôtel de Paris Opéra",
    "rating": 4,
    "user_ratings_total": 1084,
    "price_level": null,
    "types": [
      "establishment",
      "lodging",
      "point_of_interest"
    ],
    "lat": 48.8787561,
    "lng": 2.3459915,
    "cribsLikely": true,
    "place_id": "ChIJlWeSLEBu5kcRA2I6L76sN6I",
    "address": "37 Rue de Maubeuge, 75009 Paris, France",
    "website": "https://www.parishoteldeparis.com/",
    "phone": "+33 1 48 78 34 49",
    "google_url": "https://maps.google.com/?cid=11689001290699530755"
  },
  {
    "city": "Paris, France",
    "country": "France",
    "name": "ART hotel paris est",
    "rating": 3.3,
    "user_ratings_total": 1211,
    "price_level": null,
    "types": [
      "establishment",
      "lodging",
      "point_of_interest"
    ],
    "lat": 48.893333,
    "lng": 2.3983318,
    "cribsLikely": true,
    "place_id": "ChIJZ_swfLNt5kcRpB8_-bZYg_M",
    "address": "23-25 Rue Scandicci, 93500 Pantin, France",
    "website": "https://www.residhotel.com/residence/art-hotel-paris-est/",
    "phone": "+33 1 49 42 95 13",
    "google_url": "https://maps.google.com/?cid=17546966116054540196"
  }
]