[
  {
    "city": "Perth, Australia",
    "country": "Australia",
    "name": "DoubleTree by Hilton Perth Northbridge",
    "rating": 4.3,
    "user_ratings_total": 1354,
    "price_level": null,
    "types": [
      "establishment",
      "lodging",
      "point_of_interest",
      "spa"
    ],
    "lat": -31.9483736,
    "lng": 115.8583762,
    "cribsLikely": true,
    "place_id": "ChIJo45rfNG6MioRio9rKItKwaQ",
    "address": "100 James St, Northbridge WA 6003, Australia",
    "website": "https://www.hilton.com/en/hotels/perdtdi-doubletree-perth-northbridge/?SEO_id=GMB-APAC-DI-PERDTDI",
    "phone": "+61 8 6148 2000",
    "google_url": "https://maps.google.com/?cid=11871852054264385418"
  },
  {
    "city": "Perth, Australia",
    "country": "Australia",
    "name": "Crown Towers Perth",
    "rating": 4.4,
    "user_ratings_total": 8309,
    "price_level": null,
    "types": [
      "bar",
      "establishment",
      "lodging",
      "point_of_interest"
    ],
    "lat": -31.9591834,
    "lng": 115.8938337,
    "cribsLikely": true,
    "place_id": "ChIJiRCkGAm7MioRXBvBJyubyHg",
    "address": "Great Eastern Hwy, Burswood WA 6100, Australia",
    "website": "https://www.crownhotels.com.au/perth/crown-towers?utm_source=local-directories&utm_medium=organic&utm_campaign=travelclick-localconnect",
    "phone": "+61 8 9362 8888",
    "google_url": "https://maps.google.com/?cid=8703376889546349404"
  },
  {
    "city": "Perth, Australia",
    "country": "Australia",
    "name": "All Suites Perth",
    "rating": 4,
    "user_ratings_total": 433,
    "price_level": null,
    "types": [
      "establishment",
      "lodging",
      "point_of_interest"
    ],
    "lat": -31.9568808,
    "lng": 115.8658976,
    "cribsLikely": true,
    "place_id": "ChIJ-VhaSya7MioRNj2W6RyN51M",
    "address": "12 Victoria Ave, Perth WA 6000, Australia",
    "website": "https://www.allsuitesperth.com.au/",
    "phone": "+61 8 9468 3288",
    "google_url": "https://maps.google.com/?cid=6045956180085718326"
  },
  {
    "city": "Perth, Australia",
    "country": "Australia",
    "name": "Residence on Langley Park",
    "rating": 4.4,
    "user_ratings_total": 250,
    "price_level": null,
    "types": [
      "establishment",
      "lodging",
      "point_of_interest"
    ],
    "lat": -31.9610276,
    "lng": 115.8735095,
    "cribsLikely": true,
    "place_id": "ChIJ386MBxq7MioRtDa5q-3k6A8",
    "address": "99 Adelaide Terrace, Perth WA 6000, Australia",
    "website": "https://the-residence.com/",
    "phone": "+61 8 6559 0800",
    "google_url": "https://maps.google.com/?cid=1146417814605215412"
  },
  {
    "city": "Perth, Australia",
    "country": "Australia",
    "name": "Astra Apartments Perth CBD",
    "rating": 3.7,
    "user_ratings_total": 7,
    "price_level": null,
    "types": [
      "establishment",
      "lodging",
      "point_of_interest"
    ],
    "lat": -31.9583948,
    "lng": 115.866845,
    "cribsLikely": true,
    "place_id": "ChIJg_WHYia7MioRYMIOQbGJe3g",
    "address": "237 Adelaide Terrace, Perth WA 6000, Australia",
    "website": "https://www.astraapartments.com.au/locations/perth-cbd/?utm_source=google&utm_medium=GMB&utm_campaign=perth",
    "phone": "+61 428 183 000",
    "google_url": "https://maps.google.com/?cid=8681684101080466016"
  },
  {
    "city": "Perth, Australia",
    "country": "Australia",
    "name": "Holiday Inn Perth City Centre by IHG",
    "rating": 4.3,
    "user_ratings_total": 862,
    "price_level": null,
    "types": [
      "establishment",
      "lodging",
      "point_of_interest"
    ],
    "lat": -31.952984,
    "lng": 115.8559137,
    "cribsLikely": true,
    "place_id": "ChIJk9zmT9S6MioRCo4m9_hw8Zk",
    "address": "778/788 Hay St, Perth WA 6000, Australia",
    "website": "https://www.ihg.com/holidayinn/hotels/us/en/perth/purhs/hoteldetail?cm_mmc=GoogleMaps-_-HI-_-AU-_-PURHS",
    "phone": "+61 8 9261 7200",
    "google_url": "https://maps.google.com/?cid=11092771571790941706"
  },
  {
    "city": "Perth, Australia",
    "country": "Australia",
    "name": "Duxton Hotel Perth",
    "rating": 4.3,
    "user_ratings_total": 2338,
    "price_level": null,
    "types": [
      "bar",
      "establishment",
      "food",
      "lodging",
      "point_of_interest",
      "restaurant"
    ],
    "lat": -31.9578672,
    "lng": 115.8646092,
    "cribsLikely": true,
    "place_id": "ChIJX_09MCa7MioRDV3ixi9fX-A",
    "address": "1 St Georges Terrace, Perth WA 6000, Australia",
    "website": "https://www.perth.duxtonhotels.com/",
    "phone": "+61 8 9261 8000",
    "google_url": "https://maps.google.com/?cid=16167745846088195341"
  },
  {
    "city": "Perth, Australia",
    "country": "Australia",
    "name": "Quest East Perth",
    "rating": 4.3,
    "user_ratings_total": 422,
    "price_level": null,
    "types": [
      "establishment",
      "lodging",
      "point_of_interest"
    ],
    "lat": -31.9589746,
    "lng": 115.8708941,
    "cribsLikely": true,
    "place_id": "ChIJ0dp57yO7MioRTs9DY2rFngc",
    "address": "176 Adelaide Terrace, East Perth WA 6004, Australia",
    "website": "https://www.questapartments.com.au/properties/wa/east-perth/quest-east-perth",
    "phone": "+61 8 6210 6000",
    "google_url": "https://maps.google.com/?cid=549093265308372814"
  },
  {
    "city": "Perth, Australia",
    "country": "Australia",
    "name": "Oaks Perth Hotel",
    "rating": 3.9,
    "user_ratings_total": 776,
    "price_level": null,
    "types": [
      "establishment",
      "lodging",
      "point_of_interest"
    ],
    "lat": -31.9522674,
    "lng": 115.8566016,
    "cribsLikely": true,
    "place_id": "ChIJg0xRFdS6MioRiyfwyFhSwVU",
    "address": "305 Murray St, Perth WA 6000, Australia",
    "website": "https://www.oakshotels.com/en/oaks-perth-hotel",
    "phone": "+61 1300 572 149",
    "google_url": "https://maps.google.com/?cid=6179310705010812811"
  },
  {
    "city": "Perth, Australia",
    "country": "Australia",
    "name": "The Great Southern Hotel Perth",
    "rating": 4,
    "user_ratings_total": 1107,
    "price_level": null,
    "types": [
      "establishment",
      "lodging",
      "point_of_interest"
    ],
    "lat": -31.944542,
    "lng": 115.8637151,
    "cribsLikely": true,
    "place_id": "ChIJIUNuBNC6MioRfxTiGgQ7UqY",
    "address": "15 Robinson Ave, Perth WA 6000, Australia",
    "website": "http://greatsouthernhotel.com.au/great-southern-hotel-perth/",
    "phone": "+61 8 9328 0000",
    "google_url": "https://maps.google.com/?cid=11984706447203243135"
  },
  {
    "city": "Perth, Australia",
    "country": "Australia",
    "name": "The Carlisle Hotel & Distillery",
    "rating": 4.1,
    "user_ratings_total": 974,
    "price_level": 2,
    "types": [
      "bar",
      "establishment",
      "food",
      "liquor_store",
      "lodging",
      "night_club",
      "point_of_interest",
      "restaurant",
      "store"
    ],
    "lat": -31.9797631,
    "lng": 115.9108697,
    "cribsLikely": true,
    "place_id": "ChIJ2e-OjoW7MioRGkFpmJiSkSg",
    "address": "174 Rutland Ave, Carlisle WA 6101, Australia",
    "website": "https://thecarlislehotel.com.au/?utm_source=local&utm_medium=organic&utm_campaign=gmb",
    "phone": null,
    "google_url": "https://maps.google.com/?cid=2923278817229881626"
  },
  {
    "city": "Perth, Australia",
    "country": "Australia",
    "name": "Rendezvous Hotel Perth Scarborough",
    "rating": 3.9,
    "user_ratings_total": 2994,
    "price_level": null,
    "types": [
      "establishment",
      "food",
      "lodging",
      "point_of_interest",
      "restaurant"
    ],
    "lat": -31.8937249,
    "lng": 115.7572864,
    "cribsLikely": true,
    "place_id": "ChIJ71LBRtWoMioR4PKc4Mj7C9c",
    "address": "148 The Esplanade, Scarborough WA 6019, Australia",
    "website": "https://rendezvoushotels.com.au/book-accommodation/perth/rendezvous-hotel-perth-scarborough/?check_in=2025-09-04&check_out=2025-09-06&adult_count=2&child_count=0&promo_code=BF100&rate_code=&rooms=1&utm_source=googleplaces&utm_medium=organic&utm_campaign=googleplaces&utm_content=rendezvous-perth-scarborough&utm_term=plcid_7138362105515240770",
    "phone": "+61 8 9245 1000",
    "google_url": "https://maps.google.com/?cid=15495755783078736608"
  }
]