[
  {
    "city": "Phnom Penh, Cambodia",
    "country": "Cambodia",
    "name": "Botum Palace Hotel",
    "rating": 4.4,
    "user_ratings_total": 209,
    "price_level": null,
    "types": [
      "establishment",
      "lodging",
      "point_of_interest"
    ],
    "lat": 11.55458,
    "lng": 104.9326522,
    "cribsLikely": true,
    "place_id": "ChIJU6w38DFRCTERXmi4VqtS0ow",
    "address": "#45ZY, St. Samdach Sothearos, Tonlebasak, Chamkamon Blvd Phnom Penh, Phnom Penh 12301, Cambodia",
    "website": "http://www.botumpalace.com/",
    "phone": "+855 93 235 959",
    "google_url": "https://maps.google.com/?cid=10147263806266959966"
  },
  {
    "city": "Phnom Penh, Cambodia",
    "country": "Cambodia",
    "name": "Phnom Penh 51 Hotel & Residences",
    "rating": 4,
    "user_ratings_total": 528,
    "price_level": null,
    "types": [
      "establishment",
      "lodging",
      "point_of_interest"
    ],
    "lat": 11.5569242,
    "lng": 104.9255923,
    "cribsLikely": true,
    "place_id": "ChIJezRbvUVRCTERxtQMNv8US4U",
    "address": "No.17, St.51 (Pasteur) Corner, Chaktomuk, St 262, Phnom Penh 12200, Cambodia",
    "website": "http://www.phnompenh51hotel.com/",
    "phone": "+855 87 300 666",
    "google_url": "https://maps.google.com/?cid=9604793716653741254"
  },
  {
    "city": "Phnom Penh, Cambodia",
    "country": "Cambodia",
    "name": "Residence 110 Hotel and Apartments",
    "rating": 4,
    "user_ratings_total": 255,
    "price_level": null,
    "types": [
      "establishment",
      "lodging",
      "point_of_interest"
    ],
    "lat": 11.572939,
    "lng": 104.9258035,
    "cribsLikely": true,
    "place_id": "ChIJ-db5VC9RCTER9xAXsG8aUw0",
    "address": "HWFG+38C, 73+73 Preah Ang Duong St. (110), Phnom Penh 120211, Cambodia",
    "website": "http://www.residence110.com/",
    "phone": "+855 77 722 227",
    "google_url": "https://maps.google.com/?cid=960140212558041335"
  },
  {
    "city": "Phnom Penh, Cambodia",
    "country": "Cambodia",
    "name": "The Peninsula Phnom Penh",
    "rating": 4.8,
    "user_ratings_total": 1044,
    "price_level": null,
    "types": [
      "establishment",
      "lodging",
      "point_of_interest"
    ],
    "lat": 11.5894453,
    "lng": 104.9286472,
    "cribsLikely": true,
    "place_id": "ChIJ2x1wWxJTCTERtm0M0oSY92s",
    "address": "3G Keo Chenda St, Phnom Penh 121001, Cambodia",
    "website": "https://thepeninsula-cambodia.com/",
    "phone": "+855 70 911 222",
    "google_url": "https://maps.google.com/?cid=7779854577532956086"
  },
  {
    "city": "Phnom Penh, Cambodia",
    "country": "Cambodia",
    "name": "The Local Riverside Guesthouse",
    "rating": 4,
    "user_ratings_total": 79,
    "price_level": null,
    "types": [
      "establishment",
      "lodging",
      "point_of_interest"
    ],
    "lat": 11.5704066,
    "lng": 104.9295132,
    "cribsLikely": true,
    "place_id": "ChIJy2WW0khRCTERKYM2TMOsYK8",
    "address": "#8Eo Street 144 Conjuction Sisowath, Riverside Path, Phnom Penh, Cambodia",
    "website": "http://www.thelocalriverside.com/",
    "phone": "+855 92 421 948",
    "google_url": "https://maps.google.com/?cid=12637290509198852905"
  },
  {
    "city": "Phnom Penh, Cambodia",
    "country": "Cambodia",
    "name": "NEW SEASON RIVERSIDE HOTEL",
    "rating": 4,
    "user_ratings_total": 150,
    "price_level": null,
    "types": [
      "establishment",
      "lodging",
      "point_of_interest"
    ],
    "lat": 11.5727573,
    "lng": 104.9288032,
    "cribsLikely": true,
    "place_id": "ChIJ1Xzbd3xRCTERsOwXmhEhp14",
    "address": "171 Preah Sisowath Quay, Phnom Penh 12204, Cambodia",
    "website": "http://newseasonpp.wixsite.com/my-site",
    "phone": "+855 10 600 242",
    "google_url": "https://maps.google.com/?cid=6820456520159325360"
  },
  {
    "city": "Phnom Penh, Cambodia",
    "country": "Cambodia",
    "name": "G Mekong Hotel",
    "rating": 4.2,
    "user_ratings_total": 623,
    "price_level": null,
    "types": [
      "clothing_store",
      "establishment",
      "lodging",
      "point_of_interest",
      "store"
    ],
    "lat": 11.5615469,
    "lng": 104.9195911,
    "cribsLikely": true,
    "place_id": "ChIJY6Yw6j5RCTERE2I6yDlkMyc",
    "address": "Orussey Market Area, 419 មហាវិថី ព្រះមុនីវង្ស (៩៣), ភ្នំពេញ 12257, Cambodia",
    "website": "http://www.gmekonghotel.com/",
    "phone": "+855 23 999 388",
    "google_url": "https://maps.google.com/?cid=2824711590626615827"
  },
  {
    "city": "Phnom Penh, Cambodia",
    "country": "Cambodia",
    "name": "Hotel Cambodiana",
    "rating": 4.2,
    "user_ratings_total": 1978,
    "price_level": null,
    "types": [
      "bakery",
      "bar",
      "cafe",
      "establishment",
      "food",
      "lodging",
      "point_of_interest",
      "restaurant",
      "store"
    ],
    "lat": 11.5598565,
    "lng": 104.9361633,
    "cribsLikely": true,
    "place_id": "ChIJ0_pYjzRRCTER9VN-OjJcFUM",
    "address": "313 Preah Sisowath Quay Phnom Penh, Phnom Penh 12206, Cambodia",
    "website": "http://hotelcambodiana.com.kh/",
    "phone": "+855 76 990 0900",
    "google_url": "https://maps.google.com/?cid=4833871145851573237"
  },
  {
    "city": "Phnom Penh, Cambodia",
    "country": "Cambodia",
    "name": "PARC 21 LUXURY BOUTIQUE HOTEL AND RESIDENCE",
    "rating": 4.6,
    "user_ratings_total": 206,
    "price_level": null,
    "types": [
      "establishment",
      "lodging",
      "point_of_interest"
    ],
    "lat": 11.5410622,
    "lng": 104.9203527,
    "cribsLikely": true,
    "place_id": "ChIJazkY-OFRCTERwbuWthId2gE",
    "address": "Cambodia, Phnom Penh, Phnom Penh Street 440 135",
    "website": "https://www.parc21condo.com/",
    "phone": "+855 96 966 2121",
    "google_url": "https://maps.google.com/?cid=133451105170799553"
  },
  {
    "city": "Phnom Penh, Cambodia",
    "country": "Cambodia",
    "name": "Grand Elevation Hotel",
    "rating": 3.8,
    "user_ratings_total": 415,
    "price_level": null,
    "types": [
      "establishment",
      "lodging",
      "point_of_interest"
    ],
    "lat": 11.552692,
    "lng": 104.9323786,
    "cribsLikely": true,
    "place_id": "ChIJY_m-qZdRCTER79ZtQx8PQRA",
    "address": "រាជធានី, Street Sothearos, Phnom Penh 12301, Cambodia",
    "website": "https://www.grandelevationhotel.com/",
    "phone": "+855 23 900 906",
    "google_url": "https://maps.google.com/?cid=1171234005042714351"
  },
  {
    "city": "Phnom Penh, Cambodia",
    "country": "Cambodia",
    "name": "Aquarius Hotel & Urban Resort",
    "rating": 4.5,
    "user_ratings_total": 1115,
    "price_level": null,
    "types": [
      "establishment",
      "lodging",
      "point_of_interest"
    ],
    "lat": 11.5594832,
    "lng": 104.9264723,
    "cribsLikely": true,
    "place_id": "ChIJhZ-FGzpRCTERloNWNyv1IR4",
    "address": "HW5G+QHX, Preah Ang Phanavong St. (240), Phnom Penh, Cambodia",
    "website": "http://www.aquariushotel.asia/",
    "phone": "+855 23 972 089",
    "google_url": "https://maps.google.com/?cid=2171286061330105238"
  },
  {
    "city": "Phnom Penh, Cambodia",
    "country": "Cambodia",
    "name": "Saravoan Royal Palace Hotel",
    "rating": 4.3,
    "user_ratings_total": 299,
    "price_level": null,
    "types": [
      "establishment",
      "lodging",
      "point_of_interest"
    ],
    "lat": 11.5652129,
    "lng": 104.926582,
    "cribsLikely": true,
    "place_id": "ChIJY5US-EdRCTERuXzNlI5KHXc",
    "address": "Near Royal Palace & National Museum, 43 Samdach Preah Sokun Meanbon St. (178), Phnom Penh, Cambodia",
    "website": "https://www.saravoanroyalpalacehotel.com/",
    "phone": "+855 12 822 238",
    "google_url": "https://maps.google.com/?cid=8583098441080339641"
  }
]