[
  {
    "city": "Phuket, Thailand",
    "country": "Thailand",
    "name": "Radisson Resort & Suites Phuket",
    "rating": 4.4,
    "user_ratings_total": 1643,
    "price_level": null,
    "types": [
      "establishment",
      "lodging",
      "point_of_interest"
    ],
    "lat": 7.9613006,
    "lng": 98.2866859,
    "cribsLikely": true,
    "place_id": "ChIJVfBv-yMuUDARy-NGKf1ENfU",
    "address": "100, 10, Tambon Kamala, Amphoe Kathu, Chang Wat Phuket 83150, Thailand",
    "website": "https://www.radissonhotels.com/en-us/hotels/radisson-resort-phuket?cid=a:se+b:gmb+c:apac+i:local+e:rad+d:seap+h:THHKTPHU",
    "phone": "+66 76 303 000",
    "google_url": "https://maps.google.com/?cid=17669104567167935435"
  },
  {
    "city": "Phuket, Thailand",
    "country": "Thailand",
    "name": "Phuket Kata Resotel",
    "rating": 4.2,
    "user_ratings_total": 562,
    "price_level": null,
    "types": [
      "establishment",
      "lodging",
      "point_of_interest"
    ],
    "lat": 7.816835899999999,
    "lng": 98.3014448,
    "cribsLikely": true,
    "place_id": "ChIJMydLi44lUDARIb28ev0T65s",
    "address": "30, 9 Thanon Kata, Tambon Karon, Amphoe Mueang Phuket, Chang Wat Phuket 83100, Thailand",
    "website": "http://www.phuketkataresotel.com/",
    "phone": "+66 95 743 4884",
    "google_url": "https://maps.google.com/?cid=11235095674812677409"
  },
  {
    "city": "Phuket, Thailand",
    "country": "Thailand",
    "name": "Phuket Emerald Beach Resort",
    "rating": 4.7,
    "user_ratings_total": 1559,
    "price_level": null,
    "types": [
      "establishment",
      "lodging",
      "point_of_interest"
    ],
    "lat": 7.8444571,
    "lng": 98.2946036,
    "cribsLikely": true,
    "place_id": "ChIJCZ-bUn0lUDARQyUo214u-3M",
    "address": "202, 19 Karon Rd, Tambon Karon, Amphoe Mueang Phuket, Chang Wat Phuket 83100, Thailand",
    "website": "https://whitesandbluesea.com/phuketemeraldbeachresort/",
    "phone": "+66 76 639 639",
    "google_url": "https://maps.google.com/?cid=8357324518454732099"
  },
  {
    "city": "Phuket, Thailand",
    "country": "Thailand",
    "name": "Baan Laimai Beach Resort & Spa",
    "rating": 4.4,
    "user_ratings_total": 6785,
    "price_level": null,
    "types": [
      "establishment",
      "lodging",
      "point_of_interest"
    ],
    "lat": 7.889818200000001,
    "lng": 98.2931586,
    "cribsLikely": true,
    "place_id": "ChIJ6TQCfLs6UDARf7UeLbYwbt8",
    "address": "66 Thanon Thawewong, Tambon Patong, Amphoe Kathu, Chang Wat Phuket 83150, Thailand",
    "website": "http://www.baanlaimai.com/",
    "phone": "+66 76 342 620",
    "google_url": "https://maps.google.com/?cid=16099859276895270271"
  },
  {
    "city": "Phuket, Thailand",
    "country": "Thailand",
    "name": "Thavorn Palm Beach Resort",
    "rating": 4.6,
    "user_ratings_total": 5216,
    "price_level": null,
    "types": [
      "establishment",
      "lodging",
      "point_of_interest"
    ],
    "lat": 7.836080399999999,
    "lng": 98.2965648,
    "cribsLikely": true,
    "place_id": "ChIJk-tFqXclUDAR36Ig5vqWCQ0",
    "address": "311 Patak Rd, Tambon Karon, Amphoe Mueang Phuket, Chang Wat Phuket 83100, Thailand",
    "website": "https://www.thavornpalmbeach.com/",
    "phone": "+66 76 396 090",
    "google_url": "https://maps.google.com/?cid=939448001630347999"
  },
  {
    "city": "Phuket, Thailand",
    "country": "Thailand",
    "name": "Phuket Marriott Resort & Spa, Merlin Beach",
    "rating": 4.6,
    "user_ratings_total": 4724,
    "price_level": null,
    "types": [
      "establishment",
      "lodging",
      "point_of_interest"
    ],
    "lat": 7.8839133,
    "lng": 98.27257709999999,
    "cribsLikely": true,
    "place_id": "ChIJ29BYbjIlUDARL2zUokhvDmg",
    "address": "99 Muen-Ngoen Road, Tambon Patong, Phuket, Chang Wat Phuket 83150, Thailand",
    "website": "https://www.marriott.com/en-us/hotels/hktmb-phuket-marriott-resort-and-spa-merlin-beach/overview/?scid=f2ae0541-1279-4f24-b197-a979c79310b0",
    "phone": "+66 76 335 300",
    "google_url": "https://maps.google.com/?cid=7498052787378613295"
  },
  {
    "city": "Phuket, Thailand",
    "country": "Thailand",
    "name": "Nai Yang Beach Resort & Spa",
    "rating": 4.3,
    "user_ratings_total": 1590,
    "price_level": null,
    "types": [
      "establishment",
      "lodging",
      "point_of_interest"
    ],
    "lat": 8.0882963,
    "lng": 98.297945,
    "cribsLikely": true,
    "place_id": "ChIJe74pHNJHUDARmp8Kz2aURUU",
    "address": "65/23-24,Nai Yang Beach Road Tambon Sa Khu, Amphoe Thalang, Chang Wat Phuket 83110, Thailand",
    "website": "http://www.naiyangbeachresort.com/",
    "phone": "+66 76 328 300",
    "google_url": "https://maps.google.com/?cid=4991558931291217818"
  },
  {
    "city": "Phuket, Thailand",
    "country": "Thailand",
    "name": "B2 Phuket Premier Hotel",
    "rating": 4.7,
    "user_ratings_total": 1453,
    "price_level": null,
    "types": [
      "establishment",
      "lodging",
      "point_of_interest"
    ],
    "lat": 7.8976734,
    "lng": 98.3510171,
    "cribsLikely": true,
    "place_id": "ChIJdV6l1PkxUDAR1Bflls66jQo",
    "address": "150 Moo7 Mueang Chaofa road, ตำบล กะทู้ อำเภอกะทู้ ภูเก็ต 83120, Thailand",
    "website": "https://www.b2hotel.com/phuket/b2-phuket-premier-hotel/",
    "phone": "+66 76 602 833",
    "google_url": "https://maps.google.com/?cid=760469308553107412"
  },
  {
    "city": "Phuket, Thailand",
    "country": "Thailand",
    "name": "Hotel Tide Phuket",
    "rating": 4.1,
    "user_ratings_total": 815,
    "price_level": null,
    "types": [
      "establishment",
      "lodging",
      "point_of_interest"
    ],
    "lat": 7.876072799999999,
    "lng": 98.4292936,
    "cribsLikely": true,
    "place_id": "ChIJo4dL9HcyUDARS8RHIyGPI9c",
    "address": "168, Moo 1, Rassada, VCGH+7V ตำบล รัษฎา อำเภอเมืองภูเก็ต ภูเก็ต 83000, Thailand",
    "website": "http://hoteltidephuket.com/",
    "phone": "+66 76 530 378",
    "google_url": "https://maps.google.com/?cid=15502391714827977803"
  },
  {
    "city": "Phuket, Thailand",
    "country": "Thailand",
    "name": "Island Escape Burasari",
    "rating": 3.9,
    "user_ratings_total": 1015,
    "price_level": null,
    "types": [
      "establishment",
      "lodging",
      "point_of_interest"
    ],
    "lat": 7.9441491,
    "lng": 98.43671979999999,
    "cribsLikely": true,
    "place_id": "ChIJtyDeBFsxUDARsPY6W8l7iXk",
    "address": "94/4 Moo 6, Tambon, ตำบล เกาะแก้ว Amphur Muang, ภูเก็ต 83000, Thailand",
    "website": "http://www.isescape.com/",
    "phone": "+66 76 643 643",
    "google_url": "https://maps.google.com/?cid=8757667055147873968"
  },
  {
    "city": "Phuket, Thailand",
    "country": "Thailand",
    "name": "Holiday Inn Resort Phuket Karon Beach by IHG",
    "rating": 4.3,
    "user_ratings_total": 1814,
    "price_level": null,
    "types": [
      "establishment",
      "lodging",
      "point_of_interest"
    ],
    "lat": 7.8538275,
    "lng": 98.2927624,
    "cribsLikely": true,
    "place_id": "ChIJ4aAZoo8lUDARritLIPyOamU",
    "address": "568 Patak Rd, Tambon Karon, Phuket, Chang Wat Phuket 83110, Thailand",
    "website": "https://www.ihg.com/holidayinnresorts/hotels/us/en/muang-phuket/hktkb/hoteldetail?cm_mmc=GoogleMaps-_-RS-_-TH-_-HKTKB",
    "phone": "+66 76 358 666",
    "google_url": "https://maps.google.com/?cid=7307810558886751150"
  },
  {
    "city": "Phuket, Thailand",
    "country": "Thailand",
    "name": "Crest Resort and Pool Villas Phuket",
    "rating": 4.4,
    "user_ratings_total": 3340,
    "price_level": null,
    "types": [
      "establishment",
      "lodging",
      "point_of_interest"
    ],
    "lat": 7.881772199999999,
    "lng": 98.277632,
    "cribsLikely": true,
    "place_id": "ChIJM3yY5s06UDARPqGNbz7AbNU",
    "address": "95 Muen-Ngern Rd, Tambon Patong, Amphoe Kathu, Chang Wat Phuket 83150, Thailand",
    "website": "http://www.crestphuket.com/",
    "phone": "+66 76 310 088",
    "google_url": "https://maps.google.com/?cid=15378878201955459390"
  }
]