[
  {
    "city": "Porto, Portugal",
    "country": "Portugal",
    "name": "Porto A.S. 1829 Hotel",
    "rating": 4.5,
    "user_ratings_total": 714,
    "price_level": null,
    "types": [
      "establishment",
      "lodging",
      "point_of_interest"
    ],
    "lat": 41.1429603,
    "lng": -8.6149224,
    "cribsLikely": true,
    "place_id": "ChIJz7_G7OFkJA0RsEs4_5QD1xw",
    "address": "Lgo de S. Domingos 45 55, 4050-097 Porto, Portugal",
    "website": "https://www.artsoulgroup.com/portoas1829hotel?utm_source=MyBusiness&utm_medium=botao&utm_campaign=websiteas1829",
    "phone": "+351 22 340 2740",
    "google_url": "https://maps.google.com/?cid=2078133691526695856"
  },
  {
    "city": "Porto, Portugal",
    "country": "Portugal",
    "name": "The Convo Porto Hotel & Apartment",
    "rating": 4.3,
    "user_ratings_total": 255,
    "price_level": null,
    "types": [
      "establishment",
      "lodging",
      "point_of_interest"
    ],
    "lat": 41.1596095,
    "lng": -8.6014483,
    "cribsLikely": true,
    "place_id": "ChIJw2SbJvZkJA0RmvMW4gHTALU",
    "address": "Região Norte PT, R. de Latino Coelho 244, 4050-314 Porto, Portugal",
    "website": "https://www.hotelmetierboutique.com/",
    "phone": null,
    "google_url": "https://maps.google.com/?cid=13042656525906539418"
  },
  {
    "city": "Porto, Portugal",
    "country": "Portugal",
    "name": "The Central House Porto Ribeira",
    "rating": 4.3,
    "user_ratings_total": 473,
    "price_level": null,
    "types": [
      "establishment",
      "lodging",
      "point_of_interest"
    ],
    "lat": 41.141385,
    "lng": -8.613329,
    "cribsLikely": true,
    "place_id": "ChIJocEFLlRlJA0RVh9lmtR6U_E",
    "address": "R. de S. João 40, 4050-492 Porto, Portugal",
    "website": "https://thecentralhousehostels.com/porto-ribeira/",
    "phone": "+351 22 245 0029",
    "google_url": "https://maps.google.com/?cid=17389377639749590870"
  },
  {
    "city": "Porto, Portugal",
    "country": "Portugal",
    "name": "BessaHotel Boavista",
    "rating": 4.4,
    "user_ratings_total": 1885,
    "price_level": null,
    "types": [
      "establishment",
      "lodging",
      "point_of_interest"
    ],
    "lat": 41.1623263,
    "lng": -8.6449883,
    "cribsLikely": true,
    "place_id": "ChIJSwz_75tlJA0R71MIjfXBEUw",
    "address": "R. do Dr. Marques Carvalho 111, 4100-325 Porto, Portugal",
    "website": "https://boavista.bessahotel.com/",
    "phone": "+351 22 605 0000",
    "google_url": "https://maps.google.com/?cid=5481375481863885807"
  },
  {
    "city": "Porto, Portugal",
    "country": "Portugal",
    "name": "Hotel Portinari",
    "rating": 3.1,
    "user_ratings_total": 540,
    "price_level": null,
    "types": [
      "establishment",
      "lodging",
      "point_of_interest"
    ],
    "lat": 41.1830301,
    "lng": -8.596849599999999,
    "cribsLikely": true,
    "place_id": "ChIJ6103_z5kJA0RzRCvixBns8Y",
    "address": "R. da Arroteia 68, 4200-091 Porto, Portugal",
    "website": "http://hotelportinari.com/site/php/contactos.html",
    "phone": "+351 22 551 0410",
    "google_url": "https://maps.google.com/?cid=14317900961101582541"
  },
  {
    "city": "Porto, Portugal",
    "country": "Portugal",
    "name": "Espaco Zero",
    "rating": 3.3,
    "user_ratings_total": 7,
    "price_level": null,
    "types": [
      "establishment",
      "lodging",
      "point_of_interest"
    ],
    "lat": 41.146876,
    "lng": -8.610369,
    "cribsLikely": true,
    "place_id": "ChIJ_3yacSllJA0R0yIJlFilYDQ",
    "address": "R. de Sampaio Bruno 25, 4000-040 Porto, Portugal",
    "website": "https://espacozeroporto.traveleto.com/",
    "phone": null,
    "google_url": "https://maps.google.com/?cid=3774198287595807443"
  },
  {
    "city": "Porto, Portugal",
    "country": "Portugal",
    "name": "Invictus Hostel",
    "rating": 4.2,
    "user_ratings_total": 395,
    "price_level": null,
    "types": [
      "establishment",
      "lodging",
      "point_of_interest"
    ],
    "lat": 41.1497879,
    "lng": -8.614974,
    "cribsLikely": true,
    "place_id": "ChIJrUneRv1kJA0RiywW6a8Qo5A",
    "address": "R. Das Oliveiras 73, 4050-449 Porto, Portugal",
    "website": "http://www.invictushostel.com/",
    "phone": "+351 914 119 962",
    "google_url": "https://maps.google.com/?cid=10422192310381325451"
  },
  {
    "city": "Porto, Portugal",
    "country": "Portugal",
    "name": "Aparthotel Oporto Sol",
    "rating": 4.2,
    "user_ratings_total": 68,
    "price_level": null,
    "types": [
      "establishment",
      "lodging",
      "point_of_interest"
    ],
    "lat": 41.1432486,
    "lng": -8.6072405,
    "cribsLikely": true,
    "place_id": "ChIJHyyKZ-ZkJA0RjHN_mMgOTLY",
    "address": "R. do Sol 127, 4000-530 Porto, Portugal",
    "website": "https://www.aparthoteloporto.com/oporto-sol/",
    "phone": "+351 911 928 244",
    "google_url": "https://maps.google.com/?cid=13135890467847631756"
  },
  {
    "city": "Porto, Portugal",
    "country": "Portugal",
    "name": "ibis budget Porto Gaia",
    "rating": 4,
    "user_ratings_total": 2324,
    "price_level": null,
    "types": [
      "establishment",
      "lodging",
      "point_of_interest"
    ],
    "lat": 41.1439083,
    "lng": -8.640219499999999,
    "cribsLikely": true,
    "place_id": "ChIJz6w9_2xlJA0Riw0fXvqJwzE",
    "address": "R. Martir São Sebastião 390, 4400-499 Vila Nova de Gaia, Portugal",
    "website": "https://all.accor.com/lien_externe.svlt?goto=fiche_hotel&code_hotel=5106&merchantid=seo-maps-PT-5106&sourceid=aw-cen&utm_medium=seo%20maps&utm_source=google%20Maps&utm_campaign=seo%20maps",
    "phone": "+351 22 772 7020",
    "google_url": "https://maps.google.com/?cid=3585861436730969483"
  },
  {
    "city": "Porto, Portugal",
    "country": "Portugal",
    "name": "Hotel Vincci Porto",
    "rating": 4.5,
    "user_ratings_total": 2136,
    "price_level": null,
    "types": [
      "establishment",
      "lodging",
      "point_of_interest"
    ],
    "lat": 41.1470569,
    "lng": -8.6322277,
    "cribsLikely": true,
    "place_id": "ChIJn22q8xFlJA0RaeyGGlYI4SU",
    "address": "Alameda de Basílio Teles 29, 4150-127 Porto, Portugal",
    "website": "https://www.vincciporto.com/?utm_source=google&utm_medium=organic&utm_campaign=GoogleMyBusiness&partner=8221",
    "phone": "+351 22 043 9620",
    "google_url": "https://maps.google.com/?cid=2729472015068490857"
  },
  {
    "city": "Porto, Portugal",
    "country": "Portugal",
    "name": "So Cool Hostel Porto",
    "rating": 3.9,
    "user_ratings_total": 566,
    "price_level": null,
    "types": [
      "establishment",
      "lodging",
      "point_of_interest"
    ],
    "lat": 41.156744,
    "lng": -8.6225413,
    "cribsLikely": true,
    "place_id": "ChIJ_xJcOQdlJA0RbwzAwDV0Evw",
    "address": "R. da Boavista 783, 4050-110 Porto, Portugal",
    "website": "http://socoolhostelporto.com/",
    "phone": "+351 22 492 8334",
    "google_url": "https://maps.google.com/?cid=18163708021354531951"
  },
  {
    "city": "Porto, Portugal",
    "country": "Portugal",
    "name": "Acta The Avenue",
    "rating": 4.4,
    "user_ratings_total": 1050,
    "price_level": null,
    "types": [
      "establishment",
      "lodging",
      "point_of_interest"
    ],
    "lat": 41.1516576,
    "lng": -8.5972027,
    "cribsLikely": true,
    "place_id": "ChIJ4TYsXPJkJA0RBoA5cUOLrEY",
    "address": "Av. de Fernão de Magalhães 188, 4300-188 Porto, Portugal",
    "website": "https://www.actahotels.com/hoteles/hotel-acta-the-avenue",
    "phone": "+351 22 766 8250",
    "google_url": "https://maps.google.com/?cid=5092598400427851782"
  }
]