[
  {
    "city": "Prague, Czechia",
    "country": "Czechia",
    "name": "Hotel NH Collection Prague Carlo IV",
    "rating": 4.6,
    "user_ratings_total": 2177,
    "price_level": null,
    "types": [
      "establishment",
      "lodging",
      "point_of_interest"
    ],
    "lat": 50.086599,
    "lng": 14.433888,
    "cribsLikely": true,
    "place_id": "ChIJK6TBkhCVC0cR0sz-CEYoqjE",
    "address": "Senovážné nám. 13/991, Nové Město, 110 00 Praha-Praha 1, Czechia",
    "website": "https://www.nh-hotels.com/en/hotel/nh-collection-prague-carlo-iv?utm_campaign=local-gmb&utm_medium=organic_search&utm_source=google_gmb",
    "phone": "+420 224 593 111",
    "google_url": "https://maps.google.com/?cid=3578717135163018450"
  },
  {
    "city": "Prague, Czechia",
    "country": "Czechia",
    "name": "Hermitage Hotel Prague",
    "rating": 4.6,
    "user_ratings_total": 3206,
    "price_level": null,
    "types": [
      "bar",
      "establishment",
      "food",
      "gym",
      "health",
      "lodging",
      "point_of_interest",
      "restaurant"
    ],
    "lat": 50.06814379999999,
    "lng": 14.4183567,
    "cribsLikely": true,
    "place_id": "ChIJSSfvS16UC0cR7NcxQtBqGhk",
    "address": "Svobodova 1, Nové Město, 128 00 Praha-Praha 2, Czechia",
    "website": "https://www.hermitageprague.com/",
    "phone": "+420 225 995 225",
    "google_url": "https://maps.google.com/?cid=1808875643038980076"
  },
  {
    "city": "Prague, Czechia",
    "country": "Czechia",
    "name": "Alfons Boutique Hotel",
    "rating": 4.7,
    "user_ratings_total": 656,
    "price_level": null,
    "types": [
      "establishment",
      "lodging",
      "point_of_interest"
    ],
    "lat": 50.0740867,
    "lng": 14.4300504,
    "cribsLikely": true,
    "place_id": "ChIJZ6yZjQCVC0cR0_ZWv1ifkaw",
    "address": "Legerova 1821/41, Nové Město, 120 00 Praha-Praha 2, Czechia",
    "website": "http://www.hotelalfons.cz/",
    "phone": "+420 602 800 889",
    "google_url": "https://maps.google.com/?cid=12434895249662736083"
  },
  {
    "city": "Prague, Czechia",
    "country": "Czechia",
    "name": "THE MANES Boutique Hotel Prague",
    "rating": 5,
    "user_ratings_total": 868,
    "price_level": null,
    "types": [
      "establishment",
      "lodging",
      "point_of_interest"
    ],
    "lat": 50.0776426,
    "lng": 14.4173902,
    "cribsLikely": true,
    "place_id": "ChIJ26-EthCVC0cRN7VgprvXWFI",
    "address": "Myslíkova 20, 120 00 Praha 2-Nové Město, Czechia",
    "website": "http://www.themanes.cz/",
    "phone": "+420 778 882 765",
    "google_url": "https://maps.google.com/?cid=5933729710010840375"
  },
  {
    "city": "Prague, Czechia",
    "country": "Czechia",
    "name": "Luma Terra Prague",
    "rating": 4.8,
    "user_ratings_total": 992,
    "price_level": null,
    "types": [
      "establishment",
      "lodging",
      "point_of_interest"
    ],
    "lat": 50.0762588,
    "lng": 14.4304579,
    "cribsLikely": true,
    "place_id": "ChIJqXXUH3yVC0cRUl1dHSSxdCk",
    "address": "Legerova 72, 120 00 Praha 2-Vinohrady, Czechia",
    "website": "https://www.lumaterra.cz/",
    "phone": "+420 771 262 234",
    "google_url": "https://maps.google.com/?cid=2987207221523078482"
  },
  {
    "city": "Prague, Czechia",
    "country": "Czechia",
    "name": "MeetMe23",
    "rating": 4.6,
    "user_ratings_total": 1599,
    "price_level": null,
    "types": [
      "establishment",
      "lodging",
      "point_of_interest"
    ],
    "lat": 50.082256,
    "lng": 14.4322936,
    "cribsLikely": true,
    "place_id": "ChIJ8ap9spOUC0cR-2qoH1TdgyA",
    "address": "Washingtonova 1568/23, Nové Město, 110 00 Praha-Praha 1, Czechia",
    "website": "http://www.meetme23.com/",
    "phone": "+420 601 023 023",
    "google_url": "https://maps.google.com/?cid=2342959584540912379"
  },
  {
    "city": "Prague, Czechia",
    "country": "Czechia",
    "name": "My Hotel Apollon",
    "rating": 4.1,
    "user_ratings_total": 1134,
    "price_level": null,
    "types": [
      "establishment",
      "lodging",
      "point_of_interest"
    ],
    "lat": 50.0916465,
    "lng": 14.4770639,
    "cribsLikely": true,
    "place_id": "ChIJSw2c0USTC0cRAobibGa5Oec",
    "address": "Hartigova 1086/158, 130 00 Praha 3, Czechia",
    "website": "http://www.myhotelapollon.cz/",
    "phone": "+420 222 592 414",
    "google_url": "https://maps.google.com/?cid=16661552145998448130"
  },
  {
    "city": "Prague, Czechia",
    "country": "Czechia",
    "name": "Le Palais Art Hotel Prague",
    "rating": 4.5,
    "user_ratings_total": 1212,
    "price_level": null,
    "types": [
      "establishment",
      "lodging",
      "point_of_interest"
    ],
    "lat": 50.0698209,
    "lng": 14.4344098,
    "cribsLikely": true,
    "place_id": "ChIJOwBoEoiUC0cRKNCBZK8TZOw",
    "address": "U Zvonařky 1, 120 00 Praha 2-Vinohrady, Czechia",
    "website": "http://www.lepalaishotel.eu/",
    "phone": "+420 234 634 111",
    "google_url": "https://maps.google.com/?cid=17033761334648492072"
  },
  {
    "city": "Prague, Czechia",
    "country": "Czechia",
    "name": "Courtyard by Marriott Prague City",
    "rating": 4.4,
    "user_ratings_total": 1655,
    "price_level": null,
    "types": [
      "establishment",
      "lodging",
      "point_of_interest"
    ],
    "lat": 50.0793755,
    "lng": 14.459424,
    "cribsLikely": true,
    "place_id": "ChIJgZHMsGOTC0cR6zFMyG0ydeE",
    "address": "Lucemburská Street 46, Vinohrady, 130 00 Praha-Praha 3, Czechia",
    "website": "https://www.marriott.com/en-us/hotels/prgcy-courtyard-prague-city/overview/?scid=f2ae0541-1279-4f24-b197-a979c79310b0",
    "phone": "+420 236 088 133",
    "google_url": "https://maps.google.com/?cid=16245946677902193131"
  },
  {
    "city": "Prague, Czechia",
    "country": "Czechia",
    "name": "Boutique Hotel 16 – U Sv. Kateřiny",
    "rating": 4.6,
    "user_ratings_total": 141,
    "price_level": null,
    "types": [
      "establishment",
      "lodging",
      "point_of_interest"
    ],
    "lat": 50.073189,
    "lng": 14.423711,
    "cribsLikely": true,
    "place_id": "ChIJFfoPL4uUC0cReden4uhwp-4",
    "address": "Kateřinská 16, 128 00 Praha 2-Nové Město, Czechia",
    "website": "http://www.hotel16.cz/",
    "phone": "+420 224 920 636",
    "google_url": "https://maps.google.com/?cid=17196837847674902393"
  },
  {
    "city": "Prague, Czechia",
    "country": "Czechia",
    "name": "Grand Hotel Bohemia",
    "rating": 4.6,
    "user_ratings_total": 1660,
    "price_level": null,
    "types": [
      "establishment",
      "lodging",
      "point_of_interest"
    ],
    "lat": 50.0877566,
    "lng": 14.4266706,
    "cribsLikely": true,
    "place_id": "ChIJ3TKgqeuUC0cRnwJpSrjYebw",
    "address": "4, Králodvorská 652, 110 00 Praha 1-Staré Město, Czechia",
    "website": "http://www.grandhotelbohemia.cz/",
    "phone": "+420 234 608 111",
    "google_url": "https://maps.google.com/?cid=13581124437346419359"
  },
  {
    "city": "Prague, Czechia",
    "country": "Czechia",
    "name": "Czech Inn, Prague",
    "rating": 4.4,
    "user_ratings_total": 2077,
    "price_level": null,
    "types": [
      "establishment",
      "lodging",
      "point_of_interest"
    ],
    "lat": 50.0718358,
    "lng": 14.4464348,
    "cribsLikely": true,
    "place_id": "ChIJ62_SZ4GUC0cRLBcfYtbKWVg",
    "address": "Francouzská 240/76, Vršovice, 101 00 Praha-Praha 10, Czechia",
    "website": "http://www.czechinn.com/",
    "phone": "+420 210 011 100",
    "google_url": "https://maps.google.com/?cid=6366342570382923564"
  }
]