[
  {
    "city": "Reykjavik, Iceland",
    "country": "Iceland",
    "name": "Hilton Reykjavik Nordica",
    "rating": 4.4,
    "user_ratings_total": 2143,
    "price_level": null,
    "types": [
      "establishment",
      "lodging",
      "point_of_interest",
      "spa"
    ],
    "lat": 64.139832,
    "lng": -21.888804,
    "cribsLikely": true,
    "place_id": "ChIJcdDWyrh01kgRZOeAzmKmkJE",
    "address": "Suðurlandsbraut 2, 108 Reykjavík, Iceland",
    "website": "https://www.hilton.com/en/hotels/kefhfhi-hilton-reykjavik-nordica/?SEO_id=GMB-EMEA-HI-KEFHFHI",
    "phone": "+354 444 5000",
    "google_url": "https://maps.google.com/?cid=10489066475447445348"
  },
  {
    "city": "Reykjavik, Iceland",
    "country": "Iceland",
    "name": "Iceland Parliament Hotel, Curio Collection by Hilton",
    "rating": 4.7,
    "user_ratings_total": 336,
    "price_level": null,
    "types": [
      "establishment",
      "lodging",
      "point_of_interest",
      "spa"
    ],
    "lat": 64.1472172,
    "lng": -21.9407127,
    "cribsLikely": true,
    "place_id": "ChIJlexuDS0L1kgR-NNSf0qPOOs",
    "address": "Thorvaldsenstræti 2-6, 101 Reykjavík, Iceland",
    "website": "https://www.hilton.com/en/hotels/rekpsqq-iceland-parliament-hotel/?SEO_id=GMB-EMEA-QQ-REKPSQQ",
    "phone": "+354 513 3000",
    "google_url": "https://maps.google.com/?cid=16949454747735348216"
  },
  {
    "city": "Reykjavik, Iceland",
    "country": "Iceland",
    "name": "KEX Hostel and Hotel Reykjavik",
    "rating": 4.3,
    "user_ratings_total": 2523,
    "price_level": null,
    "types": [
      "bar",
      "establishment",
      "food",
      "lodging",
      "point_of_interest",
      "restaurant",
      "travel_agency"
    ],
    "lat": 64.14542399999999,
    "lng": -21.919484,
    "cribsLikely": true,
    "place_id": "ChIJUYL1hM501kgR95Cj0Ylbslg",
    "address": "Skúlagata 28, 101 Reykjavík, Iceland",
    "website": "http://www.kexhostel.is/",
    "phone": "+354 561 6060",
    "google_url": "https://maps.google.com/?cid=6391271468677959927"
  },
  {
    "city": "Reykjavik, Iceland",
    "country": "Iceland",
    "name": "Radisson Blu 1919 Hotel, Reykjavik",
    "rating": 4.2,
    "user_ratings_total": 542,
    "price_level": null,
    "types": [
      "establishment",
      "lodging",
      "point_of_interest"
    ],
    "lat": 64.1482619,
    "lng": -21.9385627,
    "cribsLikely": true,
    "place_id": "ChIJdZ94Oy0L1kgRMbzz_tiMq48",
    "address": "Pósthússtræti 2, 101 Reykjavík, Iceland",
    "website": "https://www.radissonhotels.com/en-us/hotels/radisson-blu-reykjavik-1919?cid=a:se+b:gmb+c:emea+i:local+e:rdb+d:nob+h:ISREK191",
    "phone": "+354 599 1000",
    "google_url": "https://maps.google.com/?cid=10352523032059427889"
  },
  {
    "city": "Reykjavik, Iceland",
    "country": "Iceland",
    "name": "Hotel VON",
    "rating": 4.5,
    "user_ratings_total": 291,
    "price_level": null,
    "types": [
      "establishment",
      "food",
      "lodging",
      "point_of_interest",
      "restaurant"
    ],
    "lat": 64.144624,
    "lng": -21.9233117,
    "cribsLikely": true,
    "place_id": "ChIJz8vaR8x01kgRp9Wh-I8JgeA",
    "address": "Laugavegur 55, 101 Reykjavík, Iceland",
    "website": "http://hotelvon.is/",
    "phone": "+354 790 8881",
    "google_url": "https://maps.google.com/?cid=16177221850447861159"
  },
  {
    "city": "Reykjavik, Iceland",
    "country": "Iceland",
    "name": "Hotel Reykjavik Centrum",
    "rating": 4.6,
    "user_ratings_total": 733,
    "price_level": null,
    "types": [
      "establishment",
      "lodging",
      "point_of_interest"
    ],
    "lat": 64.14758119999999,
    "lng": -21.9426547,
    "cribsLikely": true,
    "place_id": "ChIJ90Dpri0L1kgRm0UGPMogkN8",
    "address": "Aðalstræti 16, 101 Reykjavík, Iceland",
    "website": "https://www.islandshotel.is/hotels-in-iceland/hotel-reykjavik-centrum",
    "phone": "+354 514 6000",
    "google_url": "https://maps.google.com/?cid=16109411920066790811"
  },
  {
    "city": "Reykjavik, Iceland",
    "country": "Iceland",
    "name": "The Reykjavik EDITION",
    "rating": 4.6,
    "user_ratings_total": 733,
    "price_level": null,
    "types": [
      "establishment",
      "lodging",
      "point_of_interest"
    ],
    "lat": 64.1499243,
    "lng": -21.9353029,
    "cribsLikely": true,
    "place_id": "ChIJL8uw1Px11kgRc7rx1AIfB6o",
    "address": "Austurbakki 2, 101 Reykjavík, Iceland",
    "website": "https://www.marriott.com/en-us/hotels/rekeb-the-reykjavik-edition/overview/?scid=f2ae0541-1279-4f24-b197-a979c79310b0",
    "phone": "+354 582 0000",
    "google_url": "https://maps.google.com/?cid=12251795408307731059"
  },
  {
    "city": "Reykjavik, Iceland",
    "country": "Iceland",
    "name": "Hótel Aska",
    "rating": 3.6,
    "user_ratings_total": 145,
    "price_level": null,
    "types": [
      "establishment",
      "lodging",
      "point_of_interest"
    ],
    "lat": 64.1406543,
    "lng": -21.9029,
    "cribsLikely": true,
    "place_id": "ChIJAy1g89F11kgRajyXUOtUs1M",
    "address": "Skipholt 29, 105 Reykjavík, Iceland",
    "website": "http://www.hotelaska.is/",
    "phone": "+354 539 3097",
    "google_url": "https://maps.google.com/?cid=6031257695625362538"
  },
  {
    "city": "Reykjavik, Iceland",
    "country": "Iceland",
    "name": "Hotel Odinsve",
    "rating": 4.3,
    "user_ratings_total": 590,
    "price_level": null,
    "types": [
      "establishment",
      "lodging",
      "point_of_interest"
    ],
    "lat": 64.1440719,
    "lng": -21.93143,
    "cribsLikely": true,
    "place_id": "ChIJKQOfKs101kgRDHVp9WV6sEc",
    "address": "Þórsgata 1, 101 Reykjavík, Iceland",
    "website": "https://odinsve.is/",
    "phone": "+354 511 6200",
    "google_url": "https://maps.google.com/?cid=5165763350921573644"
  },
  {
    "city": "Reykjavik, Iceland",
    "country": "Iceland",
    "name": "Canopy by Hilton Reykjavik City Centre",
    "rating": 4.6,
    "user_ratings_total": 1073,
    "price_level": null,
    "types": [
      "establishment",
      "lodging",
      "point_of_interest"
    ],
    "lat": 64.14634819999999,
    "lng": -21.9306692,
    "cribsLikely": true,
    "place_id": "ChIJ-ZlIbs101kgRG6GvlYg7wic",
    "address": "Smiðjustígur 4, 101 Reykjavík, Iceland",
    "website": "https://www.hilton.com/en/hotels/rekcapy-canopy-reykjavik-city-centre/?SEO_id=GMB-EMEA-PY-REKCAPY",
    "phone": "+354 528 7000",
    "google_url": "https://maps.google.com/?cid=2864917770773963035"
  },
  {
    "city": "Reykjavik, Iceland",
    "country": "Iceland",
    "name": "Storm Hotel",
    "rating": 4.5,
    "user_ratings_total": 1131,
    "price_level": null,
    "types": [
      "establishment",
      "lodging",
      "point_of_interest"
    ],
    "lat": 64.14474899999999,
    "lng": -21.9107119,
    "cribsLikely": true,
    "place_id": "ChIJ99pFNM901kgRCAxeSmblAf0",
    "address": "Þórunnartún 4, 105 Reykjavík, Iceland",
    "website": "https://www.keahotels.is/storm-hotel",
    "phone": "+354 518 3000",
    "google_url": "https://maps.google.com/?cid=18231104994069580808"
  },
  {
    "city": "Reykjavik, Iceland",
    "country": "Iceland",
    "name": "Hotel Cabin",
    "rating": 3.5,
    "user_ratings_total": 2509,
    "price_level": null,
    "types": [
      "establishment",
      "lodging",
      "point_of_interest"
    ],
    "lat": 64.1460188,
    "lng": -21.8941937,
    "cribsLikely": true,
    "place_id": "ChIJD2M1TsF01kgRsVunC8WcwFo",
    "address": "Borgartún 32, 105 Reykjavík, Iceland",
    "website": "http://www.hotelcabin.is/",
    "phone": "+354 511 6030",
    "google_url": "https://maps.google.com/?cid=6539399029059967921"
  }
]