[
  {
    "city": "Riga, Latvia",
    "country": "Latvia",
    "name": "Grand Hotel Kempinski Riga",
    "rating": 4.8,
    "user_ratings_total": 1315,
    "price_level": null,
    "types": [
      "establishment",
      "lodging",
      "point_of_interest"
    ],
    "lat": 56.9492123,
    "lng": 24.1132378,
    "cribsLikely": true,
    "place_id": "ChIJV_I1V9HP7kYRHEw8ohWgpT8",
    "address": "Aspazijas bulvāris 22, Centra rajons, Rīga, LV-1050, Latvia",
    "website": "https://www.kempinski.com/en/grand-hotel-kempinski-riga?utm_medium=organic&utm_source=google&utm_campaign=KIRIX2&utm_content=gmb&source=S308962248",
    "phone": "+371 67 671 111",
    "google_url": "https://maps.google.com/?cid=4586247810323336220"
  },
  {
    "city": "Riga, Latvia",
    "country": "Latvia",
    "name": "Wellton Riverside SPA Hotel",
    "rating": 4.5,
    "user_ratings_total": 3427,
    "price_level": null,
    "types": [
      "establishment",
      "food",
      "lodging",
      "point_of_interest",
      "restaurant",
      "spa"
    ],
    "lat": 56.94508399999999,
    "lng": 24.10808,
    "cribsLikely": true,
    "place_id": "ChIJNSgcDdbP7kYREmF-_5TCff8",
    "address": "11. novembra krastmala 33, Centra rajons, Rīga, LV-1050, Latvia",
    "website": "https://www.wellton.com/en/hotels/wellton-riverside-spa-hotel",
    "phone": "+371 66 777 862",
    "google_url": "https://maps.google.com/?cid=18410084796957876498"
  },
  {
    "city": "Riga, Latvia",
    "country": "Latvia",
    "name": "Pullman Riga Old Town",
    "rating": 4.5,
    "user_ratings_total": 2009,
    "price_level": null,
    "types": [
      "establishment",
      "lodging",
      "point_of_interest"
    ],
    "lat": 56.9522366,
    "lng": 24.1054366,
    "cribsLikely": true,
    "place_id": "ChIJRXYldtrP7kYR6d_TBc7SFZw",
    "address": "Jēkaba iela 24, Centra rajons, Rīga, LV-1050, Latvia",
    "website": "https://all.accor.com/lien_externe.svlt?goto=fiche_hotel&code_hotel=9619&merchantid=seo-maps-LV-9619&sourceid=aw-cen&utm_medium=seo%20maps&utm_source=google%20Maps&utm_campaign=seo%20maps",
    "phone": "+371 67 815 444",
    "google_url": "https://maps.google.com/?cid=11247127426730549225"
  },
  {
    "city": "Riga, Latvia",
    "country": "Latvia",
    "name": "OK Hotel",
    "rating": 3.9,
    "user_ratings_total": 649,
    "price_level": null,
    "types": [
      "cafe",
      "establishment",
      "food",
      "lodging",
      "point_of_interest"
    ],
    "lat": 56.9450832,
    "lng": 24.0752049,
    "cribsLikely": true,
    "place_id": "ChIJtynIOx_Q7kYRWvU2E5s0NH0",
    "address": "Slokas iela 12, Zemgales priekšpilsēta, Rīga, LV-1048, Latvia",
    "website": "https://okhotel.lv/",
    "phone": "+371 67 860 050",
    "google_url": "https://maps.google.com/?cid=9021893794176890202"
  },
  {
    "city": "Riga, Latvia",
    "country": "Latvia",
    "name": "A1 Hotel",
    "rating": 3.9,
    "user_ratings_total": 1149,
    "price_level": null,
    "types": [
      "establishment",
      "lodging",
      "point_of_interest"
    ],
    "lat": 56.952603,
    "lng": 24.130859,
    "cribsLikely": true,
    "place_id": "ChIJMZ876jLO7kYRB1sd4fh_wjU",
    "address": "Ģertrūdes iela 48a, Latgales priekšpilsēta, Rīga, LV-1011, Latvia",
    "website": "http://www.hotela1.lv/",
    "phone": "+371 67 282 942",
    "google_url": "https://maps.google.com/?cid=3873799336397462279"
  },
  {
    "city": "Riga, Latvia",
    "country": "Latvia",
    "name": "Aparthotel Amella",
    "rating": 4.7,
    "user_ratings_total": 218,
    "price_level": null,
    "types": [
      "establishment",
      "lodging",
      "point_of_interest"
    ],
    "lat": 56.9430595,
    "lng": 24.1238007,
    "cribsLikely": true,
    "place_id": "ChIJd3RVArLP7kYRzvkcXIsDsjY",
    "address": "Emīlijas Benjamiņas iela 8, Latgales priekšpilsēta, Rīga, LV-1050, Latvia",
    "website": "http://www.hotelamella.lv/",
    "phone": "+371 66 778 870",
    "google_url": "https://maps.google.com/?cid=3941216520983345614"
  },
  {
    "city": "Riga, Latvia",
    "country": "Latvia",
    "name": "\"Hotel Evaline\"",
    "rating": 3.3,
    "user_ratings_total": 24,
    "price_level": null,
    "types": [
      "establishment",
      "lodging",
      "point_of_interest"
    ],
    "lat": 56.95267219999999,
    "lng": 24.105471,
    "cribsLikely": true,
    "place_id": "ChIJsZZ_087P7kYR8cFQHYXvdjk",
    "address": "Jēkaba iela 26/28, Centra rajons, Rīga, LV-1010, Latvia",
    "website": null,
    "phone": "+371 24 868 333",
    "google_url": "https://maps.google.com/?cid=4140760262415270385"
  },
  {
    "city": "Riga, Latvia",
    "country": "Latvia",
    "name": "Hotel Viktorija",
    "rating": 3.8,
    "user_ratings_total": 2192,
    "price_level": null,
    "types": [
      "establishment",
      "lodging",
      "point_of_interest"
    ],
    "lat": 56.95461770000001,
    "lng": 24.1328615,
    "cribsLikely": true,
    "place_id": "ChIJKeu3DzPO7kYR5Gfd863B7oY",
    "address": "Aleksandra Čaka iela 55, Centra rajons, Rīga, LV-1011, Latvia",
    "website": "http://www.hotelviktorija.lv/",
    "phone": "+371 67 014 111",
    "google_url": "https://maps.google.com/?cid=9722921598404356068"
  },
  {
    "city": "Riga, Latvia",
    "country": "Latvia",
    "name": "Wellton Riga Hotel & SPA",
    "rating": 4.3,
    "user_ratings_total": 3444,
    "price_level": null,
    "types": [
      "establishment",
      "food",
      "lodging",
      "point_of_interest",
      "restaurant",
      "spa"
    ],
    "lat": 56.9464117,
    "lng": 24.1139552,
    "cribsLikely": true,
    "place_id": "ChIJZVJvRNTP7kYR6Y0vGjf6Ab8",
    "address": "Vaļņu iela 49, Centra rajons, Rīga, LV-1050, Latvia",
    "website": "https://www.wellton.com/en/hotels/wellton-riga-hotel-and-spa",
    "phone": "+371 67 869 955",
    "google_url": "https://maps.google.com/?cid=13763557050790415849"
  },
  {
    "city": "Riga, Latvia",
    "country": "Latvia",
    "name": "Blue Bird capsule hostel",
    "rating": 4.5,
    "user_ratings_total": 267,
    "price_level": null,
    "types": [
      "establishment",
      "lodging",
      "point_of_interest"
    ],
    "lat": 56.9490223,
    "lng": 24.1067398,
    "cribsLikely": true,
    "place_id": "ChIJPcitJdfP7kYR5YskUtENiCI",
    "address": "Tirgoņu iela 4, Centra rajons, Rīga, LV-1050, Latvia",
    "website": "https://bluebird.lv/",
    "phone": "+371 26 303 075",
    "google_url": "https://maps.google.com/?cid=2488253986799651813"
  },
  {
    "city": "Riga, Latvia",
    "country": "Latvia",
    "name": "Rixwell Old Riga Palace Hotel",
    "rating": 4,
    "user_ratings_total": 2149,
    "price_level": null,
    "types": [
      "establishment",
      "lodging",
      "point_of_interest"
    ],
    "lat": 56.945033,
    "lng": 24.1092045,
    "cribsLikely": true,
    "place_id": "ChIJf9CCV9TP7kYRL6YrO6SS74Q",
    "address": "Minsterejas iela 8-10, Centra rajons, Rīga, LV-1050, Latvia",
    "website": "https://www.rixwell.com/en/hotels/rixwell-old-riga-palace-hotel",
    "phone": "+371 67 559 791",
    "google_url": "https://maps.google.com/?cid=9579036166505342511"
  },
  {
    "city": "Riga, Latvia",
    "country": "Latvia",
    "name": "Rija Domus Hotel",
    "rating": 3.8,
    "user_ratings_total": 843,
    "price_level": null,
    "types": [
      "establishment",
      "lodging",
      "point_of_interest"
    ],
    "lat": 56.9488171,
    "lng": 24.106351,
    "cribsLikely": true,
    "place_id": "ChIJPcitJdfP7kYR-ONpzaG4ivs",
    "address": "Tirgoņu iela 9, Centra rajons, Rīga, LV-1050, Latvia",
    "website": "http://www.rijahotels.com/en/hotels/rija-domus-hotel",
    "phone": "+371 67 358 254",
    "google_url": "https://maps.google.com/?cid=18125502655381496824"
  }
]