[
  {
    "city": "Rio de Janeiro, Brazil",
    "country": "Brazil",
    "name": "Hilton Barra Rio de Janeiro",
    "rating": 4.7,
    "user_ratings_total": 8551,
    "price_level": null,
    "types": [
      "establishment",
      "lodging",
      "point_of_interest"
    ],
    "lat": -22.9722624,
    "lng": -43.3750424,
    "cribsLikely": true,
    "place_id": "ChIJyd9bvX3ZmwARg0FwSGz0WZM",
    "address": "Av. Embaixador Abelardo Bueno, 1430 - Barra da Tijuca, Rio de Janeiro - RJ, 22775-040, Brazil",
    "website": "https://www.hilton.com/en/hotels/rioabhh-hilton-barra-rio-de-janeiro/?SEO_id=GMB-AMER-HH-RIOABHH&y_source=1_MTIxNjk1NzMtNzE1LWxvY2F0aW9uLndlYnNpdGU%3D",
    "phone": "+55 21 3348-1000",
    "google_url": "https://maps.google.com/?cid=10617786342411616643"
  },
  {
    "city": "Rio de Janeiro, Brazil",
    "country": "Brazil",
    "name": "Ritz Copacabana Hotel",
    "rating": 4.7,
    "user_ratings_total": 1267,
    "price_level": null,
    "types": [
      "establishment",
      "lodging",
      "point_of_interest"
    ],
    "lat": -22.9772114,
    "lng": -43.1895927,
    "cribsLikely": true,
    "place_id": "ChIJXQdNyUDVmwAReFjTTtJepaI",
    "address": "R. Xavier da Silveira, 13 - Copacabana, Rio de Janeiro - RJ, 22061-010, Brazil",
    "website": "http://ritzcopacabana.com.br/",
    "phone": "+55 21 2187-0900",
    "google_url": "https://maps.google.com/?cid=11719877862660200568"
  },
  {
    "city": "Rio de Janeiro, Brazil",
    "country": "Brazil",
    "name": "Hilton Rio de Janeiro Copacabana",
    "rating": 4.6,
    "user_ratings_total": 12372,
    "price_level": null,
    "types": [
      "establishment",
      "lodging",
      "point_of_interest"
    ],
    "lat": -22.9644008,
    "lng": -43.17326449999999,
    "cribsLikely": true,
    "place_id": "ChIJ4WoecwCAmQARrFYdf5rVxOo",
    "address": "Av. Atlântica, 1020 - Copacabana, Rio de Janeiro - RJ, 22010-000, Brazil",
    "website": "https://www.hilton.com/en/hotels/riocchh-hilton-rio-de-janeiro-copacabana/?SEO_id=GMB-AMER-HH-RIOCCHH&y_source=1_MTIxNjk1NzQtNzE1LWxvY2F0aW9uLndlYnNpdGU%3D",
    "phone": "+55 21 3501-8000",
    "google_url": "https://maps.google.com/?cid=16916880959844734636"
  },
  {
    "city": "Rio de Janeiro, Brazil",
    "country": "Brazil",
    "name": "Copacabana Palace, A Belmond Hotel, Rio de Janeiro",
    "rating": 4.8,
    "user_ratings_total": 41750,
    "price_level": null,
    "types": [
      "establishment",
      "lodging",
      "point_of_interest"
    ],
    "lat": -22.9673111,
    "lng": -43.1789541,
    "cribsLikely": true,
    "place_id": "ChIJjZJPDlTVmwARroitzBhRLu8",
    "address": "Av. Atlântica, 1702 - Copacabana, Rio de Janeiro - RJ, 22021-001, Brazil",
    "website": "https://www.belmond.com/hotels/south-america/brazil/rio-de-janeiro/belmond-copacabana-palace/?utm_source=local_search&utm_medium=link&utm_campaign=google_business",
    "phone": "+55 21 2141-8990",
    "google_url": "https://maps.google.com/?cid=17234801990948456622"
  },
  {
    "city": "Rio de Janeiro, Brazil",
    "country": "Brazil",
    "name": "Windsor Palace Copacabana Hotel",
    "rating": 4.5,
    "user_ratings_total": 1831,
    "price_level": null,
    "types": [
      "establishment",
      "lodging",
      "point_of_interest"
    ],
    "lat": -22.9700168,
    "lng": -43.1843239,
    "cribsLikely": true,
    "place_id": "ChIJKygaCVDVmwARy-5Zu-pUwb8",
    "address": "R. Domingos Ferreira, 6 - Copacabana, Rio de Janeiro - RJ, 22050-010, Brazil",
    "website": "http://windsorhoteis.com/hotel/windsor-palace-copacabana/",
    "phone": "+55 21 2195-6600",
    "google_url": "https://maps.google.com/?cid=13817418498891706059"
  },
  {
    "city": "Rio de Janeiro, Brazil",
    "country": "Brazil",
    "name": "Hotel Atlântico Business",
    "rating": 3.9,
    "user_ratings_total": 9646,
    "price_level": null,
    "types": [
      "establishment",
      "lodging",
      "point_of_interest"
    ],
    "lat": -22.9114284,
    "lng": -43.1769674,
    "cribsLikely": true,
    "place_id": "ChIJ_4vLdmF_mQARxM9MStynroU",
    "address": "R. Sen. Dantas, 25 - Centro, Rio de Janeiro - RJ, 20031-202, Brazil",
    "website": "https://www.booking.com/hotel/br/atlantico-business.xb.html?aid=8006258&no_rooms=1&group_adults=2&label=atlanticobusiness",
    "phone": "+55 21 3626-7000",
    "google_url": "https://maps.google.com/?cid=9632821217573261252"
  },
  {
    "city": "Rio de Janeiro, Brazil",
    "country": "Brazil",
    "name": "Aquarela Do Leme Hostel",
    "rating": 4.8,
    "user_ratings_total": 549,
    "price_level": null,
    "types": [
      "establishment",
      "lodging",
      "point_of_interest"
    ],
    "lat": -22.9605631,
    "lng": -43.1701768,
    "cribsLikely": true,
    "place_id": "ChIJKxBG8QOAmQARK3r5auZKC84",
    "address": "Ladeira Ary Barroso, 21 - Leme, Rio de Janeiro - RJ, 22010-060, Brazil",
    "website": "http://www.aquareladoleme.com/",
    "phone": "+55 21 2148-4740",
    "google_url": "https://maps.google.com/?cid=14847042950054640171"
  },
  {
    "city": "Rio de Janeiro, Brazil",
    "country": "Brazil",
    "name": "Chez Zany Boutique Hostel - Santa Teresa",
    "rating": 4.8,
    "user_ratings_total": 119,
    "price_level": null,
    "types": [
      "establishment",
      "lodging",
      "point_of_interest"
    ],
    "lat": -22.9190958,
    "lng": -43.1798615,
    "cribsLikely": true,
    "place_id": "ChIJq1O9wjB_mQARnvWC36nZn6U",
    "address": "R. Hermenegildo de Barros, 29 - Santa Teresa, Rio de Janeiro - RJ, 20241-040, Brazil",
    "website": "https://www.chezzany.rio.br/",
    "phone": "+55 21 96779-3169",
    "google_url": "https://maps.google.com/?cid=11934496861177705886"
  },
  {
    "city": "Rio de Janeiro, Brazil",
    "country": "Brazil",
    "name": "Hotel Nacional Rio de Janeiro",
    "rating": 4.5,
    "user_ratings_total": 6046,
    "price_level": null,
    "types": [
      "establishment",
      "lodging",
      "point_of_interest"
    ],
    "lat": -22.9980396,
    "lng": -43.2568208,
    "cribsLikely": true,
    "place_id": "ChIJ7f-3y5_WmwARzEMl9WJga-8",
    "address": "Av. Niemeyer, 769 - São Conrado, Rio de Janeiro - RJ, 22450-221, Brazil",
    "website": "https://www.hotelnacionalriodejaneiro.com/?utm_source=google-my-business&utm_medium=botaoprincipal&utm_campaign=site-hn",
    "phone": "+55 800 000 1563",
    "google_url": "https://maps.google.com/?cid=17251988775708738508"
  },
  {
    "city": "Rio de Janeiro, Brazil",
    "country": "Brazil",
    "name": "Panorama Inn",
    "rating": 5,
    "user_ratings_total": 26,
    "price_level": null,
    "types": [
      "establishment",
      "lodging",
      "point_of_interest"
    ],
    "lat": -22.9149816,
    "lng": -43.19322160000001,
    "cribsLikely": true,
    "place_id": "ChIJl0tq5YB_mQARQfPTtdhq1-s",
    "address": "Rua do Z, 29 - Santa Teresa, Rio de Janeiro - RJ, 20251-600, Brazil",
    "website": "https://www.panoramainn.com.br/",
    "phone": "+55 21 3437-9733",
    "google_url": "https://maps.google.com/?cid=16994169197901902657"
  },
  {
    "city": "Rio de Janeiro, Brazil",
    "country": "Brazil",
    "name": "Hotel Fasano Rio de Janeiro",
    "rating": 4.8,
    "user_ratings_total": 3260,
    "price_level": null,
    "types": [
      "establishment",
      "lodging",
      "point_of_interest"
    ],
    "lat": -22.9871556,
    "lng": -43.1962104,
    "cribsLikely": true,
    "place_id": "ChIJNTWt6wTVmwARCOFLpbd5MsQ",
    "address": "Av. Vieira Souto, 80 - Ipanema, Rio de Janeiro - RJ, 22420-002, Brazil",
    "website": "http://www.fasano.com.br/",
    "phone": "+55 21 2149-1800",
    "google_url": "https://maps.google.com/?cid=14137496009928597768"
  },
  {
    "city": "Rio de Janeiro, Brazil",
    "country": "Brazil",
    "name": "Grand Hyatt Rio de Janeiro",
    "rating": 4.7,
    "user_ratings_total": 7731,
    "price_level": null,
    "types": [
      "establishment",
      "lodging",
      "point_of_interest"
    ],
    "lat": -23.0102167,
    "lng": -43.3719988,
    "cribsLikely": true,
    "place_id": "ChIJDegKhXHbmwARjlfKdMsRgNI",
    "address": "Av. Lúcio Costa, 9600 - Barra da Tijuca, Rio de Janeiro - RJ, 22795-007, Brazil",
    "website": "https://www.hyatt.com/grand-hyatt/en-US/riogh-grand-hyatt-rio-de-janeiro?src=corp_lclb_google_seo_riogh&utm_source=google&utm_medium=organic&utm_campaign=lmr",
    "phone": "+55 21 3797-1234",
    "google_url": "https://maps.google.com/?cid=15168143110519281550"
  }
]