[
  {
    "city": "Rome, Italy",
    "country": "Italy",
    "name": "Roma Boutique Hotel",
    "rating": 4,
    "user_ratings_total": 236,
    "price_level": null,
    "types": [
      "establishment",
      "lodging",
      "point_of_interest"
    ],
    "lat": 41.90824970000001,
    "lng": 12.4921418,
    "cribsLikely": true,
    "place_id": "ChIJrXMucwdhLxMRC4UpFj852k4",
    "address": "Via Toscana, 1, 00187 Roma RM, Italy",
    "website": "http://www.romaboutiquehotel.com/",
    "phone": "+39 06 4201 2023",
    "google_url": "https://maps.google.com/?cid=5681916822998844683"
  },
  {
    "city": "Rome, Italy",
    "country": "Italy",
    "name": "Ibis Styles Vintage Hotel Rome",
    "rating": 3.7,
    "user_ratings_total": 821,
    "price_level": null,
    "types": [
      "establishment",
      "lodging",
      "point_of_interest"
    ],
    "lat": 41.83796,
    "lng": 12.5942779,
    "cribsLikely": true,
    "place_id": "ChIJd0zWeUGJJRMRO5x_9s6ZjBk",
    "address": "Via Torre di Mezzavia, 25, 00173 Roma RM, Italy",
    "website": "https://all.accor.com/lien_externe.svlt?goto=fiche_hotel&code_hotel=B2S9&merchantid=seo-maps-IT-B2S9&sourceid=aw-cen&utm_medium=seo+maps&utm_source=google+Maps&utm_campaign=seo+maps&y_source=1_MTUzNjE4NzUtNzE1LWxvY2F0aW9uLndlYnNpdGU=",
    "phone": "+39 06 9435 4360",
    "google_url": "https://maps.google.com/?cid=1841015461865561147"
  },
  {
    "city": "Rome, Italy",
    "country": "Italy",
    "name": "ibis Roma Fiera",
    "rating": 4,
    "user_ratings_total": 2284,
    "price_level": null,
    "types": [
      "establishment",
      "lodging",
      "point_of_interest"
    ],
    "lat": 41.8221475,
    "lng": 12.3946403,
    "cribsLikely": true,
    "place_id": "ChIJz_4Eel_0JRMRYmieuWFqEeo",
    "address": "Via Arturo Mercanti, 63, 00148 Roma RM, Italy",
    "website": "https://all.accor.com/lien_externe.svlt?goto=fiche_hotel&code_hotel=5562&merchantid=seo-maps-IT-5562&sourceid=aw-cen&utm_medium=seo%20maps&utm_source=google%20Maps&utm_campaign=seo%20maps",
    "phone": "+39 06 650951",
    "google_url": "https://maps.google.com/?cid=16866379047437756514"
  },
  {
    "city": "Rome, Italy",
    "country": "Italy",
    "name": "Aurelius Art Gallery Smart Hotel Rome",
    "rating": 4.4,
    "user_ratings_total": 564,
    "price_level": null,
    "types": [
      "establishment",
      "lodging",
      "point_of_interest"
    ],
    "lat": 41.8987212,
    "lng": 12.4256346,
    "cribsLikely": true,
    "place_id": "ChIJjTZLa8NfLxMRLzwlb5Mm5ug",
    "address": "V. Aurelia, 458, 00165 Roma RM, Italy",
    "website": "http://www.hotelaurelius.com/",
    "phone": "+39 06 662 4500",
    "google_url": "https://maps.google.com/?cid=16782143476109491247"
  },
  {
    "city": "Rome, Italy",
    "country": "Italy",
    "name": "Hotel Center 3",
    "rating": 3,
    "user_ratings_total": 521,
    "price_level": null,
    "types": [
      "establishment",
      "lodging",
      "point_of_interest"
    ],
    "lat": 41.8925583,
    "lng": 12.5128082,
    "cribsLikely": true,
    "place_id": "ChIJfZiP1ZBhLxMR06mSeePfvWg",
    "address": "Via Achille Grandi, 7, 00185 Roma RM, Italy",
    "website": null,
    "phone": "+39 06 8698 5085",
    "google_url": "https://maps.google.com/?cid=7547434718633044435"
  },
  {
    "city": "Rome, Italy",
    "country": "Italy",
    "name": "Bed & Breakfast Rome Center - 21 Aprile House",
    "rating": 4.1,
    "user_ratings_total": 84,
    "price_level": null,
    "types": [
      "establishment",
      "lodging",
      "point_of_interest"
    ],
    "lat": 41.9201936,
    "lng": 12.5189362,
    "cribsLikely": true,
    "place_id": "ChIJAaKvKGZhLxMRUxp0XZ8DD-o",
    "address": "Viale XXI Aprile, 12, 00162 Roma RM, Italy",
    "website": null,
    "phone": "+39 328 313 7954",
    "google_url": "https://maps.google.com/?cid=16865703112528370259"
  },
  {
    "city": "Rome, Italy",
    "country": "Italy",
    "name": "Bed and Breakfast Parco delle Valli",
    "rating": 3.8,
    "user_ratings_total": 56,
    "price_level": null,
    "types": [
      "establishment",
      "lodging",
      "point_of_interest"
    ],
    "lat": 41.9396298,
    "lng": 12.5275458,
    "cribsLikely": true,
    "place_id": "ChIJE3oEo1VhLxMR2eFe6TgLIwM",
    "address": "Piazza Conca d'Oro, 25, 00141 Roma RM, Italy",
    "website": "http://www.bbparcodellevalli-roma.it/",
    "phone": "+39 347 556 0944",
    "google_url": "https://maps.google.com/?cid=226036745360040409"
  },
  {
    "city": "Rome, Italy",
    "country": "Italy",
    "name": "River Palace Hotel",
    "rating": 4.4,
    "user_ratings_total": 706,
    "price_level": null,
    "types": [
      "establishment",
      "lodging",
      "point_of_interest"
    ],
    "lat": 41.9133381,
    "lng": 12.4749991,
    "cribsLikely": true,
    "place_id": "ChIJzeM3gvlgLxMRNRzhL_jOBGo",
    "address": "Via Flaminia, 33, 00196 Roma RM, Italy",
    "website": "https://www.riverpalacehotel.it/?utm_source=gbp&utm_medium=organic",
    "phone": "+39 06 830011",
    "google_url": "https://maps.google.com/?cid=7639458433277697077"
  },
  {
    "city": "Rome, Italy",
    "country": "Italy",
    "name": "Hotel Cristoforo Colombo",
    "rating": 4,
    "user_ratings_total": 5338,
    "price_level": null,
    "types": [
      "establishment",
      "lodging",
      "point_of_interest"
    ],
    "lat": 41.81768,
    "lng": 12.4610027,
    "cribsLikely": true,
    "place_id": "ChIJ9Wtp5BWLJRMRx6BW3L5uNas",
    "address": "Via Cristoforo Colombo, 710, 00144 Roma RM, Italy",
    "website": "https://www.hotelcolomboroma.it/",
    "phone": "+39 06 592 1901",
    "google_url": "https://maps.google.com/?cid=12336888520270848199"
  },
  {
    "city": "Rome, Italy",
    "country": "Italy",
    "name": "The Caesar Roma",
    "rating": 3.8,
    "user_ratings_total": 631,
    "price_level": null,
    "types": [
      "establishment",
      "lodging",
      "point_of_interest"
    ],
    "lat": 41.8687005,
    "lng": 12.4115751,
    "cribsLikely": true,
    "place_id": "ChIJu6apEAP1JRMRjs-yRc2U9bk",
    "address": "V. della Pisana, 374, 00163 Roma RM, Italy",
    "website": "https://thecaesarhotels.com/the-caesar-roma/",
    "phone": "+39 06 835521",
    "google_url": "https://maps.google.com/?cid=13399779875669331854"
  },
  {
    "city": "Rome, Italy",
    "country": "Italy",
    "name": "Occidental Aran Park",
    "rating": 4,
    "user_ratings_total": 3903,
    "price_level": null,
    "types": [
      "establishment",
      "lodging",
      "point_of_interest"
    ],
    "lat": 41.821184,
    "lng": 12.5081951,
    "cribsLikely": true,
    "place_id": "ChIJTeyUd8mLJRMRSeX8zo56y1A",
    "address": "Via Riccardo Forster, 24, 00143 Roma RM, Italy",
    "website": "https://www.barcelo.com/it-it/occidental-aran-park/?utm_source=google&utm_medium=organic&utm_campaign=my_business&utm_content=7351",
    "phone": "+39 06 510721",
    "google_url": "https://maps.google.com/?cid=5821881697083123017"
  },
  {
    "city": "Rome, Italy",
    "country": "Italy",
    "name": "Otivm Hotel",
    "rating": 4.6,
    "user_ratings_total": 495,
    "price_level": null,
    "types": [
      "establishment",
      "lodging",
      "point_of_interest"
    ],
    "lat": 41.8947856,
    "lng": 12.4803138,
    "cribsLikely": true,
    "place_id": "ChIJoUiZQkxgLxMRnMFawmN7-KE",
    "address": "Via d'Aracoeli, 11A, 00186 Roma RM, Italy",
    "website": "http://www.otiumhotel.eu/",
    "phone": "+39 06 4041 0547",
    "google_url": "https://maps.google.com/?cid=11671214102723346844"
  }
]