[
  {
    "city": "Rome,",
    "country": "Italy",
    "name": "Hotel American Palace Eur",
    "rating": 4,
    "user_ratings_total": 3243,
    "price_level": null,
    "types": [
      "establishment",
      "lodging",
      "point_of_interest"
    ],
    "lat": 41.8255565,
    "lng": 12.4787907,
    "cribsLikely": true,
    "place_id": "ChIJddu5TQGLJRMRuOkhCAGnL5g",
    "address": "Via Laurentina, 554, 00143 Roma RM, Italy",
    "website": "https://www.americanpalace.it/",
    "phone": "+39 06 591 3552",
    "google_url": "https://maps.google.com/?cid=10966167240543693240"
  },
  {
    "city": "Rome,",
    "country": "Italy",
    "name": "Roma Boutique Hotel",
    "rating": 4,
    "user_ratings_total": 236,
    "price_level": null,
    "types": [
      "establishment",
      "lodging",
      "point_of_interest"
    ],
    "lat": 41.90824970000001,
    "lng": 12.4921418,
    "cribsLikely": true,
    "place_id": "ChIJrXMucwdhLxMRC4UpFj852k4",
    "address": "Via Toscana, 1, 00187 Roma RM, Italy",
    "website": "http://www.romaboutiquehotel.com/",
    "phone": "+39 06 4201 2023",
    "google_url": "https://maps.google.com/?cid=5681916822998844683"
  },
  {
    "city": "Rome,",
    "country": "Italy",
    "name": "Hotel Roma",
    "rating": 3.7,
    "user_ratings_total": 1355,
    "price_level": null,
    "types": [
      "establishment",
      "lodging",
      "point_of_interest"
    ],
    "lat": 41.8688702,
    "lng": 12.4117776,
    "cribsLikely": true,
    "place_id": "ChIJg31NOgD1JRMR8mwjvr-sjOc",
    "address": "V. della Pisana, 372, 00163 Roma RM, Italy",
    "website": "https://gohotele.com/romarrrr",
    "phone": null,
    "google_url": "https://maps.google.com/?cid=16684900659029568754"
  },
  {
    "city": "Rome,",
    "country": "Italy",
    "name": "Bed & Breakfast Rome Center - 21 Aprile House",
    "rating": 4.1,
    "user_ratings_total": 84,
    "price_level": null,
    "types": [
      "establishment",
      "lodging",
      "point_of_interest"
    ],
    "lat": 41.9201936,
    "lng": 12.5189362,
    "cribsLikely": true,
    "place_id": "ChIJAaKvKGZhLxMRUxp0XZ8DD-o",
    "address": "Viale XXI Aprile, 12, 00162 Roma RM, Italy",
    "website": null,
    "phone": "+39 328 313 7954",
    "google_url": "https://maps.google.com/?cid=16865703112528370259"
  },
  {
    "city": "Rome,",
    "country": "Italy",
    "name": "Hotel Golden",
    "rating": 4.7,
    "user_ratings_total": 427,
    "price_level": null,
    "types": [
      "establishment",
      "lodging",
      "point_of_interest"
    ],
    "lat": 41.9092981,
    "lng": 12.489971,
    "cribsLikely": true,
    "place_id": "ChIJgaAQLAdhLxMRyiXJ18XrAPw",
    "address": "Via Marche, 84, 00187 Roma RM, Italy",
    "website": "https://www.hotelgoldenrome.com/?utm_source=google&utm_medium=organic&utm_campaign=GoogleMyBusiness",
    "phone": "+39 06 482 1659",
    "google_url": "https://maps.google.com/?cid=18158772932519208394"
  },
  {
    "city": "Rome,",
    "country": "Italy",
    "name": "Hotel Piemonte",
    "rating": 3.6,
    "user_ratings_total": 914,
    "price_level": null,
    "types": [
      "establishment",
      "lodging",
      "point_of_interest"
    ],
    "lat": 41.903769,
    "lng": 12.503708,
    "cribsLikely": true,
    "place_id": "ChIJkRGk-aBhLxMRTYXQHyEH1Cg",
    "address": "Via Vicenza, 32/c, 00185 Roma RM, Italy",
    "website": "https://www.hotelpiemonte.com/",
    "phone": "+39 06 445 2240",
    "google_url": "https://maps.google.com/?cid=2941984295428851021"
  },
  {
    "city": "Rome,",
    "country": "Italy",
    "name": "Hotel la Place Roma",
    "rating": 4.6,
    "user_ratings_total": 71,
    "price_level": null,
    "types": [
      "establishment",
      "lodging",
      "point_of_interest"
    ],
    "lat": 41.9037442,
    "lng": 12.4782947,
    "cribsLikely": true,
    "place_id": "ChIJbXazfyBhLxMRQB27zL5G0NA",
    "address": "Piazza di S. Lorenzo in Lucina, 35, 00186 Roma RM, Italy",
    "website": "http://www.hotellaplaceroma.com/",
    "phone": "+39 06 6830 7269",
    "google_url": "https://maps.google.com/?cid=15046604140337372480"
  },
  {
    "city": "Rome,",
    "country": "Italy",
    "name": "Hotel Center 3",
    "rating": 3,
    "user_ratings_total": 521,
    "price_level": null,
    "types": [
      "establishment",
      "lodging",
      "point_of_interest"
    ],
    "lat": 41.8925583,
    "lng": 12.5128082,
    "cribsLikely": true,
    "place_id": "ChIJfZiP1ZBhLxMR06mSeePfvWg",
    "address": "Via Achille Grandi, 7, 00185 Roma RM, Italy",
    "website": null,
    "phone": "+39 06 8698 5085",
    "google_url": "https://maps.google.com/?cid=7547434718633044435"
  },
  {
    "city": "Rome,",
    "country": "Italy",
    "name": "Hotel Demetra Capitolina Roma",
    "rating": 2.9,
    "user_ratings_total": 397,
    "price_level": null,
    "types": [
      "establishment",
      "lodging",
      "point_of_interest"
    ],
    "lat": 41.8992438,
    "lng": 12.4997947,
    "cribsLikely": true,
    "place_id": "ChIJU0BdZ6RhLxMRnbaf8WJo-2o",
    "address": "Via Principe Amedeo, 58, 00185 Roma RM, Italy",
    "website": "http://www.hoteldemetracapitolina.it/es/hotel.asp",
    "phone": "+39 06 474 5428",
    "google_url": "https://maps.google.com/?cid=7708869961344595613"
  },
  {
    "city": "Rome,",
    "country": "Italy",
    "name": "ibis Roma Fiera",
    "rating": 4,
    "user_ratings_total": 2284,
    "price_level": null,
    "types": [
      "establishment",
      "lodging",
      "point_of_interest"
    ],
    "lat": 41.8221475,
    "lng": 12.3946403,
    "cribsLikely": true,
    "place_id": "ChIJz_4Eel_0JRMRYmieuWFqEeo",
    "address": "Via Arturo Mercanti, 63, 00148 Roma RM, Italy",
    "website": "https://all.accor.com/lien_externe.svlt?goto=fiche_hotel&code_hotel=5562&merchantid=seo-maps-IT-5562&sourceid=aw-cen&utm_medium=seo%20maps&utm_source=google%20Maps&utm_campaign=seo%20maps",
    "phone": "+39 06 650951",
    "google_url": "https://maps.google.com/?cid=16866379047437756514"
  },
  {
    "city": "Rome,",
    "country": "Italy",
    "name": "Hotel Des Artistes Roma",
    "rating": 4.3,
    "user_ratings_total": 1291,
    "price_level": null,
    "types": [
      "establishment",
      "lodging",
      "point_of_interest"
    ],
    "lat": 41.9051441,
    "lng": 12.5052089,
    "cribsLikely": true,
    "place_id": "ChIJ-TNCHD9hLxMRwbvl5El7mCg",
    "address": "Via Villafranca, 20, 00185 Roma RM, Italy",
    "website": "https://www.hoteldesartistes.com/",
    "phone": "+39 06 445 4365",
    "google_url": "https://maps.google.com/?cid=2925223515280227265"
  },
  {
    "city": "Rome,",
    "country": "Italy",
    "name": "Hotel Cristoforo Colombo",
    "rating": 4,
    "user_ratings_total": 5338,
    "price_level": null,
    "types": [
      "establishment",
      "lodging",
      "point_of_interest"
    ],
    "lat": 41.81768,
    "lng": 12.4610027,
    "cribsLikely": true,
    "place_id": "ChIJ9Wtp5BWLJRMRx6BW3L5uNas",
    "address": "Via Cristoforo Colombo, 710, 00144 Roma RM, Italy",
    "website": "https://www.hotelcolomboroma.it/",
    "phone": "+39 06 592 1901",
    "google_url": "https://maps.google.com/?cid=12336888520270848199"
  }
]