[
  {
    "city": "Rotterdam, Netherlands",
    "country": "Netherlands",
    "name": "Rotterdam Marriott Hotel",
    "rating": 4.4,
    "user_ratings_total": 2112,
    "price_level": null,
    "types": [
      "establishment",
      "lodging",
      "point_of_interest"
    ],
    "lat": 51.92246979999999,
    "lng": 4.4716068,
    "cribsLikely": true,
    "place_id": "ChIJsXZ4W6Y0xEcRTjrPlECmm0o",
    "address": "Weena 686, 3012 CN Rotterdam, Netherlands",
    "website": "https://www.marriott.com/en-us/hotels/rtmmn-rotterdam-marriott-hotel/overview/?scid=f2ae0541-1279-4f24-b197-a979c79310b0",
    "phone": "+31 10 430 2000",
    "google_url": "https://maps.google.com/?cid=5376073376501545550"
  },
  {
    "city": "Rotterdam, Netherlands",
    "country": "Netherlands",
    "name": "ibis Rotterdam City Centre",
    "rating": 4.2,
    "user_ratings_total": 2641,
    "price_level": null,
    "types": [
      "establishment",
      "lodging",
      "point_of_interest"
    ],
    "lat": 51.9173061,
    "lng": 4.4883559,
    "cribsLikely": true,
    "place_id": "ChIJu6pjH10zxEcRZa558THC-Gk",
    "address": "Wijnhaven 12, 3011 WP Rotterdam, Netherlands",
    "website": "https://all.accor.com/lien_externe.svlt?goto=fiche_hotel&code_hotel=8188&merchantid=seo-maps-NL-8188&sourceid=aw-cen&utm_medium=seo%20maps&utm_source=google%20Maps&utm_campaign=seo%20maps",
    "phone": "+31 10 750 2520",
    "google_url": "https://maps.google.com/?cid=7636066687967145573"
  },
  {
    "city": "Rotterdam, Netherlands",
    "country": "Netherlands",
    "name": "The James Hotel Rotterdam",
    "rating": 4.5,
    "user_ratings_total": 2018,
    "price_level": null,
    "types": [
      "establishment",
      "lodging",
      "point_of_interest"
    ],
    "lat": 51.9211019,
    "lng": 4.477851999999999,
    "cribsLikely": true,
    "place_id": "ChIJ86oAqVgzxEcRc2BBLkNMtjk",
    "address": "Aert van Nesstraat 25, 3012 CA Rotterdam, Netherlands",
    "website": "https://thejames.nl/",
    "phone": "+31 10 760 5070",
    "google_url": "https://maps.google.com/?cid=4158595157345788019"
  },
  {
    "city": "Rotterdam, Netherlands",
    "country": "Netherlands",
    "name": "SS Rotterdam",
    "rating": 4.5,
    "user_ratings_total": 8141,
    "price_level": null,
    "types": [
      "bar",
      "establishment",
      "food",
      "lodging",
      "meal_takeaway",
      "museum",
      "point_of_interest",
      "restaurant",
      "tourist_attraction"
    ],
    "lat": 51.8978354,
    "lng": 4.4732608,
    "cribsLikely": true,
    "place_id": "ChIJZf8cNlo1xEcRWMEAapj0qmw",
    "address": "3e Katendrechtse Hoofd 25, 3072 AM Rotterdam, Netherlands",
    "website": "https://ssrotterdam.nl/?utm_source=google-my-business&utm_medium=organic",
    "phone": "+31 10 297 3090",
    "google_url": "https://maps.google.com/?cid=7830339837587669336"
  },
  {
    "city": "Rotterdam, Netherlands",
    "country": "Netherlands",
    "name": "Room Mate Bruno, Rotterdam",
    "rating": 4.5,
    "user_ratings_total": 2314,
    "price_level": null,
    "types": [
      "establishment",
      "lodging",
      "point_of_interest"
    ],
    "lat": 51.90625,
    "lng": 4.4883222,
    "cribsLikely": true,
    "place_id": "ChIJR9lSfWUzxEcRry12NFMZ9gc",
    "address": "Wilhelminakade 52, 3072 AR Rotterdam, Netherlands",
    "website": "https://room-matehotels.com/gb/hotel-bruno-rotterdam/?utm_source=google&utm_medium=organic&utm_campaign=google-my-business-bruno",
    "phone": "+31 10 892 9580",
    "google_url": "https://maps.google.com/?cid=573673847689457071"
  },
  {
    "city": "Rotterdam, Netherlands",
    "country": "Netherlands",
    "name": "Motto by Hilton Rotterdam Blaak",
    "rating": 4,
    "user_ratings_total": 313,
    "price_level": null,
    "types": [
      "establishment",
      "lodging",
      "point_of_interest"
    ],
    "lat": 51.9228088,
    "lng": 4.486790699999999,
    "cribsLikely": true,
    "place_id": "ChIJwWvEslszxEcRa2mh28vXOjQ",
    "address": "Botersloot 125, 3011 HE Rotterdam, Netherlands",
    "website": "https://www.hilton.com/en/hotels/rtmblua-motto-rotterdam-blaak/?SEO_id=GMB-EMEA-UA-RTMBLUA",
    "phone": "+31 10 200 4697",
    "google_url": "https://maps.google.com/?cid=3763557709184592235"
  },
  {
    "city": "Rotterdam, Netherlands",
    "country": "Netherlands",
    "name": "CityHub Rotterdam",
    "rating": 4.6,
    "user_ratings_total": 2142,
    "price_level": null,
    "types": [
      "establishment",
      "lodging",
      "point_of_interest"
    ],
    "lat": 51.9153321,
    "lng": 4.4755043,
    "cribsLikely": true,
    "place_id": "ChIJpV3F9Z80xEcRF6AhMu1IVAs",
    "address": "Witte de Withstraat 87, 3012 BN Rotterdam, Netherlands",
    "website": "https://cityhub.com/rotterdam/?utm_source=google_my_business_rtm&utm_medium=organic",
    "phone": "+31 10 307 5830",
    "google_url": "https://maps.google.com/?cid=816357616046415895"
  },
  {
    "city": "Rotterdam, Netherlands",
    "country": "Netherlands",
    "name": "Motel One Rotterdam",
    "rating": 4.4,
    "user_ratings_total": 517,
    "price_level": null,
    "types": [
      "establishment",
      "lodging",
      "point_of_interest"
    ],
    "lat": 51.9209946,
    "lng": 4.48441,
    "cribsLikely": true,
    "place_id": "ChIJf7Kt51szxEcRNVkkIsRbwhg",
    "address": "Grotekerkplein 70, 3011 GE Rotterdam, Netherlands",
    "website": "https://www.motel-one.com/hotels/rotterdam/hotel-rotterdam/",
    "phone": "+31 10 808 4900",
    "google_url": "https://maps.google.com/?cid=1784089300336662837"
  },
  {
    "city": "Rotterdam, Netherlands",
    "country": "Netherlands",
    "name": "DoubleTree by Hilton Rotterdam Centre",
    "rating": 4.1,
    "user_ratings_total": 3307,
    "price_level": null,
    "types": [
      "establishment",
      "lodging",
      "point_of_interest",
      "spa"
    ],
    "lat": 51.9130175,
    "lng": 4.4825571,
    "cribsLikely": true,
    "place_id": "ChIJzdED1WAzxEcRdDn_gVIG_SE",
    "address": "Leuvehaven 80, 3011 EA Rotterdam, Netherlands",
    "website": "https://www.hilton.com/en/hotels/rtmdtdi-doubletree-rotterdam-centre/?SEO_id=GMB-EMEA-DI-RTMDTDI",
    "phone": "+31 10 413 4139",
    "google_url": "https://maps.google.com/?cid=2449120723797490036"
  },
  {
    "city": "Rotterdam, Netherlands",
    "country": "Netherlands",
    "name": "Hilton Rotterdam",
    "rating": 4.4,
    "user_ratings_total": 2760,
    "price_level": null,
    "types": [
      "establishment",
      "lodging",
      "point_of_interest"
    ],
    "lat": 51.923637,
    "lng": 4.477175700000001,
    "cribsLikely": true,
    "place_id": "ChIJweRNm6c0xEcROF_J9am8g58",
    "address": "Weena 10, 3012 CM Rotterdam, Netherlands",
    "website": "https://www.hilton.com/en/hotels/rtmhitw-hilton-rotterdam/?SEO_id=GMB-EMEA-TW-RTMHITW",
    "phone": "+31 10 710 8000",
    "google_url": "https://maps.google.com/?cid=11494238112138747704"
  },
  {
    "city": "Rotterdam, Netherlands",
    "country": "Netherlands",
    "name": "Novotel Rotterdam Brainpark",
    "rating": 4.2,
    "user_ratings_total": 2951,
    "price_level": null,
    "types": [
      "bar",
      "establishment",
      "food",
      "lodging",
      "point_of_interest",
      "restaurant"
    ],
    "lat": 51.9151222,
    "lng": 4.5297446,
    "cribsLikely": true,
    "place_id": "ChIJ59vIkd8yxEcRyxs8Y22VAuc",
    "address": "K.P. van der Mandelelaan 150, 3062 MB Rotterdam, Netherlands",
    "website": "https://all.accor.com/lien_externe.svlt?goto=fiche_hotel&code_hotel=1134&merchantid=seo-maps-NL-1134&sourceid=aw-cen&utm_medium=seo%20maps&utm_source=google%20Maps&utm_campaign=seo%20maps",
    "phone": "+31 10 253 2532",
    "google_url": "https://maps.google.com/?cid=16646031469763632075"
  },
  {
    "city": "Rotterdam, Netherlands",
    "country": "Netherlands",
    "name": "Holiday Inn Express Rotterdam - Central Station by IHG",
    "rating": 4.1,
    "user_ratings_total": 2836,
    "price_level": null,
    "types": [
      "establishment",
      "lodging",
      "point_of_interest"
    ],
    "lat": 51.9244149,
    "lng": 4.475928199999999,
    "cribsLikely": true,
    "place_id": "ChIJ5x_Guac0xEcRT4ad_xlu3ws",
    "address": "Weena 121, 3013 CK Rotterdam, Netherlands",
    "website": "https://www.ihg.com/holidayinnexpress/hotels/gb/en/rotterdam/rtmcs/hoteldetail?cm_mmc=GoogleMaps-_-EX-_-NL-_-RTMCS",
    "phone": "+31 20 797 9196",
    "google_url": "https://maps.google.com/?cid=855523512165434959"
  }
]