[
  {
    "city": "São Paulo, Brazil",
    "country": "Brazil",
    "name": "Hilton Sao Paulo Morumbi",
    "rating": 4.7,
    "user_ratings_total": 7056,
    "price_level": null,
    "types": [
      "establishment",
      "lodging",
      "point_of_interest"
    ],
    "lat": -23.6110588,
    "lng": -46.69670050000001,
    "cribsLikely": true,
    "place_id": "ChIJNwC7Is1QzpQRlb3t_PXMK34",
    "address": "Av. das Nações Unidas, 12901 - Cidade Monções, São Paulo - SP, 04578-000, Brazil",
    "website": "https://www.hilton.com/en/hotels/saomohh-hilton-sao-paulo-morumbi/?SEO_id=GMB-AMER-HH-SAOMOHH&y_source=1_MTIxNjk0ODktNzE1LWxvY2F0aW9uLndlYnNpdGU%3D",
    "phone": "+55 11 2845-0000",
    "google_url": "https://maps.google.com/?cid=9091585629659970965"
  },
  {
    "city": "São Paulo, Brazil",
    "country": "Brazil",
    "name": "North Palace Hotel",
    "rating": 3.7,
    "user_ratings_total": 1113,
    "price_level": null,
    "types": [
      "establishment",
      "lodging",
      "point_of_interest"
    ],
    "lat": -23.4692902,
    "lng": -46.5918239,
    "cribsLikely": true,
    "place_id": "ChIJeW1A9KpZzpQR8-DR7BNsCek",
    "address": "R. Santa Teresa de Jesus, 339 - Vila Santa Terezinha (Zona Norte), São Paulo - SP, 02271-050, Brazil",
    "website": "http://www.northpalacehotel.com.br/",
    "phone": "+55 11 99395-3463",
    "google_url": "https://maps.google.com/?cid=16792071518460961011"
  },
  {
    "city": "São Paulo, Brazil",
    "country": "Brazil",
    "name": "Ouse I Motel Zona Leste, São Paulo - SP",
    "rating": 4.3,
    "user_ratings_total": 581,
    "price_level": null,
    "types": [
      "establishment",
      "lodging",
      "point_of_interest"
    ],
    "lat": -23.5396608,
    "lng": -46.4469642,
    "cribsLikely": true,
    "place_id": "ChIJcXaID81nzpQRLFNq2q_lxog",
    "address": "R. São Francisco do Piauí, 525 - Itaquera, São Paulo - SP, 08215-400, Brazil",
    "website": "http://www.ousemotel.com.br/",
    "phone": "+55 11 2205-9069",
    "google_url": "https://maps.google.com/?cid=9855817377993347884"
  },
  {
    "city": "São Paulo, Brazil",
    "country": "Brazil",
    "name": "Hotel Capsula Sao Paulo",
    "rating": 4.6,
    "user_ratings_total": 585,
    "price_level": null,
    "types": [
      "establishment",
      "lodging",
      "point_of_interest"
    ],
    "lat": -23.5521678,
    "lng": -46.6577604,
    "cribsLikely": true,
    "place_id": "ChIJycwWxTNYzpQRYN6Uz_VA0QM",
    "address": "R. da Consolação, 1813 - Consolação, São Paulo - SP, 01301-100, Brazil",
    "website": "https://hotels.cloudbeds.com/reservas/TaqnFt#checkin=2022-11-21&checkout=2022-11-22",
    "phone": "+55 11 3129-4420",
    "google_url": "https://maps.google.com/?cid=275072476740116064"
  },
  {
    "city": "São Paulo, Brazil",
    "country": "Brazil",
    "name": "ibis Sao Paulo Paulista",
    "rating": 4.3,
    "user_ratings_total": 6004,
    "price_level": null,
    "types": [
      "establishment",
      "lodging",
      "point_of_interest"
    ],
    "lat": -23.5570221,
    "lng": -46.6619105,
    "cribsLikely": true,
    "place_id": "ChIJbXf1Ri1YzpQR63vhaj9-LrE",
    "address": "Av. Paulista, 2355 - Bela Vista, São Paulo - SP, 01311-300, Brazil",
    "website": "https://all.accor.com/lien_externe.svlt?goto=fiche_hotel&code_hotel=3735&merchantid=seo-maps-BR-3735&sourceid=aw-cen&utm_medium=seo%20maps&utm_source=google%20Maps&utm_campaign=seo%20maps",
    "phone": "+55 11 3523-3000",
    "google_url": "https://maps.google.com/?cid=12767280804483136491"
  },
  {
    "city": "São Paulo, Brazil",
    "country": "Brazil",
    "name": "Rosewood São Paulo",
    "rating": 4.8,
    "user_ratings_total": 2171,
    "price_level": null,
    "types": [
      "establishment",
      "lodging",
      "point_of_interest"
    ],
    "lat": -23.5601711,
    "lng": -46.65270169999999,
    "cribsLikely": true,
    "place_id": "ChIJsbAShclZzpQRiiYQjjaTjIA",
    "address": "R. Itapeva, 435 - Bela Vista, São Paulo - SP, 01332-000, Brazil",
    "website": "https://www.rosewoodhotels.com/en/sao-paulo",
    "phone": "+55 11 3797-0500",
    "google_url": "https://maps.google.com/?cid=9262940396115207818"
  },
  {
    "city": "São Paulo, Brazil",
    "country": "Brazil",
    "name": "Hostel Dumah",
    "rating": 4.4,
    "user_ratings_total": 89,
    "price_level": null,
    "types": [
      "establishment",
      "lodging",
      "point_of_interest"
    ],
    "lat": -23.4963246,
    "lng": -46.61402289999999,
    "cribsLikely": true,
    "place_id": "ChIJK259poD3zpQRwWduqV_Izfk",
    "address": "R. Patrocínio do Sapucaí, 259 - Santana, São Paulo - SP, 02042-030, Brazil",
    "website": null,
    "phone": "+55 11 91350-2239",
    "google_url": "https://maps.google.com/?cid=18000263598859773889"
  },
  {
    "city": "São Paulo, Brazil",
    "country": "Brazil",
    "name": "Mercure São Paulo Grand Plaza Paulista Hotel",
    "rating": 4.3,
    "user_ratings_total": 1670,
    "price_level": null,
    "types": [
      "establishment",
      "lodging",
      "point_of_interest"
    ],
    "lat": -23.5719159,
    "lng": -46.6467457,
    "cribsLikely": true,
    "place_id": "ChIJZQeEAL5ZzpQRemOcb5PGe5A",
    "address": "R. Leôncio de Carvalho, 201 - Paraíso, São Paulo - SP, 04003-010, Brazil",
    "website": "https://all.accor.com/lien_externe.svlt?goto=fiche_hotel&code_hotel=B2J4&merchantid=seo-maps-BR-B2J4&sourceid=aw-cen&utm_medium=seo%20maps&utm_source=google%20Maps&utm_campaign=seo%20maps",
    "phone": "+55 11 2627-6700",
    "google_url": "https://maps.google.com/?cid=10411133300132045690"
  },
  {
    "city": "São Paulo, Brazil",
    "country": "Brazil",
    "name": "Hotel Laghetto Stilo São Paulo",
    "rating": 4.9,
    "user_ratings_total": 2412,
    "price_level": null,
    "types": [
      "establishment",
      "lodging",
      "point_of_interest"
    ],
    "lat": -23.5765582,
    "lng": -46.645754,
    "cribsLikely": true,
    "place_id": "ChIJR71JjnBZzpQR240jQ9R4sIM",
    "address": "Rua Coronel Oscar Porto, 836 - Paraíso, São Paulo - SP, 04003-004, Brazil",
    "website": "https://laghettohoteis.com.br/hotel/stilo-sao-paulo/?utm_source=Google+Business&utm_medium=Google+Business&utm_campaign=Google+Business+Laghetto+Stilo+S%C3%A3o+Paulo&utm_content=Google+Business",
    "phone": "+55 11 3050-9601",
    "google_url": "https://maps.google.com/?cid=9489217267924438491"
  },
  {
    "city": "São Paulo, Brazil",
    "country": "Brazil",
    "name": "Hotel América do Sul - Buenas Hotéis - Centro - São Paulo - SP",
    "rating": 4,
    "user_ratings_total": 1924,
    "price_level": null,
    "types": [
      "establishment",
      "lodging",
      "point_of_interest"
    ],
    "lat": -23.5404279,
    "lng": -46.64255259999999,
    "cribsLikely": true,
    "place_id": "ChIJrcdKQEVYzpQRAQDn7HmUaTM",
    "address": "Praça Júlio Mesquita, 90 - Centro Histórico de São Paulo, São Paulo - SP, 01209-010, Brazil",
    "website": "https://www.hotelamericadosul.com.br/",
    "phone": "+55 11 3223-6699",
    "google_url": "https://maps.google.com/?cid=3704655419875459073"
  },
  {
    "city": "São Paulo, Brazil",
    "country": "Brazil",
    "name": "Wyndham Sao Paulo Paulista",
    "rating": 3.9,
    "user_ratings_total": 469,
    "price_level": null,
    "types": [
      "establishment",
      "lodging",
      "point_of_interest"
    ],
    "lat": -23.5660572,
    "lng": -46.65374749999999,
    "cribsLikely": true,
    "place_id": "ChIJ09rWksJZzpQRXhcX4WUZhqU",
    "address": "Alameda Campinas, 540 - Jardim Paulista, São Paulo - SP, 01404-000, Brazil",
    "website": "https://www.wyndhamhotels.com/pt-br/wyndham/sao-paulo-brazil/wyndham-sao-paulo-paulista/overview?CID=LC:46q62bu8edfbx3y:55991&iata=00093796",
    "phone": "+55 11 4210-2185",
    "google_url": "https://maps.google.com/?cid=11927248588496115550"
  },
  {
    "city": "São Paulo, Brazil",
    "country": "Brazil",
    "name": "ibis budget São Paulo Paraiso",
    "rating": 4.1,
    "user_ratings_total": 7446,
    "price_level": null,
    "types": [
      "establishment",
      "lodging",
      "point_of_interest"
    ],
    "lat": -23.5761755,
    "lng": -46.6403053,
    "cribsLikely": true,
    "place_id": "ChIJ54KLZppZzpQRsIYXtywjFN8",
    "address": "Rua Vergueiro, 1571 - Paraíso, São Paulo - SP, 04101-000, Brazil",
    "website": "https://all.accor.com/lien_externe.svlt?goto=fiche_hotel&code_hotel=3531&merchantid=seo-maps-BR-3531&sourceid=aw-cen&utm_medium=seo%20maps&utm_source=google%20Maps&utm_campaign=seo%20maps",
    "phone": "+55 11 5085-5699",
    "google_url": "https://maps.google.com/?cid=16074511644949448368"
  }
]