[
  {
    "city": "San Francisco, USA",
    "country": "United States",
    "name": "Holiday Inn San Francisco-Golden Gateway, an IHG Hotel",
    "rating": 4.1,
    "user_ratings_total": 3848,
    "price_level": null,
    "types": [
      "bar",
      "establishment",
      "gym",
      "health",
      "lodging",
      "night_club",
      "point_of_interest"
    ],
    "lat": 37.7898079,
    "lng": -122.4219471,
    "cribsLikely": true,
    "place_id": "ChIJg0kwO5WAhYARkWsOYoycC_g",
    "address": "1500 Van Ness Ave, San Francisco, CA 94109, USA",
    "website": "https://www.ihg.com/holidayinn/hotels/us/en/san-francisco/sfogg/hoteldetail?cm_mmc=GoogleMaps-_-HI-_-US-_-SFOGG",
    "phone": "+1 415-441-4000",
    "google_url": "https://maps.google.com/?cid=17873551672904412049"
  },
  {
    "city": "San Francisco, USA",
    "country": "United States",
    "name": "Hilton San Francisco Financial District",
    "rating": 3.9,
    "user_ratings_total": 5419,
    "price_level": null,
    "types": [
      "establishment",
      "lodging",
      "point_of_interest"
    ],
    "lat": 37.7952284,
    "lng": -122.4040729,
    "cribsLikely": true,
    "place_id": "ChIJOzt_KIuAhYARNdt9T_gCmKQ",
    "address": "750 Kearny St, San Francisco, CA 94108, USA",
    "website": "https://www.hilton.com/en/hotels/sfofdhf-hilton-san-francisco-financial-district/?SEO_id=GMB-AMER-HH-SFOFDHF&y_source=1_MTIyMDk1Ni03MTUtbG9jYXRpb24ud2Vic2l0ZQ%3D%3D",
    "phone": "+1 415-433-6600",
    "google_url": "https://maps.google.com/?cid=11860232884188994357"
  },
  {
    "city": "San Francisco, USA",
    "country": "United States",
    "name": "Hilton San Francisco Union Square",
    "rating": 4.2,
    "user_ratings_total": 11242,
    "price_level": null,
    "types": [
      "establishment",
      "lodging",
      "point_of_interest"
    ],
    "lat": 37.7857306,
    "lng": -122.4101172,
    "cribsLikely": true,
    "place_id": "ChIJeSJHoI-AhYARembxZUVcNEk",
    "address": "333 O'Farrell St, San Francisco, CA 94102, USA",
    "website": "https://www.hilton.com/en/hotels/sfofhhh-hilton-san-francisco-union-square/?SEO_id=GMB-AMER-HH-SFOFHHH&y_source=1_NzIxNzU4LTcxNS1sb2NhdGlvbi53ZWJzaXRl",
    "phone": "+1 415-771-1400",
    "google_url": "https://maps.google.com/?cid=5274942516690511482"
  },
  {
    "city": "San Francisco, USA",
    "country": "United States",
    "name": "Hampton Inn San Francisco-Daly City",
    "rating": 4.5,
    "user_ratings_total": 878,
    "price_level": null,
    "types": [
      "establishment",
      "lodging",
      "point_of_interest"
    ],
    "lat": 37.690966,
    "lng": -122.4717396,
    "cribsLikely": true,
    "place_id": "ChIJ4xxJEW18j4ARROXqRb11ZzM",
    "address": "2700 Junipero Serra Blvd, Daly City, CA 94015, USA",
    "website": "https://www.hilton.com/en/hotels/sfodchx-hampton-san-francisco-daly-city/?SEO_id=GMB-AMER-HX-SFODCHX&y_source=1_MjA4MzM5NS03MTUtbG9jYXRpb24ud2Vic2l0ZQ%3D%3D",
    "phone": "+1 650-755-7500",
    "google_url": "https://maps.google.com/?cid=3704058674317813060"
  },
  {
    "city": "San Francisco, USA",
    "country": "United States",
    "name": "Holiday Inn Express & Suites San Francisco Fishermans Wharf by IHG",
    "rating": 4.2,
    "user_ratings_total": 1987,
    "price_level": null,
    "types": [
      "establishment",
      "lodging",
      "point_of_interest"
    ],
    "lat": 37.806704,
    "lng": -122.4163468,
    "cribsLikely": true,
    "place_id": "ChIJyavVeeSAhYAR7xGAp4wD-a0",
    "address": "550 North Point St, San Francisco, CA 94133, USA",
    "website": "https://www.ihg.com/holidayinnexpress/hotels/us/en/san-francisco/sfonp/hoteldetail?cm_mmc=GoogleMaps-_-EX-_-US-_-SFONP",
    "phone": "+1 415-409-4600",
    "google_url": "https://maps.google.com/?cid=12536054940402979311"
  },
  {
    "city": "San Francisco, USA",
    "country": "United States",
    "name": "King George Hotel",
    "rating": 3.9,
    "user_ratings_total": 1432,
    "price_level": null,
    "types": [
      "establishment",
      "lodging",
      "point_of_interest"
    ],
    "lat": 37.7867767,
    "lng": -122.4092908,
    "cribsLikely": true,
    "place_id": "ChIJi0ohAY-AhYAR9z9IVbw2R4Q",
    "address": "334 Mason St, San Francisco, CA 94102, USA",
    "website": "https://www.kinggeorge.com/?utm_source=google&utm_medium=organic&utm_campaign=gbp_listing",
    "phone": "+1 415-781-5050",
    "google_url": "https://maps.google.com/?cid=9531647318865494007"
  },
  {
    "city": "San Francisco, USA",
    "country": "United States",
    "name": "San Francisco Marriott Fisherman's Wharf",
    "rating": 4.2,
    "user_ratings_total": 1900,
    "price_level": 4,
    "types": [
      "establishment",
      "lodging",
      "point_of_interest"
    ],
    "lat": 37.8055409,
    "lng": -122.4175288,
    "cribsLikely": true,
    "place_id": "ChIJxS5qD-SAhYARTQg2CebPURY",
    "address": "1250 Columbus Ave, San Francisco, CA 94133, USA",
    "website": "https://www.marriott.com/en-us/hotels/sfofw-san-francisco-marriott-fishermans-wharf/overview/?scid=f2ae0541-1279-4f24-b197-a979c79310b0",
    "phone": "+1 415-775-7555",
    "google_url": "https://maps.google.com/?cid=1608295128851941453"
  },
  {
    "city": "San Francisco, USA",
    "country": "United States",
    "name": "Hotel Riu Plaza Fisherman´s Wharf",
    "rating": 4,
    "user_ratings_total": 3040,
    "price_level": null,
    "types": [
      "establishment",
      "lodging",
      "point_of_interest"
    ],
    "lat": 37.8074145,
    "lng": -122.4134809,
    "cribsLikely": true,
    "place_id": "ChIJ6y4RoXeBhYARW30Z8w2RSxc",
    "address": "2500 Mason St, San Francisco, CA 94133, USA",
    "website": "https://www.riu.com/en/hotel/united-states/san-francisco/hotel-riu-plaza-fishermans-wharf?utm_source=google&utm_medium=organic&utm_campaign=my_business&utm_content=ZFW",
    "phone": "+1 415-362-5500",
    "google_url": "https://maps.google.com/?cid=1678594775224778075"
  },
  {
    "city": "San Francisco, USA",
    "country": "United States",
    "name": "1906 Mission",
    "rating": 4.1,
    "user_ratings_total": 179,
    "price_level": null,
    "types": [
      "establishment",
      "lodging",
      "point_of_interest"
    ],
    "lat": 37.7664882,
    "lng": -122.4200128,
    "cribsLikely": true,
    "place_id": "ChIJgw8YwyN-j4ARm-Hg8LnEPCQ",
    "address": "1906 Mission St, San Francisco, CA 94103, USA",
    "website": "https://www.1906mission.com/?y_source=1_MjUxMzUxNzQtNzE1LWxvY2F0aW9uLndlYnNpdGU%3D",
    "phone": "+1 415-783-9914",
    "google_url": "https://maps.google.com/?cid=2611178186857308571"
  },
  {
    "city": "San Francisco, USA",
    "country": "United States",
    "name": "Comfort Inn By the Bay",
    "rating": 3.9,
    "user_ratings_total": 1531,
    "price_level": null,
    "types": [
      "establishment",
      "lodging",
      "point_of_interest"
    ],
    "lat": 37.800934,
    "lng": -122.424905,
    "cribsLikely": true,
    "place_id": "ChIJt1ZrdN2AhYARcMIPcroeRwg",
    "address": "2775 Van Ness Ave, San Francisco, CA 94109, USA",
    "website": "https://www.choicehotels.com/california/san-francisco/comfort-inn-hotels/ca004?mc=llgoxxpx",
    "phone": "+1 415-928-5000",
    "google_url": "https://maps.google.com/?cid=596479261776265840"
  },
  {
    "city": "San Francisco, USA",
    "country": "United States",
    "name": "Hyatt Centric Fisherman's Wharf San Francisco",
    "rating": 4.2,
    "user_ratings_total": 2929,
    "price_level": null,
    "types": [
      "establishment",
      "lodging",
      "point_of_interest"
    ],
    "lat": 37.8062215,
    "lng": -122.4161215,
    "cribsLikely": true,
    "place_id": "ChIJpVWaeeSAhYARu4S3Sa4Jc20",
    "address": "555 North Point St, San Francisco, CA 94133, USA",
    "website": "https://www.hyatt.com/hyatt-centric/en-US/sfofw-hyatt-centric-fishermans-wharf?src=corp_lclb_google_seo_sfofw&utm_source=google&utm_medium=organic&utm_campaign=lmr",
    "phone": "+1 415-563-1234",
    "google_url": "https://maps.google.com/?cid=7886658016621593787"
  },
  {
    "city": "San Francisco, USA",
    "country": "United States",
    "name": "Handlery Union Square Hotel",
    "rating": 4,
    "user_ratings_total": 2089,
    "price_level": null,
    "types": [
      "establishment",
      "lodging",
      "point_of_interest"
    ],
    "lat": 37.787137,
    "lng": -122.4089511,
    "cribsLikely": true,
    "place_id": "ChIJx2mEHY-AhYARPrKctew-ZFc",
    "address": "351 Geary St, San Francisco, CA 94102, USA",
    "website": "http://sf.handlery.com/",
    "phone": "+1 415-781-7800",
    "google_url": "https://maps.google.com/?cid=6297227365350945342"
  }
]