[
  {
    "city": "Santiago, Chile",
    "country": "Chile",
    "name": "Hotel Capital Bellet",
    "rating": 4.5,
    "user_ratings_total": 1240,
    "price_level": null,
    "types": [
      "establishment",
      "lodging",
      "point_of_interest"
    ],
    "lat": -33.425943,
    "lng": -70.61723409999999,
    "cribsLikely": true,
    "place_id": "ChIJ3asP3Y3PYpYRbzXpJCe3J4Q",
    "address": "Antonio Bellet 135, 7500025 Providencia, Región Metropolitana, Chile",
    "website": "https://capitalhoteles.cl/en/",
    "phone": "+56 2 2958 7800",
    "google_url": "https://maps.google.com/?cid=9522781315849074031"
  },
  {
    "city": "Santiago, Chile",
    "country": "Chile",
    "name": "Le Méridien Santiago",
    "rating": 4.3,
    "user_ratings_total": 218,
    "price_level": null,
    "types": [
      "establishment",
      "lodging",
      "point_of_interest"
    ],
    "lat": -33.4381398,
    "lng": -70.6371599,
    "cribsLikely": true,
    "place_id": "ChIJJTy9WXBDY5YR2EWDjZUCCc8",
    "address": "Av. Alameda Libertador Bernardo O'Higgins 136, 6513491 Santiago de Chle, Santiago, Libertador General Bernardo O'Higgins, Chile",
    "website": "https://www.marriott.com/en-us/hotels/sclhp-le-meridien-santiago/overview/?scid=f2ae0541-1279-4f24-b197-a979c79310b0",
    "phone": "+56 2 2638 1042",
    "google_url": "https://maps.google.com/?cid=14918458081989051864"
  },
  {
    "city": "Santiago, Chile",
    "country": "Chile",
    "name": "Hotel Santa Lucia",
    "rating": 3.9,
    "user_ratings_total": 1526,
    "price_level": null,
    "types": [
      "establishment",
      "lodging",
      "point_of_interest"
    ],
    "lat": -33.4389963,
    "lng": -70.6479585,
    "cribsLikely": true,
    "place_id": "ChIJmYvMMaLFYpYRNmw_bNGGYo0",
    "address": "Huérfanos 779, 8320167 Santiago, Región Metropolitana, Chile",
    "website": "http://www.hotelsantalucia.cl/",
    "phone": "+56 2 2639 8201",
    "google_url": "https://maps.google.com/?cid=10187853541087865910"
  },
  {
    "city": "Santiago, Chile",
    "country": "Chile",
    "name": "Santiago Marriott Hotel",
    "rating": 4.6,
    "user_ratings_total": 7365,
    "price_level": null,
    "types": [
      "establishment",
      "lodging",
      "point_of_interest"
    ],
    "lat": -33.3999875,
    "lng": -70.5742745,
    "cribsLikely": true,
    "place_id": "ChIJo8VU2tfOYpYR62iIRUBcF5Y",
    "address": "Av. Pdte. Kennedy 5741, 7560356 Las Condes, Región Metropolitana, Chile",
    "website": "https://www.marriott.com/en-us/hotels/scldt-santiago-marriott-hotel/overview/?scid=f2ae0541-1279-4f24-b197-a979c79310b0",
    "phone": "+56 2 2426 2000",
    "google_url": "https://maps.google.com/?cid=10815214461267765483"
  },
  {
    "city": "Santiago, Chile",
    "country": "Chile",
    "name": "Hotel Maison Italia 1029",
    "rating": 4.5,
    "user_ratings_total": 326,
    "price_level": null,
    "types": [
      "cafe",
      "establishment",
      "food",
      "lodging",
      "point_of_interest",
      "restaurant",
      "store"
    ],
    "lat": -33.4441836,
    "lng": -70.62591789999999,
    "cribsLikely": true,
    "place_id": "ChIJly8lGX_FYpYRefgMVfAsZIc",
    "address": "Av. Italia 1029, 7501295 Santiago, Providencia, Región Metropolitana, Chile",
    "website": "http://maisonitalia1029.com/",
    "phone": "+56 2 2982 8311",
    "google_url": "https://maps.google.com/?cid=9755972103522023545"
  },
  {
    "city": "Santiago, Chile",
    "country": "Chile",
    "name": "VIP Apartments Chile",
    "rating": 4.3,
    "user_ratings_total": 280,
    "price_level": null,
    "types": [
      "establishment",
      "lodging",
      "point_of_interest"
    ],
    "lat": -33.4402559,
    "lng": -70.65661419999999,
    "cribsLikely": true,
    "place_id": "ChIJTzIj7aXFYpYRHoKt_6zjoZ8",
    "address": "Huérfanos 1400, Oficina 728D, 8340431 Santiago, Región Metropolitana, Chile",
    "website": "http://www.vipapartments.cl/",
    "phone": "+56 9 7602 1046",
    "google_url": "https://maps.google.com/?cid=11502725255444398622"
  },
  {
    "city": "Santiago, Chile",
    "country": "Chile",
    "name": "Almacruz Hotel y Centro de Convenciones",
    "rating": 4.3,
    "user_ratings_total": 3331,
    "price_level": null,
    "types": [
      "establishment",
      "lodging",
      "point_of_interest"
    ],
    "lat": -33.442136,
    "lng": -70.6474291,
    "cribsLikely": true,
    "place_id": "ChIJDReRr6HFYpYR8gwLjT7ISiY",
    "address": "San Antonio 65, 8320263 Santiago, Región Metropolitana, Chile",
    "website": "http://www.almacruz.cl/",
    "phone": "+56 2 2470 7400",
    "google_url": "https://maps.google.com/?cid=2759237892697689330"
  },
  {
    "city": "Santiago, Chile",
    "country": "Chile",
    "name": "Holiday Inn Santiago - Airport Terminal, an IHG Hotel",
    "rating": 4.3,
    "user_ratings_total": 1949,
    "price_level": null,
    "types": [
      "establishment",
      "lodging",
      "point_of_interest"
    ],
    "lat": -33.3976219,
    "lng": -70.79369609999999,
    "cribsLikely": true,
    "place_id": "ChIJez8XMrjBYpYRTb99vMkunQ0",
    "address": "Arturo Merino Benitez International Airport - Armando Cortinez Norte, 2150, Santiago, Pudahuel, Región Metropolitana, Chile",
    "website": "https://www.ihg.com/holidayinn/hotels/us/en/santiago/sclap/hoteldetail?cm_mmc=GoogleMaps-_-HI-_-CL-_-SCLAP",
    "phone": "+56 2 2799 9900",
    "google_url": "https://maps.google.com/?cid=980991737822297933"
  },
  {
    "city": "Santiago, Chile",
    "country": "Chile",
    "name": "Hostal Río Amazonas",
    "rating": 4.6,
    "user_ratings_total": 453,
    "price_level": null,
    "types": [
      "establishment",
      "lodging",
      "point_of_interest"
    ],
    "lat": -33.4396999,
    "lng": -70.6348744,
    "cribsLikely": true,
    "place_id": "ChIJIT9blbLFYpYRevOHf_GbUdI",
    "address": "Av. Vicuña Mackenna 47, 8330019 Santiago, Región Metropolitana, Chile",
    "website": "https://www.hostalrioamazonas.cl/",
    "phone": "+56 9 6468 0741",
    "google_url": "https://maps.google.com/?cid=15155065682607469434"
  },
  {
    "city": "Santiago, Chile",
    "country": "Chile",
    "name": "Wyndham Garden Santiago Kennedy",
    "rating": 4.4,
    "user_ratings_total": 1566,
    "price_level": null,
    "types": [
      "establishment",
      "lodging",
      "point_of_interest"
    ],
    "lat": -33.4029467,
    "lng": -70.5846877,
    "cribsLikely": true,
    "place_id": "ChIJcf6aXyXPYpYR5docvWJkCt4",
    "address": "Av. Pdte. Kennedy Lateral 4570, 7630454 Vitacura, Región Metropolitana, Chile",
    "website": "https://www.wyndhamhotels.com/es-xl/wyndham-garden/santiago-chile/wyndham-garden-santiago-kennedy/overview",
    "phone": "+56 2 2470 0700",
    "google_url": "https://maps.google.com/?cid=15999711001429465829"
  },
  {
    "city": "Santiago, Chile",
    "country": "Chile",
    "name": "Hyatt Centric Las Condes Santiago",
    "rating": 4.7,
    "user_ratings_total": 1456,
    "price_level": null,
    "types": [
      "establishment",
      "lodging",
      "point_of_interest"
    ],
    "lat": -33.415821,
    "lng": -70.5944762,
    "cribsLikely": true,
    "place_id": "ChIJx7hFhRXPYpYRH96JxRYS3S8",
    "address": "Enrique Foster Norte 30, 7550163 Las Condes, Región Metropolitana, Chile",
    "website": "https://www.hyatt.com/hyatt-centric/en-US/sclct-hyatt-centric-las-condes-santiago?src=corp_lclb_google_seo_sclct&utm_source=google&utm_medium=organic&utm_campaign=lmr",
    "phone": "+56 2 2892 1234",
    "google_url": "https://maps.google.com/?cid=3448932778648395295"
  },
  {
    "city": "Santiago, Chile",
    "country": "Chile",
    "name": "Radisson Blu Plaza El Bosque Santiago",
    "rating": 4.4,
    "user_ratings_total": 883,
    "price_level": null,
    "types": [
      "establishment",
      "lodging",
      "point_of_interest"
    ],
    "lat": -33.4030152,
    "lng": -70.5696256,
    "cribsLikely": true,
    "place_id": "ChIJAZ0Pj1zPYpYRs6D7uW_wa-A",
    "address": "Av. Manquehue Nte. 656, 8320000 Santiago, Las Condes, Región Metropolitana, Chile",
    "website": "https://www.choicehotels.com/chile/santiago/radisson-blu-hotels/cl012?mc=llgoxxpx",
    "phone": "+56 2 2498 1800",
    "google_url": "https://maps.google.com/?cid=16171283249656209587"
  }
]