[
  {
    "city": "Santorini, Greece",
    "country": "Greece",
    "name": "Volcano View",
    "rating": 4.7,
    "user_ratings_total": 812,
    "price_level": null,
    "types": [
      "establishment",
      "lodging",
      "point_of_interest"
    ],
    "lat": 36.3947281,
    "lng": 25.4381272,
    "cribsLikely": true,
    "place_id": "ChIJZ0GHU3jOmRQRWXMKjJF2RgU",
    "address": "Fira 847 00, Greece",
    "website": "https://www.volcano-view.com/",
    "phone": "+30 2286 024780",
    "google_url": "https://maps.google.com/?cid=380121586051216217"
  },
  {
    "city": "Santorini, Greece",
    "country": "Greece",
    "name": "Athina Luxury Suites",
    "rating": 4.7,
    "user_ratings_total": 380,
    "price_level": null,
    "types": [
      "establishment",
      "lodging",
      "point_of_interest"
    ],
    "lat": 36.41668689999999,
    "lng": 25.4309237,
    "cribsLikely": true,
    "place_id": "ChIJkwX5wtPNmRQRl97Nh2y7tT8",
    "address": "Fira 847 00, Greece",
    "website": "http://www.athinasuites.com/",
    "phone": "+30 2286 024910",
    "google_url": "https://maps.google.com/?cid=4590781469983366807"
  },
  {
    "city": "Santorini, Greece",
    "country": "Greece",
    "name": "Deluxe Suites Santorini",
    "rating": 4.5,
    "user_ratings_total": 85,
    "price_level": null,
    "types": [
      "establishment",
      "lodging",
      "point_of_interest"
    ],
    "lat": 36.4187249,
    "lng": 25.4358105,
    "cribsLikely": true,
    "place_id": "ChIJq0lbryDNmRQR39RB93cdB_Q",
    "address": "Fira 847 00, Greece",
    "website": "https://deluxehotelsantorini.com/",
    "phone": "+30 2286 024351",
    "google_url": "https://maps.google.com/?cid=17584055671177991391"
  },
  {
    "city": "Santorini, Greece",
    "country": "Greece",
    "name": "Sophia Luxury Suites",
    "rating": 4.3,
    "user_ratings_total": 309,
    "price_level": null,
    "types": [
      "establishment",
      "lodging",
      "point_of_interest"
    ],
    "lat": 36.4334942,
    "lng": 25.4213041,
    "cribsLikely": true,
    "place_id": "ChIJEfMgbUrMmRQRi7-K4SI2iv0",
    "address": "Imerovigli, Thira 847 00, Greece",
    "website": "https://sophiasuites-santorini.com/sophia-luxury-suites-imerovigli/",
    "phone": "+30 2286 021181",
    "google_url": "https://maps.google.com/?cid=18269474361822592907"
  },
  {
    "city": "Santorini, Greece",
    "country": "Greece",
    "name": "White Santorini",
    "rating": 4.6,
    "user_ratings_total": 129,
    "price_level": null,
    "types": [
      "establishment",
      "lodging",
      "point_of_interest"
    ],
    "lat": 36.4344048,
    "lng": 25.4212423,
    "cribsLikely": true,
    "place_id": "ChIJa6fOckrMmRQR7wNYTXRkS1Y",
    "address": "Imerovigli 847 00, Greece",
    "website": "https://whitesantorini.gr/",
    "phone": "+30 2286 025257",
    "google_url": "https://maps.google.com/?cid=6218174161191699439"
  },
  {
    "city": "Santorini, Greece",
    "country": "Greece",
    "name": "Lilium Hotel Santorini",
    "rating": 4.8,
    "user_ratings_total": 357,
    "price_level": null,
    "types": [
      "establishment",
      "lodging",
      "point_of_interest"
    ],
    "lat": 36.3944103,
    "lng": 25.4382306,
    "cribsLikely": true,
    "place_id": "ChIJo_gENwGYoRQR4nnZCEEOiNU",
    "address": "Fira, Φηρά 847 00, Greece",
    "website": "https://www.liliumsantorini.com/",
    "phone": "+30 2286 025333",
    "google_url": "https://maps.google.com/?cid=15386563799395432930"
  },
  {
    "city": "Santorini, Greece",
    "country": "Greece",
    "name": "Reverie Santorini Hotel",
    "rating": 4.9,
    "user_ratings_total": 291,
    "price_level": null,
    "types": [
      "establishment",
      "lodging",
      "point_of_interest"
    ],
    "lat": 36.426094,
    "lng": 25.428884,
    "cribsLikely": true,
    "place_id": "ChIJlxuWecvNmRQRJtaYKUkPTCI",
    "address": "Firostefani, Santorini Island, Cyclades 847 00, Greece",
    "website": "https://www.reverie.gr/en/",
    "phone": "+30 2286 023322",
    "google_url": "https://maps.google.com/?cid=2471367102424471078"
  },
  {
    "city": "Santorini, Greece",
    "country": "Greece",
    "name": "Smy Mediterranean White Santorini",
    "rating": 4.2,
    "user_ratings_total": 492,
    "price_level": null,
    "types": [
      "establishment",
      "lodging",
      "point_of_interest"
    ],
    "lat": 36.3997039,
    "lng": 25.4832505,
    "cribsLikely": true,
    "place_id": "ChIJMVXmzwLSmRQRC5GipbAoLB0",
    "address": "Kamari Cyclades, 84700, Ag. Paraskevi 847 00, Greece",
    "website": "https://www.smyhotels.com/smy-mediterranean-white-santorini.html?utm_source=google&utm_medium=referral&utm_campaign=google-my-business",
    "phone": "+30 2286 031167",
    "google_url": "https://maps.google.com/?cid=2102099865233428747"
  },
  {
    "city": "Santorini, Greece",
    "country": "Greece",
    "name": "Katikies",
    "rating": 4.8,
    "user_ratings_total": 633,
    "price_level": null,
    "types": [
      "establishment",
      "lodging",
      "point_of_interest"
    ],
    "lat": 36.4617363,
    "lng": 25.3824513,
    "cribsLikely": true,
    "place_id": "ChIJZfN8nIDMmRQRxE4k-4aOrXw",
    "address": "Nik. Nomikou, Oía 847 02, Greece",
    "website": "https://www.katikies.com/katikieshotelsantorini/",
    "phone": "+30 2286 072382",
    "google_url": "https://maps.google.com/?cid=8983993542064230084"
  },
  {
    "city": "Santorini, Greece",
    "country": "Greece",
    "name": "Black Diamond Suites",
    "rating": 4.8,
    "user_ratings_total": 150,
    "price_level": null,
    "types": [
      "establishment",
      "lodging",
      "point_of_interest"
    ],
    "lat": 36.3593498,
    "lng": 25.3934322,
    "cribsLikely": true,
    "place_id": "ChIJw8I79DjPmRQR0frFEFIVrTY",
    "address": "Akrotiri 847 00, Greece",
    "website": "https://blackdiamondsuites.reserve-online.net/",
    "phone": "+30 2286 027001",
    "google_url": "https://maps.google.com/?cid=3939828691231963857"
  },
  {
    "city": "Santorini, Greece",
    "country": "Greece",
    "name": "El Greco Resort & Spa",
    "rating": 4.5,
    "user_ratings_total": 1639,
    "price_level": null,
    "types": [
      "establishment",
      "lodging",
      "point_of_interest"
    ],
    "lat": 36.4110364,
    "lng": 25.4347644,
    "cribsLikely": true,
    "place_id": "ChIJzSc5TdbNmRQR-yA73uzAVBc",
    "address": "Fira 847 00, Greece",
    "website": "http://www.elgreco.com.gr/",
    "phone": "+30 2286 024946",
    "google_url": "https://maps.google.com/?cid=1681180684489269499"
  },
  {
    "city": "Santorini, Greece",
    "country": "Greece",
    "name": "Nikki Beach Resort & Spa Santorini",
    "rating": 4.2,
    "user_ratings_total": 570,
    "price_level": null,
    "types": [
      "establishment",
      "lodging",
      "point_of_interest"
    ],
    "lat": 36.3993529,
    "lng": 25.4865436,
    "cribsLikely": true,
    "place_id": "ChIJNzwbw4bTmRQR5CL6y7IN8Mw",
    "address": "Ag. Paraskevi, Monolithos 847 00, Greece",
    "website": "https://santorini.nikkibeach.com/",
    "phone": "+30 2286 037093",
    "google_url": "https://maps.google.com/?cid=14767318239725363940"
  }
]