[
  {
    "city": "Seoul, South Korea",
    "country": "South Korea",
    "name": "The Grand Hotel Myeongdong",
    "rating": 4.3,
    "user_ratings_total": 259,
    "price_level": null,
    "types": [
      "establishment",
      "lodging",
      "point_of_interest"
    ],
    "lat": 37.5616644,
    "lng": 126.9871615,
    "cribsLikely": true,
    "place_id": "ChIJDSzbkPqifDUR0ZSHtq90sIY",
    "address": "38 Myeongdong 8ga-gil, Jung District, Seoul, South Korea",
    "website": "http://www.thegrandhotel.co.kr/",
    "phone": "+82 2-777-7900",
    "google_url": "https://maps.google.com/?cid=9705385495013856465"
  },
  {
    "city": "Seoul, South Korea",
    "country": "South Korea",
    "name": "LINE HOTEL MYEONGDONG",
    "rating": 3.9,
    "user_ratings_total": 249,
    "price_level": null,
    "types": [
      "establishment",
      "lodging",
      "point_of_interest"
    ],
    "lat": 37.565327,
    "lng": 126.9836741,
    "cribsLikely": true,
    "place_id": "ChIJYWYskf-jfDURDmPIowGF2U8",
    "address": "36 Myeongdong 3-gil, Jung District, Seoul, South Korea",
    "website": "http://www.line-hotel.co.kr/",
    "phone": "+82 2-3789-8111",
    "google_url": "https://maps.google.com/?cid=5753776241031799566"
  },
  {
    "city": "Seoul, South Korea",
    "country": "South Korea",
    "name": "Fairfield by Marriott Seoul",
    "rating": 4,
    "user_ratings_total": 2335,
    "price_level": null,
    "types": [
      "establishment",
      "lodging",
      "point_of_interest"
    ],
    "lat": 37.516973,
    "lng": 126.909159,
    "cribsLikely": true,
    "place_id": "ChIJ02mbRUKffDURcwfXBbwn2Ec",
    "address": "Gyeongin-ro, 870 Yeongdeungpo District, Seoul, South Korea",
    "website": "https://www.marriott.com/en-us/hotels/selfi-fairfield-seoul/overview/?scid=f2ae0541-1279-4f24-b197-a979c79310b0",
    "phone": "+82 2-2108-9000",
    "google_url": "https://maps.google.com/?cid=5176931460167698291"
  },
  {
    "city": "Seoul, South Korea",
    "country": "South Korea",
    "name": "K-POP HOTEL Seoul Tower",
    "rating": 3.3,
    "user_ratings_total": 256,
    "price_level": null,
    "types": [
      "establishment",
      "lodging",
      "point_of_interest"
    ],
    "lat": 37.5567702,
    "lng": 126.9771641,
    "cribsLikely": true,
    "place_id": "ChIJUxqlk1-ifDURNP1CCA9E0L8",
    "address": "20 Toegye-ro 2-gil, Jung District, Seoul, South Korea",
    "website": null,
    "phone": "+82 2-771-7766",
    "google_url": "https://maps.google.com/?cid=13821622087753858356"
  },
  {
    "city": "Seoul, South Korea",
    "country": "South Korea",
    "name": "New York Hotel",
    "rating": 3.6,
    "user_ratings_total": 43,
    "price_level": null,
    "types": [
      "establishment",
      "lodging",
      "point_of_interest"
    ],
    "lat": 37.51852,
    "lng": 126.90814,
    "cribsLikely": true,
    "place_id": "ChIJS8EdJuOefDURFa04Cv8VPCc",
    "address": "7-5, Yeongdeungpo-ro 46-gil, 서울특별시 South Korea",
    "website": null,
    "phone": "+82 2-2069-0903",
    "google_url": "https://maps.google.com/?cid=2827158851214159125"
  },
  {
    "city": "Seoul, South Korea",
    "country": "South Korea",
    "name": "유 스테이 명동",
    "rating": 4.6,
    "user_ratings_total": 22,
    "price_level": null,
    "types": [
      "establishment",
      "lodging",
      "point_of_interest"
    ],
    "lat": 37.5628177,
    "lng": 126.9854585,
    "cribsLikely": true,
    "place_id": "ChIJHb7SEwCjfDUR7oSaSHERhvE",
    "address": "23 Myeongdong 10-gil, Jung District, Seoul, South Korea",
    "website": null,
    "phone": null,
    "google_url": "https://maps.google.com/?cid=17403616988266923246"
  },
  {
    "city": "Seoul, South Korea",
    "country": "South Korea",
    "name": "영등포 포유",
    "rating": null,
    "user_ratings_total": null,
    "price_level": null,
    "types": [
      "establishment",
      "lodging",
      "point_of_interest"
    ],
    "lat": 37.5208374,
    "lng": 126.9039308,
    "cribsLikely": true,
    "place_id": "ChIJ8Xo96eSefDUR96_l-i9oBtY",
    "address": "7 Yeongdeungpo-ro 35-gil, Yeongdeungpo District, Seoul, South Korea",
    "website": null,
    "phone": "+82 50-43179-8076",
    "google_url": "https://maps.google.com/?cid=15422128529258950647"
  },
  {
    "city": "Seoul, South Korea",
    "country": "South Korea",
    "name": "The Riverside Hotel",
    "rating": 3.7,
    "user_ratings_total": 3941,
    "price_level": null,
    "types": [
      "establishment",
      "lodging",
      "point_of_interest"
    ],
    "lat": 37.51864399999999,
    "lng": 127.0181008,
    "cribsLikely": true,
    "place_id": "ChIJW6JfDMKjfDURDjDHwdw-2HY",
    "address": "6 Gangnam-daero 107-gil, Seocho District, Seoul, South Korea",
    "website": "http://www.riversidehotel.co.kr/",
    "phone": "+82 2-6710-1100",
    "google_url": "https://maps.google.com/?cid=8563663809309782030"
  },
  {
    "city": "Seoul, South Korea",
    "country": "South Korea",
    "name": "Seoul N Hotel Dongdaemun",
    "rating": 3.8,
    "user_ratings_total": 823,
    "price_level": null,
    "types": [
      "establishment",
      "lodging",
      "point_of_interest"
    ],
    "lat": 37.5732747,
    "lng": 127.0208022,
    "cribsLikely": true,
    "place_id": "ChIJ_dQ7m0mjfDURG7npqboMc_M",
    "address": "21 Jong-ro 66ga-gil, Jongno District, Seoul, South Korea",
    "website": "https://hoteln.modoo.at/",
    "phone": "+82 2-6365-0008",
    "google_url": "https://maps.google.com/?cid=17542378969392331035"
  },
  {
    "city": "Seoul, South Korea",
    "country": "South Korea",
    "name": "Golden Seoul Hotel",
    "rating": 4,
    "user_ratings_total": 1146,
    "price_level": null,
    "types": [
      "establishment",
      "food",
      "lodging",
      "point_of_interest",
      "restaurant"
    ],
    "lat": 37.5477916,
    "lng": 126.8781215,
    "cribsLikely": true,
    "place_id": "ChIJ4fxt8K-efDURwFtdjAk_0c8",
    "address": "663 Gonghang-daero, Gangseo-gu, Seoul, South Korea",
    "website": "http://www.goldenseoul.com/",
    "phone": "+82 2-3397-2000",
    "google_url": "https://maps.google.com/?cid=14974819546225793984"
  },
  {
    "city": "Seoul, South Korea",
    "country": "South Korea",
    "name": "Hotel S Seoul",
    "rating": 4.1,
    "user_ratings_total": 161,
    "price_level": null,
    "types": [
      "establishment",
      "lodging",
      "point_of_interest"
    ],
    "lat": 37.530243,
    "lng": 126.8446877,
    "cribsLikely": true,
    "place_id": "ChIJAyQvwrOdfDURhcXUedOs8GQ",
    "address": "108 Gomdallae-ro, Gangseo-gu, Seoul, South Korea",
    "website": "http://www.s-hotel.co.kr/",
    "phone": "+82 2-2602-6002",
    "google_url": "https://maps.google.com/?cid=7273503422485415301"
  },
  {
    "city": "Seoul, South Korea",
    "country": "South Korea",
    "name": "Ramada Hotel and Suites Seoul Namdaemun",
    "rating": 3.9,
    "user_ratings_total": 1690,
    "price_level": null,
    "types": [
      "establishment",
      "lodging",
      "point_of_interest"
    ],
    "lat": 37.5604781,
    "lng": 126.9718949,
    "cribsLikely": true,
    "place_id": "ChIJjQTl04uifDUR2H7wdL1-Fa8",
    "address": "27 Chilpae-ro, Jung District, Seoul, South Korea",
    "website": "https://www.seanhotelgroup.com/hotels/ramada-namdaemun/ko",
    "phone": "+82 2-775-7000",
    "google_url": "https://maps.google.com/?cid=12616129283324149464"
  }
]