[
  {
    "city": "Seville, Spain",
    "country": "Spain",
    "name": "Slow Suites Setas",
    "rating": 4.2,
    "user_ratings_total": 238,
    "price_level": null,
    "types": [
      "establishment",
      "lodging",
      "point_of_interest"
    ],
    "lat": 37.3923638,
    "lng": -5.9895133,
    "cribsLikely": true,
    "place_id": "ChIJFa6HboxtEg0RtiOOHfgrsWQ",
    "address": "Pl. Cristo de Burgos, 3, Casco Antiguo, 41003 Sevilla, Spain",
    "website": "https://www.slowsuites.com/sevilla/",
    "phone": "+34 914 11 10 10",
    "google_url": "https://maps.google.com/?cid=7255628819318318006"
  },
  {
    "city": "Seville, Spain",
    "country": "Spain",
    "name": "Hotel Cervantes",
    "rating": 4.3,
    "user_ratings_total": 1809,
    "price_level": null,
    "types": [
      "establishment",
      "lodging",
      "point_of_interest"
    ],
    "lat": 37.3955646,
    "lng": -5.993290099999999,
    "cribsLikely": true,
    "place_id": "ChIJj0GA9AVsEg0Rc4sm8yauhL4",
    "address": "C. Cervantes, 10, 12, Casco Antiguo, 41003 Sevilla, Spain",
    "website": "http://www.hotel-cervantes.com/",
    "phone": "+34 954 90 02 80",
    "google_url": "https://maps.google.com/?cid=13728289046443494259"
  },
  {
    "city": "Seville, Spain",
    "country": "Spain",
    "name": "Hotel Palacio Alcázar",
    "rating": 4.3,
    "user_ratings_total": 593,
    "price_level": null,
    "types": [
      "establishment",
      "lodging",
      "point_of_interest"
    ],
    "lat": 37.3855324,
    "lng": -5.9910502,
    "cribsLikely": true,
    "place_id": "ChIJg8-HeRlsEg0Rbi8PNET0xgI",
    "address": "Pl. de la Alianza, 11, Casco Antiguo, 41004 Sevilla, Spain",
    "website": "https://www.palacioalcazar.com/",
    "phone": "+34 954 50 21 90",
    "google_url": "https://maps.google.com/?cid=200115807232929646"
  },
  {
    "city": "Seville, Spain",
    "country": "Spain",
    "name": "Hilton Garden Inn Sevilla",
    "rating": 4.4,
    "user_ratings_total": 3177,
    "price_level": null,
    "types": [
      "establishment",
      "lodging",
      "point_of_interest"
    ],
    "lat": 37.4274245,
    "lng": -5.9716726,
    "cribsLikely": true,
    "place_id": "ChIJoySKjWhpEg0R0TtYkAuRa0c",
    "address": "Torneo Parque Empresarial, Av. Ingeniería, 11, Norte, 41015 Sevilla, Spain",
    "website": "https://www.hilton.com/en/hotels/svqgigi-hilton-garden-inn-sevilla/?SEO_id=GMB-EMEA-GI-SVQGIGI",
    "phone": "+34 955 05 40 54",
    "google_url": "https://maps.google.com/?cid=5146366478053293009"
  },
  {
    "city": "Seville, Spain",
    "country": "Spain",
    "name": "Hotel Alcántara",
    "rating": 4.5,
    "user_ratings_total": 629,
    "price_level": null,
    "types": [
      "establishment",
      "lodging",
      "point_of_interest"
    ],
    "lat": 37.38628,
    "lng": -5.988671999999999,
    "cribsLikely": true,
    "place_id": "ChIJtwrN_RtsEg0RJaTm0r3I6Cw",
    "address": "C/ Ximénez de Enciso, 28, Casco Antiguo, 41004 Sevilla, Spain",
    "website": "http://www.hotelalcantara.es/",
    "phone": "+34 954 50 05 95",
    "google_url": "https://maps.google.com/?cid=3236057049878406181"
  },
  {
    "city": "Seville, Spain",
    "country": "Spain",
    "name": "Meliá Sevilla",
    "rating": 4.4,
    "user_ratings_total": 5889,
    "price_level": null,
    "types": [
      "establishment",
      "lodging",
      "point_of_interest"
    ],
    "lat": 37.378148,
    "lng": -5.983174000000001,
    "cribsLikely": true,
    "place_id": "ChIJW4NBeCBsEg0R03-cU5rlGug",
    "address": "Calle Dr. Pedro de Castro, 1, 41004 Sevilla, Spain",
    "website": "https://www.melia.com/en/hotels/spain/seville/melia-sevilla?utm_campaign=google&utm_content=4103&utm_medium=organic&utm_source=directories",
    "phone": "+34 954 42 15 11",
    "google_url": "https://maps.google.com/?cid=16724932617184247763"
  },
  {
    "city": "Seville, Spain",
    "country": "Spain",
    "name": "Hotel Boutique Casa del Poeta",
    "rating": 4.8,
    "user_ratings_total": 348,
    "price_level": null,
    "types": [
      "establishment",
      "lodging",
      "point_of_interest"
    ],
    "lat": 37.3863,
    "lng": -5.9891472,
    "cribsLikely": true,
    "place_id": "ChIJMe1L_RtsEg0RM7qHFkO_oqk",
    "address": "C. Don Carlos Alonso Chaparro, 3, Casco Antiguo, 41004 Sevilla, Spain",
    "website": "https://casadelpoeta.es/",
    "phone": "+34 954 21 38 68",
    "google_url": "https://maps.google.com/?cid=12223542633498655283"
  },
  {
    "city": "Seville, Spain",
    "country": "Spain",
    "name": "Soho Boutique Catedral",
    "rating": 4.5,
    "user_ratings_total": 484,
    "price_level": null,
    "types": [
      "establishment",
      "lodging",
      "point_of_interest"
    ],
    "lat": 37.387118,
    "lng": -5.9943405,
    "cribsLikely": true,
    "place_id": "ChIJtc0jmhBsEg0R5R6Wu1jbk_o",
    "address": "Av. de la Constitución, 8, Casco Antiguo, 41001 Sevilla, Spain",
    "website": "https://www.sohohoteles.com/destinos/hotel-soho-boutique-catedral-4/",
    "phone": "+34 854 85 60 59",
    "google_url": "https://maps.google.com/?cid=18056016505209233125"
  },
  {
    "city": "Seville, Spain",
    "country": "Spain",
    "name": "Hotel Ribera de Triana - Sevilla",
    "rating": 4.3,
    "user_ratings_total": 3930,
    "price_level": null,
    "types": [
      "establishment",
      "lodging",
      "point_of_interest"
    ],
    "lat": 37.3891359,
    "lng": -6.007475299999999,
    "cribsLikely": true,
    "place_id": "ChIJgRzxmG1sEg0RaCCL0EkT9RA",
    "address": "Pl. de Chapina, S/N, 41010 Sevilla, Spain",
    "website": "https://www.hotelriberadetriana.com/",
    "phone": "+34 954 26 80 00",
    "google_url": "https://maps.google.com/?cid=1221904081653276776"
  },
  {
    "city": "Seville, Spain",
    "country": "Spain",
    "name": "Hotel Macià Sevilla Kubb",
    "rating": 4.2,
    "user_ratings_total": 1154,
    "price_level": null,
    "types": [
      "establishment",
      "lodging",
      "point_of_interest"
    ],
    "lat": 37.3906194,
    "lng": -5.9835034,
    "cribsLikely": true,
    "place_id": "ChIJd7OVXh1sEg0Rs5gnRORyZvk",
    "address": "Pl. Carmen Benítez, 3, 41003 Sevilla, Spain",
    "website": "https://www.maciahoteles.com/maciasevillakubb/",
    "phone": "+34 954 41 03 61",
    "google_url": "https://maps.google.com/?cid=17971177687790098611"
  },
  {
    "city": "Seville, Spain",
    "country": "Spain",
    "name": "Silken Al-Andalus Palace",
    "rating": 4.3,
    "user_ratings_total": 10918,
    "price_level": null,
    "types": [
      "establishment",
      "lodging",
      "point_of_interest"
    ],
    "lat": 37.3540772,
    "lng": -5.980214,
    "cribsLikely": true,
    "place_id": "ChIJOTuPJXluEg0RN3FGSJW_eXs",
    "address": "Av. de la Palmera, s/n, 41012 Sevilla, Spain",
    "website": "https://www.hoteles-silken.com/es/hotel-al-andalus-sevilla/?utm_source=google&utm_medium=organic&utm_campaign=google-my-business-al-andalus",
    "phone": "+34 954 23 06 00",
    "google_url": "https://maps.google.com/?cid=8897353186730733879"
  },
  {
    "city": "Seville, Spain",
    "country": "Spain",
    "name": "abba Sevilla hotel",
    "rating": 4.6,
    "user_ratings_total": 887,
    "price_level": null,
    "types": [
      "bar",
      "establishment",
      "food",
      "lodging",
      "point_of_interest",
      "restaurant"
    ],
    "lat": 37.3921882,
    "lng": -5.991690999999999,
    "cribsLikely": true,
    "place_id": "ChIJ8XhbW5RtEg0R-KiZpyqKfEs",
    "address": "Pl. de la Encarnación, 19, Casco Antiguo, 41003 Sevilla, Spain",
    "website": "https://www.abbahoteles.com/es/destinos/abba-sevilla-hotel/hotel.html",
    "phone": "+34 955 44 40 30",
    "google_url": "https://maps.google.com/?cid=5439374365761841400"
  }
]