[
  {
    "city": "Siem Reap, Cambodia",
    "country": "Cambodia",
    "name": "Eightfold Urban Resort",
    "rating": 4.9,
    "user_ratings_total": 589,
    "price_level": null,
    "types": [
      "establishment",
      "lodging",
      "point_of_interest"
    ],
    "lat": 13.3419612,
    "lng": 103.8603752,
    "cribsLikely": true,
    "place_id": "ChIJl8VMAT0ZEDERQB2NkkF1Q8k",
    "address": "Krong Siem Reap, Cambodia",
    "website": "https://eightfoldurban.com/",
    "phone": "+855 92 878 282",
    "google_url": "https://maps.google.com/?cid=14502564149555174720"
  },
  {
    "city": "Siem Reap, Cambodia",
    "country": "Cambodia",
    "name": "Angkor Heart Bungalow",
    "rating": 4.9,
    "user_ratings_total": 360,
    "price_level": null,
    "types": [
      "establishment",
      "lodging",
      "point_of_interest"
    ],
    "lat": 13.3550904,
    "lng": 103.8402671,
    "cribsLikely": true,
    "place_id": "ChIJ32I-kFwXEDERhSa1jSPbPBY",
    "address": "ផ្លូវក្រវ៉ាត់ក្រុង, Krong Siem Reap, Cambodia",
    "website": "http://www.angkorheartbungalow.com/",
    "phone": "+855 92 508 863",
    "google_url": "https://maps.google.com/?cid=1602396513184851589"
  },
  {
    "city": "Siem Reap, Cambodia",
    "country": "Cambodia",
    "name": "HARI Residence & Spa",
    "rating": 4.7,
    "user_ratings_total": 656,
    "price_level": null,
    "types": [
      "establishment",
      "lodging",
      "point_of_interest"
    ],
    "lat": 13.350879,
    "lng": 103.8519928,
    "cribsLikely": true,
    "place_id": "ChIJecI9FGQXEDERwbptghm0ylE",
    "address": "City Center, BBU Road l Old Market Area Siem Reap, Krong Siem Reap 17252, Cambodia",
    "website": "http://www.hariresidence.com/",
    "phone": "+855 77 761 990",
    "google_url": "https://maps.google.com/?cid=5893721084023126721"
  },
  {
    "city": "Siem Reap, Cambodia",
    "country": "Cambodia",
    "name": "Golden Temple Hotel",
    "rating": 4.8,
    "user_ratings_total": 532,
    "price_level": null,
    "types": [
      "establishment",
      "lodging",
      "point_of_interest"
    ],
    "lat": 13.3518672,
    "lng": 103.8589317,
    "cribsLikely": true,
    "place_id": "ChIJFTOIHHsXEDERlxL75EKx4EM",
    "address": "Angkor High School, Road, Krong Siem Reap 17254, Cambodia",
    "website": "https://www.goldentemple.asia/hotel",
    "phone": "+855 96 242 7799",
    "google_url": "https://maps.google.com/?cid=4891104096191976087"
  },
  {
    "city": "Siem Reap, Cambodia",
    "country": "Cambodia",
    "name": "Prana Hotel",
    "rating": 4.7,
    "user_ratings_total": 248,
    "price_level": null,
    "types": [
      "establishment",
      "lodging",
      "point_of_interest"
    ],
    "lat": 13.3748244,
    "lng": 103.850479,
    "cribsLikely": true,
    "place_id": "ChIJ6ShwUuIXEDER3P05gwYydA4",
    "address": "phsar dam krolanh road, Siem, Reap 17252, Cambodia",
    "website": "https://app.channelmanager.com.au/booknow/jp-prana-hotel-22918?",
    "phone": "+855 12 559 046",
    "google_url": "https://maps.google.com/?cid=1041512417382235612"
  },
  {
    "city": "Siem Reap, Cambodia",
    "country": "Cambodia",
    "name": "Angkor Pearl Hotel",
    "rating": 3.8,
    "user_ratings_total": 277,
    "price_level": null,
    "types": [
      "establishment",
      "lodging",
      "point_of_interest"
    ],
    "lat": 13.3620147,
    "lng": 103.8532315,
    "cribsLikely": true,
    "place_id": "ChIJl1LUM2wXEDERVN87YjSizTE",
    "address": "Taphul Rd, Krong Siem Reap, Cambodia",
    "website": null,
    "phone": "+855 92 300 149",
    "google_url": "https://maps.google.com/?cid=3588702823954243412"
  },
  {
    "city": "Siem Reap, Cambodia",
    "country": "Cambodia",
    "name": "Angkor Countryside Boutique Resort",
    "rating": 4.7,
    "user_ratings_total": 23,
    "price_level": null,
    "types": [
      "establishment",
      "lodging",
      "point_of_interest"
    ],
    "lat": 13.3632533,
    "lng": 103.856403,
    "cribsLikely": true,
    "place_id": "ChIJuXhZiNAXEDERUiGrXupTpeQ",
    "address": "Chrey Thom Village, Kandek Commune, Bakong Disctrict Siem Reap City, Cambodia Siem Reap, Krong Siem Reap 17656, Cambodia",
    "website": null,
    "phone": "+855 77 808 996",
    "google_url": "https://maps.google.com/?cid=16475667077880553810"
  },
  {
    "city": "Siem Reap, Cambodia",
    "country": "Cambodia",
    "name": "Sala Lodges",
    "rating": 4.9,
    "user_ratings_total": 236,
    "price_level": null,
    "types": [
      "establishment",
      "lodging",
      "point_of_interest"
    ],
    "lat": 13.3453623,
    "lng": 103.860499,
    "cribsLikely": true,
    "place_id": "ChIJ8znCvX0XEDERckzuOd8rUOU",
    "address": "Salakomreuk no. 498, Krong Siem Reap, Cambodia",
    "website": "https://www.salalodges.com/",
    "phone": "+855 12 705 300",
    "google_url": "https://maps.google.com/?cid=16523755270571969650"
  },
  {
    "city": "Siem Reap, Cambodia",
    "country": "Cambodia",
    "name": "Sokha Angkor Resort",
    "rating": 4.5,
    "user_ratings_total": 947,
    "price_level": null,
    "types": [
      "establishment",
      "lodging",
      "point_of_interest"
    ],
    "lat": 13.3639692,
    "lng": 103.8558455,
    "cribsLikely": true,
    "place_id": "ChIJ9fbKfG0XEDERrvZf6nBZ5HA",
    "address": "National Road No 6, Street Junction, & Sivatha Rd, Krong Siem Reap 17252, Cambodia",
    "website": "http://www.sokhahotels.com.kh/angkor/",
    "phone": "+855 97 561 6147",
    "google_url": "https://maps.google.com/?cid=8134725168441325230"
  },
  {
    "city": "Siem Reap, Cambodia",
    "country": "Cambodia",
    "name": "Park Hyatt Siem Reap",
    "rating": 4.7,
    "user_ratings_total": 794,
    "price_level": null,
    "types": [
      "establishment",
      "lodging",
      "point_of_interest"
    ],
    "lat": 13.3584817,
    "lng": 103.853959,
    "cribsLikely": true,
    "place_id": "ChIJu1ZhU24XEDERUkWxTiu4opw",
    "address": "Sivutha Blvd, Krong Siem Reap 17252, Cambodia",
    "website": "https://www.hyatt.com/en-US/hotel/cambodia/park-hyatt-siem-reap/repph?src=corp_lclb_google_seo_repph&utm_source=google&utm_medium=organic&utm_campaign=lmr",
    "phone": "+855 63 211 234",
    "google_url": "https://maps.google.com/?cid=11286786112287229266"
  },
  {
    "city": "Siem Reap, Cambodia",
    "country": "Cambodia",
    "name": "La Bastide de Caro",
    "rating": 4.8,
    "user_ratings_total": 104,
    "price_level": null,
    "types": [
      "bar",
      "establishment",
      "food",
      "lodging",
      "night_club",
      "point_of_interest",
      "restaurant"
    ],
    "lat": 13.3567428,
    "lng": 103.8504745,
    "cribsLikely": true,
    "place_id": "ChIJWbnfwrAXEDERDe-cO_78ilU",
    "address": "9R4X+PX9, Funky Ln, Krong Siem Reap 17000, Cambodia",
    "website": "http://www.labastidedecaro.com/",
    "phone": "+855 61 511 477",
    "google_url": "https://maps.google.com/?cid=6164017208861978381"
  },
  {
    "city": "Siem Reap, Cambodia",
    "country": "Cambodia",
    "name": "Grand Venus La Residence",
    "rating": 4.6,
    "user_ratings_total": 273,
    "price_level": null,
    "types": [
      "establishment",
      "lodging",
      "point_of_interest"
    ],
    "lat": 13.3858243,
    "lng": 103.8558889,
    "cribsLikely": true,
    "place_id": "ChIJ7165uxQXEDERNkwA55BtWiU",
    "address": "វត្ត​ថ្មី, Venus street, near Wat thmey, Krong Siem Reap, 17000, Krong Siem Reap, Cambodia",
    "website": "https://grandvenuslaresidence.com/",
    "phone": "+855 77 916 668",
    "google_url": "https://maps.google.com/?cid=2691584196425567286"
  }
]