[
  {
    "city": "Singapore",
    "country": "Singapore",
    "name": "Marina Bay Sands Singapore",
    "rating": 4.7,
    "user_ratings_total": 58874,
    "price_level": null,
    "types": [
      "establishment",
      "food",
      "lodging",
      "point_of_interest",
      "restaurant",
      "tourist_attraction"
    ],
    "lat": 1.2837575,
    "lng": 103.8591065,
    "cribsLikely": true,
    "place_id": "ChIJA5LATO4Z2jER111V-v6abAI",
    "address": "10 Bayfront Ave, Singapore 018956",
    "website": "https://www.marinabaysands.com/?utm_source=google&utm_medium=GMB&utm_campaign=hotel_info_main",
    "phone": "+65 6688 8868",
    "google_url": "https://maps.google.com/?cid=174684905472875991"
  },
  {
    "city": "Singapore",
    "country": "Singapore",
    "name": "Hotel 1929",
    "rating": 3.6,
    "user_ratings_total": 444,
    "price_level": null,
    "types": [
      "establishment",
      "lodging",
      "point_of_interest"
    ],
    "lat": 1.2808073,
    "lng": 103.8418231,
    "cribsLikely": true,
    "place_id": "ChIJK0hRYHIZ2jERrxw0TDSz0vs",
    "address": "50 Keong Saik Rd., Singapore 089154",
    "website": "http://1929hotel.com/",
    "phone": "+65 6226 8929",
    "google_url": "https://maps.google.com/?cid=18145762885827304623"
  },
  {
    "city": "Singapore",
    "country": "Singapore",
    "name": "Furama RiverFront",
    "rating": 4.2,
    "user_ratings_total": 8784,
    "price_level": null,
    "types": [
      "establishment",
      "lodging",
      "point_of_interest"
    ],
    "lat": 1.2877908,
    "lng": 103.8358758,
    "cribsLikely": true,
    "place_id": "ChIJzd9lsXcZ2jERXheJEyUMnpM",
    "address": "405 Havelock Rd, Singapore 169633",
    "website": "https://www.furama.com/riverfront",
    "phone": "+65 6333 8898",
    "google_url": "https://maps.google.com/?cid=10636952723276765022"
  },
  {
    "city": "Singapore",
    "country": "Singapore",
    "name": "V Hotel Lavender",
    "rating": 4,
    "user_ratings_total": 11571,
    "price_level": null,
    "types": [
      "establishment",
      "lodging",
      "point_of_interest"
    ],
    "lat": 1.3079973,
    "lng": 103.8627806,
    "cribsLikely": true,
    "place_id": "ChIJz0FeB8oZ2jERtmcw4-LitcE",
    "address": "70 Jellicoe Rd, Singapore 208767",
    "website": "https://www.wwhotels.com/v-hotel/lavender/?utm_source=google&utm_medium=organic&utm_campaign=vhotellavender&utm_term=gbp",
    "phone": "+65 6345 2233",
    "google_url": "https://maps.google.com/?cid=13958312084206806966"
  },
  {
    "city": "Singapore",
    "country": "Singapore",
    "name": "Vibe Hotel Singapore Orchard",
    "rating": 4.5,
    "user_ratings_total": 920,
    "price_level": null,
    "types": [
      "establishment",
      "lodging",
      "point_of_interest"
    ],
    "lat": 1.3081872,
    "lng": 103.8357101,
    "cribsLikely": true,
    "place_id": "ChIJVVWlLu0Z2jERANZMbF0JwJY",
    "address": "24 Mount Elizabeth, #01-05, Singapore 228518",
    "website": "https://www.vibesingapore.com/?utm_source=googleplaces_vhso&utm_medium=organic",
    "phone": "+65 6738 1188",
    "google_url": "https://maps.google.com/?cid=10862692598071219712"
  },
  {
    "city": "Singapore",
    "country": "Singapore",
    "name": "ibis budget Singapore Gold",
    "rating": 4.3,
    "user_ratings_total": 194,
    "price_level": null,
    "types": [
      "establishment",
      "lodging",
      "point_of_interest"
    ],
    "lat": 1.3141834,
    "lng": 103.8777613,
    "cribsLikely": true,
    "place_id": "ChIJc_CtvrAZ2jERZhmZq1rHkXQ",
    "address": "123 Sims Ave, Singapore 387446",
    "website": "https://all.accor.com/hotel/B9T2/index.en.shtml",
    "phone": "+65 6970 8488",
    "google_url": "https://maps.google.com/?cid=8399713972262607206"
  },
  {
    "city": "Singapore",
    "country": "Singapore",
    "name": "ibis budget Singapore Pearl",
    "rating": 3.9,
    "user_ratings_total": 1165,
    "price_level": null,
    "types": [
      "establishment",
      "lodging",
      "point_of_interest"
    ],
    "lat": 1.3116125,
    "lng": 103.8792824,
    "cribsLikely": true,
    "place_id": "ChIJb8gUWjcY2jERl9MwgmyKsrY",
    "address": "21 Lor 14 Geylang, Singapore 398961",
    "website": "https://all.accor.com/lien_externe.svlt?goto=fiche_hotel&code_hotel=B6J8&merchantid=seo-maps-SG-B6J8&sourceid=aw-cen&utm_medium=seo%20maps&utm_source=google%20Maps&utm_campaign=seo%20maps",
    "phone": "+65 6842 7888",
    "google_url": "https://maps.google.com/?cid=13164736859402720151"
  },
  {
    "city": "Singapore",
    "country": "Singapore",
    "name": "Nest Hotel Singapore",
    "rating": 4.2,
    "user_ratings_total": 28,
    "price_level": null,
    "types": [
      "establishment",
      "lodging",
      "point_of_interest"
    ],
    "lat": 1.3109509,
    "lng": 103.8617929,
    "cribsLikely": true,
    "place_id": "ChIJIU0YKKsZ2jERQVIYHUuxRW4",
    "address": "26 Cavan Rd, Singapore 209854",
    "website": "https://www.nesthotel.com.sg/",
    "phone": "+65 8226 0018",
    "google_url": "https://maps.google.com/?cid=7945952053733904961"
  },
  {
    "city": "Singapore",
    "country": "Singapore",
    "name": "Orchard Hotel Singapore",
    "rating": 4.2,
    "user_ratings_total": 6806,
    "price_level": null,
    "types": [
      "establishment",
      "lodging",
      "point_of_interest"
    ],
    "lat": 1.3079719,
    "lng": 103.8282932,
    "cribsLikely": true,
    "place_id": "ChIJ-ZtvtowZ2jER4uzcVTpI2S0",
    "address": "442 Orchard Rd, Singapore 238879",
    "website": "https://www.millenniumhotels.com/en/singapore/orchard-hotel-singapore/?utm_source=google&utm_medium=organic&utm_campaign=gbp",
    "phone": "+65 6734 7766",
    "google_url": "https://maps.google.com/?cid=3303751217038814434"
  },
  {
    "city": "Singapore",
    "country": "Singapore",
    "name": "Hotel Grand Pacific",
    "rating": 3.9,
    "user_ratings_total": 2235,
    "price_level": null,
    "types": [
      "establishment",
      "lodging",
      "point_of_interest"
    ],
    "lat": 1.2974,
    "lng": 103.8528,
    "cribsLikely": true,
    "place_id": "ChIJg-3x6aQZ2jERpqJFaDNkabQ",
    "address": "101 Victoria St, Singapore 188018",
    "website": "http://www.hotelgrandpacific.com.sg/",
    "phone": "+65 6336 0811",
    "google_url": "https://maps.google.com/?cid=13000031971337151142"
  },
  {
    "city": "Singapore",
    "country": "Singapore",
    "name": "ibis budget Singapore Bugis",
    "rating": 3.9,
    "user_ratings_total": 960,
    "price_level": null,
    "types": [
      "establishment",
      "lodging",
      "point_of_interest"
    ],
    "lat": 1.297009,
    "lng": 103.855585,
    "cribsLikely": true,
    "place_id": "ChIJscyhaKUZ2jERMoA0Gv3a4iI",
    "address": "33 Middle Rd, Singapore 188942",
    "website": "https://all.accor.com/lien_externe.svlt?goto=fiche_hotel&code_hotel=B6H8&merchantid=seo-maps-SG-B6H8&sourceid=aw-cen&utm_medium=seo%20maps&utm_source=google%20Maps&utm_campaign=seo%20maps",
    "phone": "+65 6336 9888",
    "google_url": "https://maps.google.com/?cid=2513812322627387442"
  },
  {
    "city": "Singapore",
    "country": "Singapore",
    "name": "Hilton Garden Inn Singapore Serangoon",
    "rating": 4.2,
    "user_ratings_total": 3522,
    "price_level": null,
    "types": [
      "establishment",
      "lodging",
      "point_of_interest"
    ],
    "lat": 1.3083868,
    "lng": 103.8520416,
    "cribsLikely": true,
    "place_id": "ChIJIf22XccZ2jER4TsBlHj5nbk",
    "address": "3 Belilios Rd, Singapore 219924",
    "website": "https://www.hilton.com/en/hotels/singigi-hilton-garden-inn-singapore-serangoon/?SEO_id=GMB-APAC-GI-SINGIGI",
    "phone": "+65 6491 0500",
    "google_url": "https://maps.google.com/?cid=13375120764634741729"
  }
]