[
  {
    "city": "Singapore, Singapore",
    "country": "Singapore",
    "name": "Grand Copthorne Waterfront Hotel Singapore",
    "rating": 4.3,
    "user_ratings_total": 7362,
    "price_level": null,
    "types": [
      "establishment",
      "lodging",
      "point_of_interest"
    ],
    "lat": 1.2905162,
    "lng": 103.8350276,
    "cribsLikely": true,
    "place_id": "ChIJJwg-FJ0Z2jERu90t4MN7JeA",
    "address": "392 Havelock Rd, Singapore 169663",
    "website": "https://www.millenniumhotels.com/en/singapore/grand-copthorne-waterfront/?cid=gplaces-grand-copthorne-waterfront",
    "phone": "+65 6733 0880",
    "google_url": "https://maps.google.com/?cid=16151451719844093371"
  },
  {
    "city": "Singapore, Singapore",
    "country": "Singapore",
    "name": "Travelodge Harbourfront",
    "rating": 4,
    "user_ratings_total": 2401,
    "price_level": null,
    "types": [
      "establishment",
      "lodging",
      "point_of_interest"
    ],
    "lat": 1.2661751,
    "lng": 103.823774,
    "cribsLikely": true,
    "place_id": "ChIJhQsgLl8Z2jER_ewMvV5K6p8",
    "address": "50 Telok Blangah Rd, Singapore 098828",
    "website": "https://www.travelodgehotels.asia/travelodge-harbourfront/?utm_source=local&utm_medium=organic&utm_campaign=gmb",
    "phone": "+65 6818 6666",
    "google_url": "https://maps.google.com/?cid=11523104367339957501"
  },
  {
    "city": "Singapore, Singapore",
    "country": "Singapore",
    "name": "Hotel Grand Central",
    "rating": 3.8,
    "user_ratings_total": 1760,
    "price_level": null,
    "types": [
      "establishment",
      "lodging",
      "point_of_interest"
    ],
    "lat": 1.3013335,
    "lng": 103.8416861,
    "cribsLikely": true,
    "place_id": "ChIJifzF-ZYZ2jERJuKqhZ4PRi8",
    "address": "22 Cavenagh Rd, Singapore 229617",
    "website": "https://www.grandcentral.com.sg/",
    "phone": "+65 6737 9944",
    "google_url": "https://maps.google.com/?cid=3406427341674177062"
  },
  {
    "city": "Singapore, Singapore",
    "country": "Singapore",
    "name": "KINN Habitat",
    "rating": 4.3,
    "user_ratings_total": 99,
    "price_level": null,
    "types": [
      "establishment",
      "lodging",
      "point_of_interest"
    ],
    "lat": 1.28748,
    "lng": 103.847862,
    "cribsLikely": true,
    "place_id": "ChIJPzD34CwZ2jERVytflW4RbzQ",
    "address": "5 Hongkong St, Singapore 059648",
    "website": "https://staywithkinn.com/",
    "phone": "+65 8157 1992",
    "google_url": "https://maps.google.com/?cid=3778257779037252439"
  },
  {
    "city": "Singapore, Singapore",
    "country": "Singapore",
    "name": "Vibe Hotel Singapore Orchard",
    "rating": 4.5,
    "user_ratings_total": 920,
    "price_level": null,
    "types": [
      "establishment",
      "lodging",
      "point_of_interest"
    ],
    "lat": 1.3081872,
    "lng": 103.8357101,
    "cribsLikely": true,
    "place_id": "ChIJVVWlLu0Z2jERANZMbF0JwJY",
    "address": "24 Mount Elizabeth, #01-05, Singapore 228518",
    "website": "https://www.vibesingapore.com/?utm_source=googleplaces_vhso&utm_medium=organic",
    "phone": "+65 6738 1188",
    "google_url": "https://maps.google.com/?cid=10862692598071219712"
  },
  {
    "city": "Singapore, Singapore",
    "country": "Singapore",
    "name": "ibis Styles Singapore On Macpherson",
    "rating": 3.7,
    "user_ratings_total": 3398,
    "price_level": null,
    "types": [
      "establishment",
      "lodging",
      "point_of_interest"
    ],
    "lat": 1.3318419,
    "lng": 103.8794305,
    "cribsLikely": true,
    "place_id": "ChIJoY4MnY4X2jERSZqbAAU7Sg8",
    "address": "401 MacPherson Rd, Corner Of Macpherson And, Singapore 368125",
    "website": "https://all.accor.com/lien_externe.svlt?goto=fiche_hotel&code_hotel=9411&merchantid=seo-maps-SG-9411&sourceid=aw-cen&utm_medium=seo%20maps&utm_source=google%20Maps&utm_campaign=seo%20maps",
    "phone": "+65 6622 6000",
    "google_url": "https://maps.google.com/?cid=1101757951516580425"
  },
  {
    "city": "Singapore, Singapore",
    "country": "Singapore",
    "name": "Oasia Hotel Novena",
    "rating": 4.2,
    "user_ratings_total": 1974,
    "price_level": null,
    "types": [
      "establishment",
      "lodging",
      "point_of_interest"
    ],
    "lat": 1.3200635,
    "lng": 103.8445845,
    "cribsLikely": true,
    "place_id": "ChIJCf8FjN0Z2jERJBxAJCpiyZY",
    "address": "8 Sinaran Dr, Singapore 307470",
    "website": "https://www.oasiahotels.com/en/singapore/hotels/oasia-hotel-novena?utm_source=googleplaces_ohn&utm_medium=organic",
    "phone": "+65 6664 0333",
    "google_url": "https://maps.google.com/?cid=10865323509144362020"
  },
  {
    "city": "Singapore, Singapore",
    "country": "Singapore",
    "name": "ST Signature Tanjong Pagar",
    "rating": 4,
    "user_ratings_total": 386,
    "price_level": null,
    "types": [
      "establishment",
      "lodging",
      "point_of_interest"
    ],
    "lat": 1.278634,
    "lng": 103.84433,
    "cribsLikely": true,
    "place_id": "ChIJh5q4SW0Z2jERaMR6KoLJsBA",
    "address": "32 Tras St, Singapore 078972",
    "website": "https://stsignature.com/",
    "phone": "+65 6291 7050",
    "google_url": "https://maps.google.com/?cid=1202682661403542632"
  },
  {
    "city": "Singapore, Singapore",
    "country": "Singapore",
    "name": "Concorde Hotel Singapore",
    "rating": 4.2,
    "user_ratings_total": 3998,
    "price_level": null,
    "types": [
      "establishment",
      "food",
      "lodging",
      "point_of_interest",
      "restaurant"
    ],
    "lat": 1.3007654,
    "lng": 103.841536,
    "cribsLikely": true,
    "place_id": "ChIJRe0Wq5cZ2jER5qoN9Q0znq8",
    "address": "100 Orchard Rd, Singapore 238840",
    "website": "http://singapore.concordehotelsresorts.com/?utm_source=gmb&utm_medium=link&utm_campaign=gmb_hotel_listing",
    "phone": "+65 6733 8855",
    "google_url": "https://maps.google.com/?cid=12654608137996577510"
  },
  {
    "city": "Singapore, Singapore",
    "country": "Singapore",
    "name": "Furama RiverFront",
    "rating": 4.2,
    "user_ratings_total": 8784,
    "price_level": null,
    "types": [
      "establishment",
      "lodging",
      "point_of_interest"
    ],
    "lat": 1.2877908,
    "lng": 103.8358758,
    "cribsLikely": true,
    "place_id": "ChIJzd9lsXcZ2jERXheJEyUMnpM",
    "address": "405 Havelock Rd, Singapore 169633",
    "website": "https://www.furama.com/riverfront",
    "phone": "+65 6333 8898",
    "google_url": "https://maps.google.com/?cid=10636952723276765022"
  },
  {
    "city": "Singapore, Singapore",
    "country": "Singapore",
    "name": "ibis budget Singapore Gold",
    "rating": 4.3,
    "user_ratings_total": 194,
    "price_level": null,
    "types": [
      "establishment",
      "lodging",
      "point_of_interest"
    ],
    "lat": 1.3141834,
    "lng": 103.8777613,
    "cribsLikely": true,
    "place_id": "ChIJc_CtvrAZ2jERZhmZq1rHkXQ",
    "address": "123 Sims Ave, Singapore 387446",
    "website": "https://all.accor.com/hotel/B9T2/index.en.shtml",
    "phone": "+65 6970 8488",
    "google_url": "https://maps.google.com/?cid=8399713972262607206"
  },
  {
    "city": "Singapore, Singapore",
    "country": "Singapore",
    "name": "Hotel Boss",
    "rating": 3.9,
    "user_ratings_total": 15831,
    "price_level": null,
    "types": [
      "establishment",
      "lodging",
      "point_of_interest"
    ],
    "lat": 1.3056188,
    "lng": 103.8603467,
    "cribsLikely": true,
    "place_id": "ChIJYakjWbYZ2jERgSiDZRBS8OY",
    "address": "500 Jln Sultan, Singapore 199020",
    "website": "https://www.wwhotels.com/hotel-boss/?utm_source=google&utm_medium=organic&utm_campaign=hotelboss&utm_term=gbp",
    "phone": "+65 6809 0000",
    "google_url": "https://maps.google.com/?cid=16640890853510031489"
  }
]