[
  {
    "city": "Spain",
    "country": "Spain",
    "name": "Hotel Best Oasis Tropical",
    "rating": 4.1,
    "user_ratings_total": 6143,
    "price_level": null,
    "types": [
      "bar",
      "establishment",
      "food",
      "gym",
      "health",
      "lodging",
      "parking",
      "point_of_interest",
      "restaurant"
    ],
    "lat": 37.156934,
    "lng": -1.8263384,
    "cribsLikely": true,
    "place_id": "ChIJzT-SoNMpew0RoKFlYZCPq8s",
    "address": "Urbanización Marina de la Torre, Paseo del Mar, 1, 04638 Mojácar, Almería, Almería, Spain",
    "website": "https://www.besthotels.es/destinos-y-hoteles/best-oasis-tropical.html?utm_medium=organic&utm_source=google&utm_campaign=google-my-business&utm_term=google-local&utm_id=best-oasistropical",
    "phone": "+34 950 39 70 00",
    "google_url": "https://maps.google.com/?cid=14675981660989006240"
  },
  {
    "city": "Spain",
    "country": "Spain",
    "name": "Hampton by Hilton Alcobendas Madrid",
    "rating": 4.6,
    "user_ratings_total": 1614,
    "price_level": null,
    "types": [
      "establishment",
      "lodging",
      "point_of_interest"
    ],
    "lat": 40.5345316,
    "lng": -3.6182547,
    "cribsLikely": true,
    "place_id": "ChIJN-BMsastQg0R25k09teflLs",
    "address": "Av. de Fernando Alonso, 4, 28108 Alcobendas, Madrid, Spain",
    "website": "https://www.hilton.com/en/hotels/mcvhxhx-hampton-alcobendas-madrid/?SEO_id=GMB-EMEA-HX-MCVHXHX",
    "phone": "+34 911 08 00 10",
    "google_url": "https://maps.google.com/?cid=13516604131543128539"
  },
  {
    "city": "Spain",
    "country": "Spain",
    "name": "Gran Hotel Peñíscola ****",
    "rating": 4.1,
    "user_ratings_total": 9779,
    "price_level": null,
    "types": [
      "establishment",
      "lodging",
      "point_of_interest",
      "spa"
    ],
    "lat": 40.3920386,
    "lng": 0.4129217,
    "cribsLikely": true,
    "place_id": "ChIJ2bUTKNVFoBIRcG671xWlouM",
    "address": "Avinguda del Papa Luna,132, Avinguda del Papa Luna, 136, Parking, 12598 Peníscola, Castelló, Spain",
    "website": "https://www.granhotelpeniscola.com/",
    "phone": "+34 964 46 90 00",
    "google_url": "https://maps.google.com/?cid=16402854306069048944"
  },
  {
    "city": "Spain",
    "country": "Spain",
    "name": "Petit Hostel La Latina",
    "rating": 4.2,
    "user_ratings_total": 847,
    "price_level": null,
    "types": [
      "establishment",
      "lodging",
      "point_of_interest"
    ],
    "lat": 40.4088307,
    "lng": -3.7170986,
    "cribsLikely": true,
    "place_id": "ChIJW3dr574nQg0RiCNMdc5r1eA",
    "address": "Ronda de Segovia, 14, Arganzuela, 28005 Madrid, Spain",
    "website": "https://petithostel.com/",
    "phone": "+34 915 95 64 61",
    "google_url": "https://maps.google.com/?cid=16200973769010586504"
  },
  {
    "city": "Spain",
    "country": "Spain",
    "name": "Hostal Alcobia",
    "rating": 3.1,
    "user_ratings_total": 582,
    "price_level": null,
    "types": [
      "establishment",
      "lodging",
      "point_of_interest"
    ],
    "lat": 37.3884948,
    "lng": -5.9849234,
    "cribsLikely": true,
    "place_id": "ChIJASeXpR1sEg0R3zfJgjsJlDk",
    "address": "Av. de Menéndez Pelayo, 51, Casco Antiguo, 41003 Sevilla, Spain",
    "website": "https://www.alcobiahostal.com/",
    "phone": "+34 854 60 90 22",
    "google_url": "https://maps.google.com/?cid=4148951307917015007"
  },
  {
    "city": "Spain",
    "country": "Spain",
    "name": "Camping Santa Elena Lloret de Mar",
    "rating": 4,
    "user_ratings_total": 2757,
    "price_level": null,
    "types": [
      "campground",
      "establishment",
      "lodging",
      "park",
      "point_of_interest",
      "rv_park"
    ],
    "lat": 41.6984277,
    "lng": 2.826544,
    "cribsLikely": true,
    "place_id": "ChIJNVOiAzkXuxIRQOCJppWFra4",
    "address": "Av. Vila de Blanes, 166, 168, 17310 Lloret de Mar, Girona, Spain",
    "website": "https://www.campingsantaelena.com/",
    "phone": "+34 972 36 40 09",
    "google_url": "https://maps.google.com/?cid=12586863411361079360"
  },
  {
    "city": "Spain",
    "country": "Spain",
    "name": "Mola! Hostel",
    "rating": 4.2,
    "user_ratings_total": 2683,
    "price_level": null,
    "types": [
      "establishment",
      "lodging",
      "point_of_interest"
    ],
    "lat": 40.4141773,
    "lng": -3.7038134,
    "cribsLikely": true,
    "place_id": "ChIJ2REUwn8oQg0Rwu7bP73t3R8",
    "address": "C. de Atocha, 16, Planta 1, Centro, 28012 Madrid, Spain",
    "website": "https://www.molahostel.com/",
    "phone": "+34 915 90 05 09",
    "google_url": "https://maps.google.com/?cid=2296252782104800962"
  },
  {
    "city": "Spain",
    "country": "Spain",
    "name": "Broz Hostel",
    "rating": 4.7,
    "user_ratings_total": 689,
    "price_level": null,
    "types": [
      "establishment",
      "lodging",
      "point_of_interest"
    ],
    "lat": 37.16876269999999,
    "lng": -3.6017778,
    "cribsLikely": true,
    "place_id": "ChIJBaHdzvv9cQ0Rd7BxRzKKdPo",
    "address": "C. Azhuma, 30, Ronda, 18005 Granada, Spain",
    "website": "http://www.brozhostel.es/",
    "phone": "+34 958 26 82 22",
    "google_url": "https://maps.google.com/?cid=18047201555332051063"
  },
  {
    "city": "Spain",
    "country": "Spain",
    "name": "Hotel Áncora",
    "rating": 3.9,
    "user_ratings_total": 1282,
    "price_level": null,
    "types": [
      "establishment",
      "food",
      "lodging",
      "point_of_interest",
      "restaurant"
    ],
    "lat": 42.90593399999999,
    "lng": -9.26498,
    "cribsLikely": true,
    "place_id": "ChIJsf-AHDEsKQ0Rfi3dAX9vMgU",
    "address": "Rúa Alcalde Fernández, 54, 15155 Fisterra, A Coruña, Spain",
    "website": null,
    "phone": "+34 981 74 07 91",
    "google_url": "https://maps.google.com/?cid=374484310307974526"
  },
  {
    "city": "Spain",
    "country": "Spain",
    "name": "Hotel Sun Holidays",
    "rating": 4,
    "user_ratings_total": 483,
    "price_level": null,
    "types": [
      "establishment",
      "lodging",
      "point_of_interest"
    ],
    "lat": 28.416823,
    "lng": -16.553755,
    "cribsLikely": true,
    "place_id": "ChIJZbRKjJR_agwRxNW6r3LbmkU",
    "address": "C. La Peñita, 6, 38400 Puerto de la Cruz, Santa Cruz de Tenerife, Spain",
    "website": "http://www.hotelsunholidays.com/",
    "phone": "+34 922 38 00 87",
    "google_url": "https://maps.google.com/?cid=5015562420651480516"
  },
  {
    "city": "Spain",
    "country": "Spain",
    "name": "La Parada Del Compte",
    "rating": 4.4,
    "user_ratings_total": 281,
    "price_level": null,
    "types": [
      "establishment",
      "lodging",
      "point_of_interest"
    ],
    "lat": 40.9515192,
    "lng": 0.1070465,
    "cribsLikely": true,
    "place_id": "ChIJjyWoxTuioBIRqF6r07rbeVQ",
    "address": "Antigua Estación de Ferrocarril, SN, 44597 Torre del Compte, Teruel, Spain",
    "website": "https://www.hotelparadadelcompte.com/",
    "phone": "+34 978 07 90 25",
    "google_url": "https://maps.google.com/?cid=6087137966829559464"
  },
  {
    "city": "Spain",
    "country": "Spain",
    "name": "Estival Torre de la Mora",
    "rating": 4.3,
    "user_ratings_total": 3432,
    "price_level": null,
    "types": [
      "campground",
      "establishment",
      "food",
      "lodging",
      "park",
      "point_of_interest",
      "restaurant"
    ],
    "lat": 41.129019,
    "lng": 1.344309,
    "cribsLikely": true,
    "place_id": "ChIJFdFdH8H6oxIRGvQnZ5BJv5k",
    "address": "Ctra. Nacional 340, Km. 1171 Tarragona, N-340, Km. 1171, 43008 Tarragona, Spain",
    "website": "https://www.estivalgroup.com/camping-torre-de-la-mora.html?utm_medium=organic&utm_source=google&utm_campaign=google-my-business&utm_term=google-local&utm_id=estival-torre-mora",
    "phone": "+34 977 65 02 77",
    "google_url": "https://maps.google.com/?cid=11078654492909499418"
  }
]