[
  {
    "city": "Split, Croatia",
    "country": "Croatia",
    "name": "Split Old Town Suites",
    "rating": 4.7,
    "user_ratings_total": 216,
    "price_level": null,
    "types": [
      "establishment",
      "lodging",
      "point_of_interest"
    ],
    "lat": 43.5088889,
    "lng": 16.4369444,
    "cribsLikely": true,
    "place_id": "ChIJ44L17_5dNRMR-AGCZa9m8M4",
    "address": "Marmontova ul. 2, 21000, Split, Croatia",
    "website": "https://split-old-town-suites.worhot.com/",
    "phone": "+385 95 506 6729",
    "google_url": "https://maps.google.com/?cid=14911531269732041208"
  },
  {
    "city": "Split, Croatia",
    "country": "Croatia",
    "name": "Radisson Blu Resort & Spa, Split",
    "rating": 4.7,
    "user_ratings_total": 6891,
    "price_level": null,
    "types": [
      "establishment",
      "lodging",
      "point_of_interest"
    ],
    "lat": 43.5028917,
    "lng": 16.4701457,
    "cribsLikely": true,
    "place_id": "ChIJIWvtIideNRMRRGYQuYye4mM",
    "address": "Put Trstenika 19, 21000, Split, Croatia",
    "website": "https://www.radissonhotels.com/en-us/hotels/radisson-blu-resort-split-spa?cid=a:se+b:gmb+c:emea+i:local+e:rdb+d:cese+h:HRSPURSP",
    "phone": "+385 21 303 030",
    "google_url": "https://maps.google.com/?cid=7197489481728943684"
  },
  {
    "city": "Split, Croatia",
    "country": "Croatia",
    "name": "Hotel Split",
    "rating": 4.5,
    "user_ratings_total": 525,
    "price_level": null,
    "types": [
      "establishment",
      "lodging",
      "point_of_interest"
    ],
    "lat": 43.4981443,
    "lng": 16.5355357,
    "cribsLikely": true,
    "place_id": "ChIJbewtcpmfShMRWv55HeBgKRs",
    "address": "Strožanačka cesta 20, 21312, Podstrana, Croatia",
    "website": "http://www.hotelsplit.com/",
    "phone": "+385 99 800 2000",
    "google_url": "https://maps.google.com/?cid=1957202028752666202"
  },
  {
    "city": "Split, Croatia",
    "country": "Croatia",
    "name": "Luxury Old Town Suites, Split",
    "rating": 4.7,
    "user_ratings_total": 9,
    "price_level": null,
    "types": [
      "establishment",
      "lodging",
      "point_of_interest"
    ],
    "lat": 43.5057503,
    "lng": 16.4438801,
    "cribsLikely": true,
    "place_id": "ChIJp7mqzgFeNRMRed_QbBwL_YA",
    "address": "Šegvića ul. 21, 21000, Split, Croatia",
    "website": "https://luxuryoldtownsuites.cro-hr.com/en/",
    "phone": null,
    "google_url": "https://maps.google.com/?cid=9294597422675189625"
  },
  {
    "city": "Split, Croatia",
    "country": "Croatia",
    "name": "AC Hotel Split",
    "rating": 4.6,
    "user_ratings_total": 604,
    "price_level": null,
    "types": [
      "establishment",
      "lodging",
      "point_of_interest"
    ],
    "lat": 43.5202846,
    "lng": 16.4510175,
    "cribsLikely": true,
    "place_id": "ChIJhVO_EEpfNRMRLwADDg1gAD0",
    "address": "Ul. Domovinskog rata 61A, 21000, Split, Croatia",
    "website": "https://www.marriott.com/en-us/hotels/spuac-ac-hotel-split/overview/?scid=f2ae0541-1279-4f24-b197-a979c79310b0",
    "phone": "+385 21 226 600",
    "google_url": "https://maps.google.com/?cid=4395618845499523119"
  },
  {
    "city": "Split, Croatia",
    "country": "Croatia",
    "name": "Central Square Heritage Hotel",
    "rating": 4.7,
    "user_ratings_total": 110,
    "price_level": null,
    "types": [
      "establishment",
      "lodging",
      "point_of_interest"
    ],
    "lat": 43.509118,
    "lng": 16.438166,
    "cribsLikely": true,
    "place_id": "ChIJN8opuVZdNRMROd7fbBifJgg",
    "address": "Ul. Kraj Svete Marije 1, 21000, Split, Croatia",
    "website": "https://www.seagull-accommodation.com/",
    "phone": "+385 99 274 5086",
    "google_url": "https://maps.google.com/?cid=587331728673070649"
  },
  {
    "city": "Split, Croatia",
    "country": "Croatia",
    "name": "Luxury Rooms Near the Beach",
    "rating": 4.8,
    "user_ratings_total": 78,
    "price_level": null,
    "types": [
      "establishment",
      "lodging",
      "point_of_interest"
    ],
    "lat": 43.5036894,
    "lng": 16.4805407,
    "cribsLikely": true,
    "place_id": "ChIJ4UImNyleNRMRuHD8_EVP2DI",
    "address": "Put Žnjana 6, 21000, Split, Croatia",
    "website": "https://luxury-rooms-near-the-beach3.worhot.com/",
    "phone": "+385 98 980 5431",
    "google_url": "https://maps.google.com/?cid=3663765458881638584"
  },
  {
    "city": "Split, Croatia",
    "country": "Croatia",
    "name": "Prima Luxury Rooms, Split",
    "rating": 4,
    "user_ratings_total": 10,
    "price_level": null,
    "types": [
      "establishment",
      "lodging",
      "point_of_interest"
    ],
    "lat": 43.5105322,
    "lng": 16.439258,
    "cribsLikely": true,
    "place_id": "ChIJYyis4P1dNRMRYECQ1InOICg",
    "address": "Sinjska ul. 1, 21000, Split, Croatia",
    "website": "https://primaluxuryrooms.cro-hr.com/",
    "phone": "+385 91 263 3331",
    "google_url": "https://maps.google.com/?cid=2891538052143923296"
  },
  {
    "city": "Split, Croatia",
    "country": "Croatia",
    "name": "West Coast Deluxe rooms",
    "rating": 5,
    "user_ratings_total": 60,
    "price_level": null,
    "types": [
      "establishment",
      "lodging",
      "point_of_interest"
    ],
    "lat": 43.50383799999999,
    "lng": 16.427685,
    "cribsLikely": true,
    "place_id": "ChIJ0xtU3_lnNRMRDRxgVK101v0",
    "address": "Dražanac ul. 66, 21000, Split, Croatia",
    "website": "https://westcoastsplit.com/",
    "phone": "+385 97 725 7156",
    "google_url": "https://maps.google.com/?cid=18290935224405597197"
  },
  {
    "city": "Split, Croatia",
    "country": "Croatia",
    "name": "Bosket Luxury Rooms",
    "rating": 4.2,
    "user_ratings_total": 61,
    "price_level": null,
    "types": [
      "establishment",
      "lodging",
      "point_of_interest"
    ],
    "lat": 43.5102743,
    "lng": 16.4451686,
    "cribsLikely": true,
    "place_id": "ChIJ3aeXXJxfNRMREQ8XvvhtYr4",
    "address": "Ul. Marina Držića, 21000, Split, Croatia",
    "website": "https://www.boketluxuryrooms.top/",
    "phone": "+385 99 511 2991",
    "google_url": "https://maps.google.com/?cid=13718648330032451345"
  },
  {
    "city": "Split, Croatia",
    "country": "Croatia",
    "name": "HISTORIC PLAZA VAROS SPLIT, Split",
    "rating": 4.2,
    "user_ratings_total": 23,
    "price_level": null,
    "types": [
      "establishment",
      "lodging",
      "point_of_interest"
    ],
    "lat": 43.5101591,
    "lng": 16.4344971,
    "cribsLikely": true,
    "place_id": "ChIJXy7JaXFdNRMRmpfwDbgusa8",
    "address": "Bilanova 1, 21000, Split, Croatia",
    "website": "https://historicplazavarossplit.cro-hr.com/",
    "phone": "+385 98 188 1064",
    "google_url": "https://maps.google.com/?cid=12659951395557906330"
  },
  {
    "city": "Split, Croatia",
    "country": "Croatia",
    "name": "Horizon Luxury Suites",
    "rating": 4.7,
    "user_ratings_total": 73,
    "price_level": null,
    "types": [
      "establishment",
      "lodging",
      "point_of_interest"
    ],
    "lat": 43.5060073,
    "lng": 16.4458092,
    "cribsLikely": true,
    "place_id": "ChIJZRuBjgFeNRMRmIh2XL6JLPs",
    "address": "Ul. kralja Zvonimira 14, 21000, Split, Croatia",
    "website": "https://horizonsplit.book.rentl.io/",
    "phone": "+385 97 664 4337",
    "google_url": "https://maps.google.com/?cid=18098992453183244440"
  }
]