[
  {
    "city": "Stockholm, Sweden",
    "country": "Sweden",
    "name": "Elite Palace Hotel, Stockholm",
    "rating": 4.1,
    "user_ratings_total": 2367,
    "price_level": null,
    "types": [
      "establishment",
      "lodging",
      "point_of_interest"
    ],
    "lat": 59.3466262,
    "lng": 18.0395503,
    "cribsLikely": true,
    "place_id": "ChIJM-S-53udX0YR5lYIPz4s5aI",
    "address": "Sankt Eriksgatan 115, 113 43 Stockholm, Sweden",
    "website": "https://www.elite.se/hotell/stockholm/elite-palace-hotel-stockholm/?utm_source=google&utm_medium=organic&utm_campaign=google-local&utm_content=elite-palace-hotel-stockholm",
    "phone": "+46 8 566 217 00",
    "google_url": "https://maps.google.com/?cid=11737836649668171494"
  },
  {
    "city": "Stockholm, Sweden",
    "country": "Sweden",
    "name": "Clarion Hotel Stockholm",
    "rating": 4.2,
    "user_ratings_total": 6212,
    "price_level": null,
    "types": [
      "bar",
      "establishment",
      "food",
      "lodging",
      "point_of_interest",
      "restaurant",
      "spa",
      "store"
    ],
    "lat": 59.3070649,
    "lng": 18.0748087,
    "cribsLikely": true,
    "place_id": "ChIJwaQLHfR3X0YRQWBewlEdJWc",
    "address": "Ringvägen 98, 118 60 Stockholm, Sweden",
    "website": "https://www.strawberry.se/hotell/sverige/stockholm/clarion-hotel-stockholm/?utm_campaign=gmb-listing&utm_medium=organic&utm_source=google",
    "phone": "+46 8 462 10 00",
    "google_url": "https://maps.google.com/?cid=7432378997035393089"
  },
  {
    "city": "Stockholm, Sweden",
    "country": "Sweden",
    "name": "ProfilHotels | Nacka",
    "rating": 4.5,
    "user_ratings_total": 427,
    "price_level": null,
    "types": [
      "establishment",
      "lodging",
      "point_of_interest"
    ],
    "lat": 59.306884,
    "lng": 18.118166,
    "cribsLikely": true,
    "place_id": "ChIJb9DlcI55X0YRZ1f9vKehcV0",
    "address": "Värmdövägen 84, 131 54 Nacka, Sweden",
    "website": "https://ligula.se/profilhotels/hotel-nacka/",
    "phone": "+46 8 506 160 00",
    "google_url": "https://maps.google.com/?cid=6733340659697932135"
  },
  {
    "city": "Stockholm, Sweden",
    "country": "Sweden",
    "name": "Crystal Plaza Hotel",
    "rating": 3.8,
    "user_ratings_total": 915,
    "price_level": null,
    "types": [
      "establishment",
      "lodging",
      "point_of_interest"
    ],
    "lat": 59.3381886,
    "lng": 18.0686,
    "cribsLikely": true,
    "place_id": "ChIJ4Qmu11ydX0YRHyKDiOOObBo",
    "address": "Birger Jarlsgatan 35, 111 45 Stockholm, Sweden",
    "website": "http://www.crystalplazahotel.se/",
    "phone": "+46 8 406 88 00",
    "google_url": "https://maps.google.com/?cid=1904053850369892895"
  },
  {
    "city": "Stockholm, Sweden",
    "country": "Sweden",
    "name": "Bob W Stockholm Norrmalm",
    "rating": 4.2,
    "user_ratings_total": 46,
    "price_level": null,
    "types": [
      "establishment",
      "lodging",
      "point_of_interest"
    ],
    "lat": 59.3391914,
    "lng": 18.0628689,
    "cribsLikely": true,
    "place_id": "ChIJf9EBu_GdX0YRgYo6MfTQJXc",
    "address": "Kammakargatan 5, 111 40 Stockholm, Sweden",
    "website": "https://booking.bobw.co/?city=Stockholm&property=property=stockholm-kam5&utm_source=organic+search&utm_medium=google_my_business_search_maps&utm_campaign=bob_w_norrmalm_google_maps_listing&utm_content=google_my_business_website_button",
    "phone": "+46 8 551 217 73",
    "google_url": "https://maps.google.com/?cid=8585498011868236417"
  },
  {
    "city": "Stockholm, Sweden",
    "country": "Sweden",
    "name": "Grand Hôtel",
    "rating": 4.6,
    "user_ratings_total": 4146,
    "price_level": null,
    "types": [
      "establishment",
      "lodging",
      "point_of_interest"
    ],
    "lat": 59.3297258,
    "lng": 18.0757134,
    "cribsLikely": true,
    "place_id": "ChIJKcNgo1mdX0YRZ_wU8-ZX24w",
    "address": "Södra Blasieholmshamnen 8, 103 27 Stockholm, Sweden",
    "website": "http://www.grandhotel.se/",
    "phone": "+46 8 679 35 00",
    "google_url": "https://maps.google.com/?cid=10149802834641878119"
  },
  {
    "city": "Stockholm, Sweden",
    "country": "Sweden",
    "name": "Radisson Blu Waterfront Hotel, Stockholm",
    "rating": 4.4,
    "user_ratings_total": 3925,
    "price_level": null,
    "types": [
      "establishment",
      "lodging",
      "point_of_interest"
    ],
    "lat": 59.330103,
    "lng": 18.0559152,
    "cribsLikely": true,
    "place_id": "ChIJASJIT2CdX0YRGwHUTsX4j4U",
    "address": "Nils Ericsons Plan 4, 111 64 Stockholm, Sweden",
    "website": "https://www.radissonhotels.com/en-us/hotels/radisson-blu-stockholm?cid=a:se+b:gmb+c:emea+i:local+e:rdb+d:nob+h:SESTOWTR",
    "phone": "+46 8 505 060 00",
    "google_url": "https://maps.google.com/?cid=9624184455028801819"
  },
  {
    "city": "Stockholm, Sweden",
    "country": "Sweden",
    "name": "Clas på Hörnet",
    "rating": 4.2,
    "user_ratings_total": 153,
    "price_level": 2,
    "types": [
      "establishment",
      "lodging",
      "point_of_interest"
    ],
    "lat": 59.32003520000001,
    "lng": 18.0701112,
    "cribsLikely": true,
    "place_id": "ChIJLbnwCWydX0YR6hcY4RGersI",
    "address": "Hornsgatan 2, 118 20 Stockholm, Sweden",
    "website": null,
    "phone": "+46 8 16 51 30",
    "google_url": "https://maps.google.com/?cid=14028323688933758954"
  },
  {
    "city": "Stockholm, Sweden",
    "country": "Sweden",
    "name": "Hotel Hornsgatan",
    "rating": 4.6,
    "user_ratings_total": 436,
    "price_level": null,
    "types": [
      "establishment",
      "lodging",
      "point_of_interest"
    ],
    "lat": 59.3185739,
    "lng": 18.0591477,
    "cribsLikely": true,
    "place_id": "ChIJcyPOY-Z3X0YR9Wr2iFsijEI",
    "address": "Hornsgatan 66B, 118 21 Stockholm, Sweden",
    "website": "http://www.hotelhornsgatan.se/",
    "phone": "+46 8 658 29 01",
    "google_url": "https://maps.google.com/?cid=4795245479777954549"
  },
  {
    "city": "Stockholm, Sweden",
    "country": "Sweden",
    "name": "Castle House Inn",
    "rating": 4,
    "user_ratings_total": 866,
    "price_level": null,
    "types": [
      "establishment",
      "lodging",
      "point_of_interest"
    ],
    "lat": 59.3250863,
    "lng": 18.0744216,
    "cribsLikely": true,
    "place_id": "ChIJWWROpOJ3X0YR1f4eiYTHnpg",
    "address": "Brunnsgränd 4, 111 30 Stockholm, Sweden",
    "website": "http://www.castlehouse.se/",
    "phone": null,
    "google_url": "https://maps.google.com/?cid=10997446712135450325"
  },
  {
    "city": "Stockholm, Sweden",
    "country": "Sweden",
    "name": "Generator Stockholm",
    "rating": 4.4,
    "user_ratings_total": 6973,
    "price_level": null,
    "types": [
      "bar",
      "cafe",
      "establishment",
      "food",
      "lodging",
      "point_of_interest",
      "restaurant"
    ],
    "lat": 59.3358554,
    "lng": 18.0507304,
    "cribsLikely": true,
    "place_id": "ChIJz7JNEmSdX0YRZjJAxecQLNw",
    "address": "Torsgatan 10, 111 23 Stockholm, Sweden",
    "website": "https://staygenerator.com/hostels/stockholm?utm_source=google-my-business&utm_medium=organic&utm_campaign=hostel-Stockholm",
    "phone": "+46 8 505 323 70",
    "google_url": "https://maps.google.com/?cid=15865074174952223334"
  },
  {
    "city": "Stockholm, Sweden",
    "country": "Sweden",
    "name": "Hilton Stockholm Slussen",
    "rating": 4.2,
    "user_ratings_total": 3921,
    "price_level": null,
    "types": [
      "establishment",
      "lodging",
      "point_of_interest"
    ],
    "lat": 59.3204765,
    "lng": 18.0692834,
    "cribsLikely": true,
    "place_id": "ChIJ3ZuZYON3X0YR8Uf6lbY1X5o",
    "address": "Guldgränd 8, 104 65 Stockholm, Sweden",
    "website": "https://www.hilton.com/en/hotels/stoslhi-hilton-stockholm-slussen/?SEO_id=GMB-EMEA-HI-STOSLHI",
    "phone": "+46 8 517 353 00",
    "google_url": "https://maps.google.com/?cid=11123668662944942065"
  }
]