[
  {
    "city": "Sydney, Australia",
    "country": "Australia",
    "name": "Darling Harbour",
    "rating": 4.3,
    "user_ratings_total": 6,
    "price_level": null,
    "types": [
      "establishment",
      "lodging",
      "point_of_interest"
    ],
    "lat": -33.8729842,
    "lng": 151.1967718,
    "cribsLikely": true,
    "place_id": "ChIJfUIfMK2vEmsR1NyaTHoocUQ",
    "address": "22 Allen St, Pyrmont NSW 2009, Australia",
    "website": null,
    "phone": null,
    "google_url": "https://maps.google.com/?cid=4931767572683742420"
  },
  {
    "city": "Sydney, Australia",
    "country": "Australia",
    "name": "Sydney Central Inn",
    "rating": 3.4,
    "user_ratings_total": 219,
    "price_level": null,
    "types": [
      "establishment",
      "lodging",
      "point_of_interest"
    ],
    "lat": -33.8792715,
    "lng": 151.2072937,
    "cribsLikely": true,
    "place_id": "ChIJFyD82CKuEmsRa6WzwBAzRJc",
    "address": "428 Pitt St, Haymarket NSW 2000, Australia",
    "website": "http://www.sydneycentralinn.com.au/",
    "phone": "+61 2 9211 7323",
    "google_url": "https://maps.google.com/?cid=10899893145188935019"
  },
  {
    "city": "Sydney, Australia",
    "country": "Australia",
    "name": "YEHS Hotel - Sydney CBD",
    "rating": 4.7,
    "user_ratings_total": 3801,
    "price_level": null,
    "types": [
      "establishment",
      "lodging",
      "point_of_interest"
    ],
    "lat": -33.8760716,
    "lng": 151.2057797,
    "cribsLikely": true,
    "place_id": "ChIJ5YNDjTyuEmsRBu909f4tq8s",
    "address": "Level 1/88 Liverpool St, Sydney NSW 2000, Australia",
    "website": "https://www.sydneyhotelcbd.com/",
    "phone": "+61 2 9152 8888",
    "google_url": "https://maps.google.com/?cid=14675874383779917574"
  },
  {
    "city": "Sydney, Australia",
    "country": "Australia",
    "name": "Sydney Boutique Hotel",
    "rating": 4.2,
    "user_ratings_total": 925,
    "price_level": null,
    "types": [
      "establishment",
      "lodging",
      "point_of_interest"
    ],
    "lat": -33.87669700000001,
    "lng": 151.2214883,
    "cribsLikely": true,
    "place_id": "ChIJ6W_3AxKuEmsRbx-4bSRa3m4",
    "address": "114 Darlinghurst Rd, Darlinghurst NSW 2010, Australia",
    "website": "http://thesydneyboutiquehotel.com/",
    "phone": "+61 2 8018 5636",
    "google_url": "https://maps.google.com/?cid=7988921901507944303"
  },
  {
    "city": "Sydney, Australia",
    "country": "Australia",
    "name": "Sydney Central Hotel",
    "rating": 3.9,
    "user_ratings_total": 226,
    "price_level": null,
    "types": [
      "establishment",
      "lodging",
      "point_of_interest"
    ],
    "lat": -33.8818397,
    "lng": 151.2027085,
    "cribsLikely": true,
    "place_id": "ChIJF4MApjKvEmsRpfviii-AEGQ",
    "address": "169-179 Thomas St, Haymarket NSW 2000, Australia",
    "website": "https://www.discoverasr.com/en/others/australia/sydney-central-hotel?utm_source=google&utm_medium=maps&utm_campaign=hq-google-maps-alwayson--all-en-au-au-sydneycentralhotel--gbp&--&cid=map::gg::hq:ind:::all:en:au:au:sydneycentralhotel:0:gbp:0:::",
    "phone": "+61 2 9281 6888",
    "google_url": "https://maps.google.com/?cid=7210403945102113701"
  },
  {
    "city": "Sydney, Australia",
    "country": "Australia",
    "name": "Hilton Sydney",
    "rating": 4.4,
    "user_ratings_total": 6420,
    "price_level": null,
    "types": [
      "establishment",
      "lodging",
      "point_of_interest",
      "spa"
    ],
    "lat": -33.8717731,
    "lng": 151.2079742,
    "cribsLikely": true,
    "place_id": "ChIJ8SCH9D6uEmsRmLf5TRKGy-Q",
    "address": "488 George St, Sydney NSW 2000, Australia",
    "website": "https://www.hilton.com/en/hotels/sydhitw-hilton-sydney/?SEO_id=GMB-APAC-TW-SYDHITW",
    "phone": "+61 2 9266 2000",
    "google_url": "https://maps.google.com/?cid=16486418274095576984"
  },
  {
    "city": "Sydney, Australia",
    "country": "Australia",
    "name": "The Great Southern Hotel Sydney",
    "rating": 4.1,
    "user_ratings_total": 2232,
    "price_level": null,
    "types": [
      "establishment",
      "lodging",
      "point_of_interest"
    ],
    "lat": -33.8808874,
    "lng": 151.2043437,
    "cribsLikely": true,
    "place_id": "ChIJ8x86hCOuEmsRJg5cnmDhwAE",
    "address": "717 George St, Haymarket NSW 2000, Australia",
    "website": "https://greatsouthernhotel.com.au/great-southern-hotel-sydney/",
    "phone": "+61 2 9289 4411",
    "google_url": "https://maps.google.com/?cid=126348594656316966"
  },
  {
    "city": "Sydney, Australia",
    "country": "Australia",
    "name": "Metro Hotel Marlow Sydney Central",
    "rating": 3.5,
    "user_ratings_total": 1537,
    "price_level": null,
    "types": [
      "establishment",
      "food",
      "lodging",
      "point_of_interest",
      "restaurant"
    ],
    "lat": -33.8791611,
    "lng": 151.2068743,
    "cribsLikely": true,
    "place_id": "ChIJX-77JSOuEmsR2QhWjS9FlYg",
    "address": "431-439 Pitt St, Haymarket NSW 2000, Australia",
    "website": "https://metrohotels.com.au/hotels/metro-hotel-marlow-sydney-central?utm_source=google&utm_medium=local&utm_campaign=gmb_listing",
    "phone": "+61 2 9281 6999",
    "google_url": "https://maps.google.com/?cid=9841848631225092313"
  },
  {
    "city": "Sydney, Australia",
    "country": "Australia",
    "name": "ibis Sydney Darling Harbour",
    "rating": 4,
    "user_ratings_total": 3175,
    "price_level": null,
    "types": [
      "establishment",
      "lodging",
      "point_of_interest"
    ],
    "lat": -33.8705877,
    "lng": 151.1979415,
    "cribsLikely": true,
    "place_id": "ChIJFfyzTTeuEmsRuMxvFyNRfbk",
    "address": "70 Murray St, Pyrmont NSW 2009, Australia",
    "website": "https://all.accor.com/lien_externe.svlt?goto=fiche_hotel&code_hotel=1757&merchantid=seo-maps-AU-1757&sourceid=aw-cen&utm_medium=seo%20maps&utm_source=google%20Maps&utm_campaign=seo%20maps",
    "phone": "+61 2 9563 0888",
    "google_url": "https://maps.google.com/?cid=13365928480264408248"
  },
  {
    "city": "Sydney, Australia",
    "country": "Australia",
    "name": "Kith Hotel Darling Harbour",
    "rating": 4.2,
    "user_ratings_total": 322,
    "price_level": null,
    "types": [
      "establishment",
      "lodging",
      "point_of_interest"
    ],
    "lat": -33.872284,
    "lng": 151.1971126,
    "cribsLikely": true,
    "place_id": "ChIJGwPNlDCuEmsRnGlmBCzAXYs",
    "address": "131-133 Murray St, Pyrmont NSW 2009, Australia",
    "website": "https://www.kithhotel.com/",
    "phone": "+61 2 9552 2260",
    "google_url": "https://maps.google.com/?cid=10042394039390988700"
  },
  {
    "city": "Sydney, Australia",
    "country": "Australia",
    "name": "Cremorne Point Manor",
    "rating": 4.6,
    "user_ratings_total": 330,
    "price_level": null,
    "types": [
      "establishment",
      "lodging",
      "point_of_interest"
    ],
    "lat": -33.8445264,
    "lng": 151.2292888,
    "cribsLikely": true,
    "place_id": "ChIJ67B4FYOuEmsRvvtV9L7sjZE",
    "address": "6 Cremorne Rd, Cremorne Point NSW 2090, Australia",
    "website": "http://www.cremornepointmanor.com.au/",
    "phone": "+61 2 8969 4555",
    "google_url": "https://maps.google.com/?cid=10488299412102970302"
  },
  {
    "city": "Sydney, Australia",
    "country": "Australia",
    "name": "Nomads Sydney",
    "rating": 3.9,
    "user_ratings_total": 1332,
    "price_level": null,
    "types": [
      "bar",
      "establishment",
      "food",
      "local_government_office",
      "lodging",
      "point_of_interest",
      "restaurant",
      "travel_agency"
    ],
    "lat": -33.8732123,
    "lng": 151.2049633,
    "cribsLikely": true,
    "place_id": "ChIJKwL_BDyuEmsROVMxBbEOOnk",
    "address": "477 Kent St, Sydney NSW 2000, Australia",
    "website": "https://nomadsworld.com/australia/nomads-sydney/",
    "phone": "+61 2 9267 7718",
    "google_url": "https://maps.google.com/?cid=8735310580697617209"
  }
]