[
  {
    "city": "Taipei, Taiwan",
    "country": "Taiwan",
    "name": "CU Hotel Taipei",
    "rating": 4.2,
    "user_ratings_total": 1437,
    "price_level": null,
    "types": [
      "establishment",
      "lodging",
      "point_of_interest"
    ],
    "lat": 25.0569264,
    "lng": 121.5162738,
    "cribsLikely": true,
    "place_id": "ChIJkbMu8GqpQjQRRsoCXHvwDgc",
    "address": "No. 198號, Minsheng W Rd, Datong District, Taipei City, Taiwan 103",
    "website": "https://www.cuhotel.com.tw/TAIPEI",
    "phone": "+886 2 2558 5500",
    "google_url": "https://maps.google.com/?cid=508608220554775110"
  },
  {
    "city": "Taipei, Taiwan",
    "country": "Taiwan",
    "name": "Starbox Hostel",
    "rating": 3.6,
    "user_ratings_total": 881,
    "price_level": null,
    "types": [
      "establishment",
      "lodging",
      "point_of_interest"
    ],
    "lat": 25.053927,
    "lng": 121.513958,
    "cribsLikely": true,
    "place_id": "ChIJ3y9aVBOpQjQRjocV6NwgmFY",
    "address": "103, Taiwan, Taipei City, Datong District, Nanjing W Rd, 288號4F, No288, Nanjing W. Rd",
    "website": null,
    "phone": "+886 966 688 583",
    "google_url": "https://maps.google.com/?cid=6239773416880441230"
  },
  {
    "city": "Taipei, Taiwan",
    "country": "Taiwan",
    "name": "謙匯普樂室行旅",
    "rating": 4.2,
    "user_ratings_total": 1813,
    "price_level": null,
    "types": [
      "establishment",
      "lodging",
      "point_of_interest"
    ],
    "lat": 25.03327,
    "lng": 121.5731182,
    "cribsLikely": true,
    "place_id": "ChIJm-Ahr0irQjQRXEKgIHhy0mc",
    "address": "110, Taiwan, Taipei City, Xinyi District, Section 5, Xinyi Rd, 109號B1",
    "website": "https://placex109.com/room.html",
    "phone": "+886 2 8786 4188",
    "google_url": "https://maps.google.com/?cid=7481167791284830812"
  },
  {
    "city": "Taipei, Taiwan",
    "country": "Taiwan",
    "name": "Work Inn 101",
    "rating": 4.3,
    "user_ratings_total": 831,
    "price_level": null,
    "types": [
      "establishment",
      "lodging",
      "point_of_interest"
    ],
    "lat": 25.0316862,
    "lng": 121.5585582,
    "cribsLikely": true,
    "place_id": "ChIJf13gasqrQjQRJooPlaBpbBs",
    "address": "No. 48號, Section 2, Keelung Rd, Xinyi District, Taipei City, Taiwan 110",
    "website": "https://booking.owlting.com/workinntaipei101?adult=1&child=0&infant=0&lang=zh_TW",
    "phone": "+886 2 2725 2168",
    "google_url": "https://maps.google.com/?cid=1976070474925312550"
  },
  {
    "city": "Taipei, Taiwan",
    "country": "Taiwan",
    "name": "Fun Inn Taipei",
    "rating": 3.9,
    "user_ratings_total": 1260,
    "price_level": null,
    "types": [
      "establishment",
      "lodging",
      "point_of_interest"
    ],
    "lat": 25.045725,
    "lng": 121.510765,
    "cribsLikely": true,
    "place_id": "ChIJgbk4XQypQjQR5H4__hbUwsk",
    "address": "100, Taiwan, Taipei City, Zhongzheng District, Yanping S Rd, 21號2樓",
    "website": "http://www.funinn.com.tw/",
    "phone": "+886 2 2382 1818",
    "google_url": "https://maps.google.com/?cid=14538415742325325540"
  },
  {
    "city": "Taipei, Taiwan",
    "country": "Taiwan",
    "name": "City Hotel Taipei",
    "rating": 3.3,
    "user_ratings_total": 543,
    "price_level": null,
    "types": [
      "establishment",
      "lodging",
      "point_of_interest"
    ],
    "lat": 25.0548028,
    "lng": 121.5413139,
    "cribsLikely": true,
    "place_id": "ChIJA7zv6eCrQjQRtx0U7F2Dd5Y",
    "address": "No. 279號, Changchun Rd, Zhongshan District, Taipei City, Taiwan 10491",
    "website": null,
    "phone": "+886 2 2501 7601",
    "google_url": "https://maps.google.com/?cid=10842279067333696951"
  },
  {
    "city": "Taipei, Taiwan",
    "country": "Taiwan",
    "name": "華大旅店",
    "rating": 3.6,
    "user_ratings_total": 325,
    "price_level": null,
    "types": [
      "establishment",
      "lodging",
      "point_of_interest"
    ],
    "lat": 25.0426229,
    "lng": 121.5686115,
    "cribsLikely": true,
    "place_id": "ChIJyQS_9LyrQjQRl6W5B_fbt2s",
    "address": "110, Taiwan, Taipei City, Xinyi District, 永吉路30巷150號",
    "website": "https://www.huada-hotel.com/",
    "phone": "+886 2 2763 5313",
    "google_url": "https://maps.google.com/?cid=7761914336829351319"
  },
  {
    "city": "Taipei, Taiwan",
    "country": "Taiwan",
    "name": "Best Hotel",
    "rating": 3.8,
    "user_ratings_total": 469,
    "price_level": null,
    "types": [
      "establishment",
      "lodging",
      "point_of_interest"
    ],
    "lat": 25.049854,
    "lng": 121.575518,
    "cribsLikely": true,
    "place_id": "ChIJHYDLYJmrQjQRlqkSB5zFc9E",
    "address": "105, Taiwan, Taipei City, Songshan District, Section 4, Bade Rd, 656號6樓",
    "website": "https://besthoteltw5.wixsite.com/besthotel",
    "phone": "+886 2 2763 0505",
    "google_url": "https://maps.google.com/?cid=15092624050172897686"
  },
  {
    "city": "Taipei, Taiwan",
    "country": "Taiwan",
    "name": "Sparkle Hotel Taipei",
    "rating": 3.7,
    "user_ratings_total": 452,
    "price_level": null,
    "types": [
      "bar",
      "establishment",
      "food",
      "lodging",
      "night_club",
      "point_of_interest",
      "restaurant"
    ],
    "lat": 25.0325312,
    "lng": 121.5633011,
    "cribsLikely": true,
    "place_id": "ChIJ9TIEkbarQjQRhFY8KKOD-7A",
    "address": "110, Taiwan, Taipei City, Xinyi District, Section 5, Xinyi Rd, 16號B1",
    "website": "http://www.sparklehotel.com.tw/",
    "phone": "+886 2 2723 0999",
    "google_url": "https://maps.google.com/?cid=12752931506607642244"
  },
  {
    "city": "Taipei, Taiwan",
    "country": "Taiwan",
    "name": "Hotel Lee-Chan",
    "rating": 3.3,
    "user_ratings_total": 504,
    "price_level": null,
    "types": [
      "establishment",
      "lodging",
      "point_of_interest"
    ],
    "lat": 25.049863,
    "lng": 121.575441,
    "cribsLikely": true,
    "place_id": "ChIJy4w_Z5mrQjQRivG-obOsNoo",
    "address": "7樓, No. 656, Section 4, Bade Rd, Songshan District, Taipei City, Taiwan 105",
    "website": "https://www.facebook.com/leechanhotel",
    "phone": "+886 2 2769 1135",
    "google_url": "https://maps.google.com/?cid=9959337513489199498"
  },
  {
    "city": "Taipei, Taiwan",
    "country": "Taiwan",
    "name": "LuckyOne Hostel",
    "rating": 3.4,
    "user_ratings_total": 477,
    "price_level": null,
    "types": [
      "establishment",
      "lodging",
      "point_of_interest"
    ],
    "lat": 25.0659775,
    "lng": 121.5179107,
    "cribsLikely": true,
    "place_id": "ChIJMcRF226pQjQROAXjU3mhU-I",
    "address": "No. 1, Changji St, Datong District, Taipei City, Taiwan 103",
    "website": "https://www.facebook.com/LuckyOneHostel",
    "phone": "+886 2 2599 1787",
    "google_url": "https://maps.google.com/?cid=16308556218109199672"
  },
  {
    "city": "Taipei, Taiwan",
    "country": "Taiwan",
    "name": "茹曦酒店 ILLUME TAIPEI",
    "rating": 4.1,
    "user_ratings_total": 7270,
    "price_level": null,
    "types": [
      "establishment",
      "lodging",
      "point_of_interest"
    ],
    "lat": 25.0526507,
    "lng": 121.5482621,
    "cribsLikely": true,
    "place_id": "ChIJTSdlQZSrQjQRTGf6AJggr8c",
    "address": "No. 100號, DunHua N Rd, Songshan District, Taipei City, Taiwan 105020",
    "website": "https://www.theillumehotel.com/",
    "phone": "+886 2 2719 8399",
    "google_url": "https://maps.google.com/?cid=14388755171695552332"
  }
]