[
  {
    "city": "Tallinn, Estonia",
    "country": "Estonia",
    "name": "Nunne Boutique Hotel",
    "rating": 4.8,
    "user_ratings_total": 222,
    "price_level": null,
    "types": [
      "establishment",
      "food",
      "lodging",
      "point_of_interest",
      "restaurant"
    ],
    "lat": 59.4389079,
    "lng": 24.7422881,
    "cribsLikely": true,
    "place_id": "ChIJUclDefCTkkYRzj4UK5A39Gk",
    "address": "Nunne tn 14, 10133 Tallinn, Estonia",
    "website": "http://www.nunne.ee/",
    "phone": "+372 677 6777",
    "google_url": "https://maps.google.com/?cid=7634788360637398734"
  },
  {
    "city": "Tallinn, Estonia",
    "country": "Estonia",
    "name": "Citybox Tallinn",
    "rating": 4.6,
    "user_ratings_total": 2090,
    "price_level": null,
    "types": [
      "establishment",
      "lodging",
      "point_of_interest"
    ],
    "lat": 59.4412589,
    "lng": 24.7564725,
    "cribsLikely": true,
    "place_id": "ChIJRyVL-4WTkkYReAPrzWVTvoM",
    "address": "Laeva tn 1, 10151 Tallinn, Estonia",
    "website": "https://cityboxhotels.com/hotels/tallinn/tallinn?utm_source=googlebusiness&utm_medium=referral&utm_campaign=tallinn",
    "phone": "+372 660 6630",
    "google_url": "https://maps.google.com/?cid=9493116761255117688"
  },
  {
    "city": "Tallinn, Estonia",
    "country": "Estonia",
    "name": "Original Sokos Hotel Viru",
    "rating": 4.1,
    "user_ratings_total": 6538,
    "price_level": null,
    "types": [
      "establishment",
      "lodging",
      "point_of_interest"
    ],
    "lat": 59.4365106,
    "lng": 24.7549033,
    "cribsLikely": true,
    "place_id": "ChIJv2Y4XGCTkkYRwR9cp6pcm3w",
    "address": "Viru väljak 4, 10111 Tallinn, Estonia",
    "website": "https://www.sokoshotels.fi/fi/tallinna/sokos-hotel-viru",
    "phone": "+372 680 9300",
    "google_url": "https://maps.google.com/?cid=8978872170115243969"
  },
  {
    "city": "Tallinn, Estonia",
    "country": "Estonia",
    "name": "Tallink City Hotel",
    "rating": 4.1,
    "user_ratings_total": 3318,
    "price_level": null,
    "types": [
      "establishment",
      "lodging",
      "point_of_interest"
    ],
    "lat": 59.4364674,
    "lng": 24.7577706,
    "cribsLikely": true,
    "place_id": "ChIJj5PTf2CTkkYRdrPPgRl7W0c",
    "address": "A. Laikmaa tn 5, 10145 Tallinn, Estonia",
    "website": "https://hotels.tallink.com/tallink-city-hotel",
    "phone": "+372 630 0800",
    "google_url": "https://maps.google.com/?cid=5141838749055824758"
  },
  {
    "city": "Tallinn, Estonia",
    "country": "Estonia",
    "name": "Bob W Telliskivi",
    "rating": 4.7,
    "user_ratings_total": 394,
    "price_level": null,
    "types": [
      "establishment",
      "lodging",
      "point_of_interest",
      "real_estate_agency"
    ],
    "lat": 59.43886559999999,
    "lng": 24.7249946,
    "cribsLikely": true,
    "place_id": "ChIJj4758YGUkkYRuWkFNdglSMY",
    "address": "Telliskivi tn 49, 10412 Tallinn, Estonia",
    "website": "https://booking.bobw.co/?property=bob-w-telliskivi&utm_source=organic+search&utm_medium=google_my_business_search_maps&utm_campaign=bob_w_tallinn_telliskivi_google_maps_listing&utm_content=google_my_business_website_button",
    "phone": "+372 660 1854",
    "google_url": "https://maps.google.com/?cid=14287711428365609401"
  },
  {
    "city": "Tallinn, Estonia",
    "country": "Estonia",
    "name": "Park Inn by Radisson Central Tallinn",
    "rating": 4.2,
    "user_ratings_total": 2745,
    "price_level": null,
    "types": [
      "establishment",
      "lodging",
      "point_of_interest"
    ],
    "lat": 59.437508,
    "lng": 24.761408,
    "cribsLikely": true,
    "place_id": "ChIJn6SWFl6TkkYRRSSvdceyjuk",
    "address": "Narva mnt 7c, 10117 Tallinn, Estonia",
    "website": "https://www.radissonhotels.com/en-us/hotels/park-inn-tallinn?cid=a:se+b:gmb+c:emea+i:local+e:pii+d:nob+h:EETLLCTR",
    "phone": "+372 633 9800",
    "google_url": "https://maps.google.com/?cid=16829585427272770629"
  },
  {
    "city": "Tallinn, Estonia",
    "country": "Estonia",
    "name": "Rocca House by Larsen",
    "rating": 4.7,
    "user_ratings_total": 59,
    "price_level": null,
    "types": [
      "establishment",
      "lodging",
      "point_of_interest"
    ],
    "lat": 59.42047289999999,
    "lng": 24.649129,
    "cribsLikely": true,
    "place_id": "ChIJWeSUJl6VkkYRwy2QP4ETQGs",
    "address": "Õismäe tee 175, 13517 Tallinn, Estonia",
    "website": "http://www.larsen.ee/",
    "phone": "+372 5197 4419",
    "google_url": "https://maps.google.com/?cid=7728198406405893571"
  },
  {
    "city": "Tallinn, Estonia",
    "country": "Estonia",
    "name": "ibis Tallinn Center",
    "rating": 4.6,
    "user_ratings_total": 1981,
    "price_level": null,
    "types": [
      "establishment",
      "lodging",
      "point_of_interest"
    ],
    "lat": 59.4276395,
    "lng": 24.7647824,
    "cribsLikely": true,
    "place_id": "ChIJjWZf8qaUkkYRTgxocUMwk2c",
    "address": "Juhkentali tn 28, 10132 Tallinn, Estonia",
    "website": "https://all.accor.com/lien_externe.svlt?goto=fiche_hotel&code_hotel=A9N7&merchantid=seo-maps-EE-A9N7&sourceid=aw-cen&utm_medium=seo%20maps&utm_source=google%20Maps&utm_campaign=seo%20maps",
    "phone": "+372 699 4499",
    "google_url": "https://maps.google.com/?cid=7463362073706630222"
  },
  {
    "city": "Tallinn, Estonia",
    "country": "Estonia",
    "name": "Metropol Hotel",
    "rating": 3.9,
    "user_ratings_total": 2513,
    "price_level": null,
    "types": [
      "establishment",
      "food",
      "lodging",
      "point_of_interest",
      "restaurant"
    ],
    "lat": 59.43973159999999,
    "lng": 24.7551212,
    "cribsLikely": true,
    "place_id": "ChIJKYrLLmGTkkYR06ll1udBMvE",
    "address": "Roseni tn 13-10111, 10111 Tallinn, Estonia",
    "website": "http://www.metropol.ee/",
    "phone": "+372 667 4500",
    "google_url": "https://maps.google.com/?cid=17380026375966403027"
  },
  {
    "city": "Tallinn, Estonia",
    "country": "Estonia",
    "name": "Rocca al Mare Hotell",
    "rating": 4,
    "user_ratings_total": 981,
    "price_level": null,
    "types": [
      "establishment",
      "food",
      "lodging",
      "point_of_interest",
      "restaurant",
      "spa"
    ],
    "lat": 59.4298706,
    "lng": 24.6510465,
    "cribsLikely": true,
    "place_id": "ChIJKdUaIj6UkkYRZiGrHOdG4io",
    "address": "Vabaõhumuuseumi tee 9a, 13522 Tallinn, Estonia",
    "website": "https://roccahotels.ee/",
    "phone": "+372 5855 3514",
    "google_url": "https://maps.google.com/?cid=3090110252761948518"
  },
  {
    "city": "Tallinn, Estonia",
    "country": "Estonia",
    "name": "Economy Hotel OÜ",
    "rating": 3.9,
    "user_ratings_total": 423,
    "price_level": null,
    "types": [
      "establishment",
      "lodging",
      "point_of_interest"
    ],
    "lat": 59.4412914,
    "lng": 24.7387731,
    "cribsLikely": true,
    "place_id": "ChIJ9RfbxXyTkkYRnG3HpcPgpnc",
    "address": "Kopli tn 2c, 10412 Tallinn, Estonia",
    "website": "http://www.economyhotel.ee/",
    "phone": "+372 529 3249",
    "google_url": "https://maps.google.com/?cid=8621825667551948188"
  },
  {
    "city": "Tallinn, Estonia",
    "country": "Estonia",
    "name": "Tallinn Viimsi SPA",
    "rating": 3.7,
    "user_ratings_total": 749,
    "price_level": null,
    "types": [
      "amusement_park",
      "bar",
      "beauty_salon",
      "establishment",
      "food",
      "health",
      "lodging",
      "movie_theater",
      "point_of_interest",
      "restaurant",
      "spa"
    ],
    "lat": 59.5079193,
    "lng": 24.8304338,
    "cribsLikely": true,
    "place_id": "ChIJvZn7YJiSkkYRhI8Gr_uVops",
    "address": "Randvere tee 11, Haabneeme, 74001 Harju maakond, Estonia",
    "website": "http://www.spatallinn.ee/",
    "phone": "+372 606 1000",
    "google_url": "https://maps.google.com/?cid=11214690930311729028"
  }
]