[
  {
    "city": "Tbilisi, Georgia",
    "country": "Georgia",
    "name": "Best Western Tbilisi City Center",
    "rating": 4.2,
    "user_ratings_total": 247,
    "price_level": null,
    "types": [
      "establishment",
      "lodging",
      "point_of_interest"
    ],
    "lat": 41.7071564,
    "lng": 44.775901,
    "cribsLikely": true,
    "place_id": "ChIJ_7_zlM0MREARkf05Mdkc6LM",
    "address": "92 Vasil Barnov St, T'bilisi 0179, Georgia",
    "website": "https://www.bestwestern.com/en_US/book/hotels-in-tbilisi/best-western-tbilisi-city-center/propertyCode.91456.html",
    "phone": "+995 32 222 70 70",
    "google_url": "https://maps.google.com/?cid=12963643246545337745"
  },
  {
    "city": "Tbilisi, Georgia",
    "country": "Georgia",
    "name": "Hotel Iveria Inn",
    "rating": 3.9,
    "user_ratings_total": 2079,
    "price_level": null,
    "types": [
      "establishment",
      "lodging",
      "point_of_interest"
    ],
    "lat": 41.6892108,
    "lng": 44.8672433,
    "cribsLikely": true,
    "place_id": "ChIJlQZp18YNREAR6CSmGHtaXj0",
    "address": "6 Petre Khvedelidze str, T'bilisi 0190, Georgia",
    "website": "http://www.iveriainn.ge/",
    "phone": "+995 599 00 91 39",
    "google_url": "https://maps.google.com/?cid=4422071368865424616"
  },
  {
    "city": "Tbilisi, Georgia",
    "country": "Georgia",
    "name": "Magnolia Hotel",
    "rating": 4,
    "user_ratings_total": 275,
    "price_level": null,
    "types": [
      "establishment",
      "lodging",
      "point_of_interest"
    ],
    "lat": 41.695988,
    "lng": 44.79428069999999,
    "cribsLikely": true,
    "place_id": "ChIJyRJDg6wNREAR69nThsEK6tU",
    "address": "5 Kirile Ukleba St, T'bilisi, Georgia",
    "website": "https://www.facebook.com/Hotel-Magnolia-Tbilisi%E1%83%A1%E1%83%90%E1%83%A1%E1%83%A2%E1%83%A3%E1%83%9B%E1%83%A0%E1%83%9D-%E1%83%9B%E1%83%90%E1%83%92%E1%83%9C%E1%83%9D%E1%83%9A%E1%83%98%E1%83%90-%E1%83%97%E1%83%91%E1%83%98%E1%83%9A%E1%83%98%E1%83%A1%E1%83%98-105833518559584",
    "phone": "+995 533 33 44 22",
    "google_url": "https://maps.google.com/?cid=15414144500935940587"
  },
  {
    "city": "Tbilisi, Georgia",
    "country": "Georgia",
    "name": "Green Garden - CRIMEA",
    "rating": 4.2,
    "user_ratings_total": 10,
    "price_level": null,
    "types": [
      "establishment",
      "lodging",
      "point_of_interest"
    ],
    "lat": 41.716983,
    "lng": 44.8075434,
    "cribsLikely": true,
    "place_id": "ChIJ16aPY_0NREARwyjl7jmxFK8",
    "address": "12 Kirim St, T'bilisi 0101, Georgia",
    "website": "https://www.booking.com/Share-n911rI",
    "phone": "+995 555 15 37 97",
    "google_url": "https://maps.google.com/?cid=12615903318550849731"
  },
  {
    "city": "Tbilisi, Georgia",
    "country": "Georgia",
    "name": "Radisson Blu Iveria Hotel, Tbilisi City Centre",
    "rating": 4.7,
    "user_ratings_total": 5680,
    "price_level": null,
    "types": [
      "establishment",
      "lodging",
      "point_of_interest"
    ],
    "lat": 41.704023,
    "lng": 44.7933758,
    "cribsLikely": true,
    "place_id": "ChIJUTsn99sMREARzmy-30kplps",
    "address": "1 Rose Revolution Square, T'bilisi 0108, Georgia",
    "website": "https://www.radissonhotels.com/en-us/hotels/radisson-blu-tbilisi?cid=a:se+b:gmb+c:emea+i:local+e:rdb+d:eerut+h:GETBSIVE",
    "phone": "+995 32 240 22 00",
    "google_url": "https://maps.google.com/?cid=11211193719648578766"
  },
  {
    "city": "Tbilisi, Georgia",
    "country": "Georgia",
    "name": "Reed Hotel Tbilisi",
    "rating": 4.4,
    "user_ratings_total": 247,
    "price_level": null,
    "types": [
      "establishment",
      "lodging",
      "point_of_interest"
    ],
    "lat": 41.6763958,
    "lng": 44.83159490000001,
    "cribsLikely": true,
    "place_id": "ChIJPzCcAxANREAR0keZvH3Av2E",
    "address": "15 Giorgi Nikoladze St, T'bilisi, Georgia",
    "website": "https://reedtbilisi.com/",
    "phone": "+995 558 40 03 30",
    "google_url": "https://maps.google.com/?cid=7043559988498352082"
  },
  {
    "city": "Tbilisi, Georgia",
    "country": "Georgia",
    "name": "Hotel Gloria",
    "rating": 4.3,
    "user_ratings_total": 31,
    "price_level": null,
    "types": [
      "establishment",
      "lodging",
      "point_of_interest"
    ],
    "lat": 41.6880607,
    "lng": 44.8525815,
    "cribsLikely": true,
    "place_id": "ChIJo3nZNrYNREARelq2RARnQQA",
    "address": "1 Meskheti St, T'bilisi 0190, Georgia",
    "website": null,
    "phone": "+995 595 02 30 72",
    "google_url": "https://maps.google.com/?cid=18409141516524154"
  },
  {
    "city": "Tbilisi, Georgia",
    "country": "Georgia",
    "name": "РитМари",
    "rating": 5,
    "user_ratings_total": 2,
    "price_level": null,
    "types": [
      "establishment",
      "lodging",
      "point_of_interest"
    ],
    "lat": 41.6987364,
    "lng": 44.8262032,
    "cribsLikely": true,
    "place_id": "ChIJXR7-FQANREAREh5dAobT9JI",
    "address": "35 Somkheti St, T'bilisi, Georgia",
    "website": null,
    "phone": "+995 568 69 12 40",
    "google_url": "https://maps.google.com/?cid=10589321196373614098"
  },
  {
    "city": "Tbilisi, Georgia",
    "country": "Georgia",
    "name": "TownHouse Tbilisi",
    "rating": 4.8,
    "user_ratings_total": 113,
    "price_level": null,
    "types": [
      "establishment",
      "lodging",
      "point_of_interest"
    ],
    "lat": 41.7113157,
    "lng": 44.7957978,
    "cribsLikely": true,
    "place_id": "ChIJJacadvoNREARxRHQTvSZaCQ",
    "address": "Apt. N 41, N 114 Davit Aghmashenebeli Ave, T'bilisi, Georgia",
    "website": "https://townhouse-tbilisi.com/",
    "phone": "+995 597 92 66 89",
    "google_url": "https://maps.google.com/?cid=2623516057516642757"
  },
  {
    "city": "Tbilisi, Georgia",
    "country": "Georgia",
    "name": "Golden Fleece Hotel",
    "rating": 4.4,
    "user_ratings_total": 198,
    "price_level": null,
    "types": [
      "establishment",
      "lodging",
      "point_of_interest"
    ],
    "lat": 41.8650354,
    "lng": 44.7299343,
    "cribsLikely": true,
    "place_id": "ChIJcdIBtpdlREARvHTze3ljg3c",
    "address": "VP8H+2X7, Tsitsamuri, Georgia",
    "website": "https://goldenfleece.tripcombined.com/",
    "phone": "+995 551 13 37 03",
    "google_url": "https://maps.google.com/?cid=8611836285884265660"
  },
  {
    "city": "Tbilisi, Georgia",
    "country": "Georgia",
    "name": "Hotel Sole Palace",
    "rating": 4.3,
    "user_ratings_total": 487,
    "price_level": null,
    "types": [
      "establishment",
      "lodging",
      "point_of_interest"
    ],
    "lat": 41.686634,
    "lng": 44.81477599999999,
    "cribsLikely": true,
    "place_id": "ChIJazirY1gMREAREW-63oK2phM",
    "address": "2 Iakob Tsurtaveli St, T'bilisi 0105, Georgia",
    "website": "http://solepalace.ge/",
    "phone": "+995 32 212 12 24",
    "google_url": "https://maps.google.com/?cid=1416019806053363473"
  },
  {
    "city": "Tbilisi, Georgia",
    "country": "Georgia",
    "name": "Glarros OldTown",
    "rating": 4.5,
    "user_ratings_total": 273,
    "price_level": null,
    "types": [
      "establishment",
      "lodging",
      "point_of_interest"
    ],
    "lat": 41.69318790000001,
    "lng": 44.8036019,
    "cribsLikely": true,
    "place_id": "ChIJQ22VMKUNREAR4Fmg-ulzeKI",
    "address": "15 Kote Afkhazi St, T'bilisi 0105, Georgia",
    "website": "http://www.glarros.com/",
    "phone": "+995 32 266 00 00",
    "google_url": "https://maps.google.com/?cid=11707234680118991328"
  }
]