[
  {
    "city": "Tel Aviv, Israel",
    "country": "Israel",
    "name": "Crowne Plaza Tel Aviv City Center by IHG",
    "rating": 4.5,
    "user_ratings_total": 1385,
    "price_level": null,
    "types": [
      "establishment",
      "lodging",
      "point_of_interest"
    ],
    "lat": 32.0742009,
    "lng": 34.792168,
    "cribsLikely": true,
    "place_id": "ChIJnco3Z5lLHRUR-xKJbFEJzHQ",
    "address": "136 Menahem Begin Rd Azrieli Center 5, Tel Aviv-Yafo, 6701104, Israel",
    "website": "https://www.ihg.com/crowneplaza/hotels/gb/en/tel-aviv/tlvcc/hoteldetail?cm_mmc=GoogleMaps-_-CP-_-IL-_-TLVCC",
    "phone": "+972 3-777-4000",
    "google_url": "https://maps.google.com/?cid=8416112048966537979"
  },
  {
    "city": "Tel Aviv, Israel",
    "country": "Israel",
    "name": "Hotel 34",
    "rating": 2.6,
    "user_ratings_total": 32,
    "price_level": null,
    "types": [
      "establishment",
      "lodging",
      "point_of_interest"
    ],
    "lat": 32.0758199,
    "lng": 34.7682168,
    "cribsLikely": true,
    "place_id": "ChIJJcrY3X1MHRURZOMEWQMUW7k",
    "address": "Ben Yehuda St 34, Tel Aviv-Yafo, 6334117, Israel",
    "website": null,
    "phone": "+972 52-475-6709",
    "google_url": "https://maps.google.com/?cid=13356291124508287844"
  },
  {
    "city": "Tel Aviv, Israel",
    "country": "Israel",
    "name": "The David Kempinski Tel Aviv",
    "rating": 4.4,
    "user_ratings_total": 529,
    "price_level": null,
    "types": [
      "establishment",
      "lodging",
      "point_of_interest"
    ],
    "lat": 32.0746384,
    "lng": 34.7660942,
    "cribsLikely": true,
    "place_id": "ChIJIQZwBPZNHRUR1dz-ntGOLwQ",
    "address": "HaYarkon St 51, Tel Aviv-Yafo, 6343203, Israel",
    "website": "https://www.kempinski.com/en/the-david-kempinski-tel-aviv?utm_medium=organic&utm_source=google&utm_campaign=KITLV1&utm_content=gmb&source=S308962248",
    "phone": "+972 3-776-8888",
    "google_url": "https://maps.google.com/?cid=301616731023924437"
  },
  {
    "city": "Tel Aviv, Israel",
    "country": "Israel",
    "name": "Hilton Tel Aviv",
    "rating": 4.4,
    "user_ratings_total": 5376,
    "price_level": null,
    "types": [
      "establishment",
      "lodging",
      "point_of_interest",
      "spa"
    ],
    "lat": 32.0891109,
    "lng": 34.7709242,
    "cribsLikely": true,
    "place_id": "ChIJTTKZgnZMHRURA7ZhchPQTdU",
    "address": "HaYarkon St 205, Tel Aviv-Yafo, 6340506, Israel",
    "website": "https://www.hilton.com/en/hotels/tlvhitw-hilton-tel-aviv/?SEO_id=GMB-EMEA-TW-TLVHITW",
    "phone": "+972 3-520-2222",
    "google_url": "https://maps.google.com/?cid=15370169885227333123"
  },
  {
    "city": "Tel Aviv, Israel",
    "country": "Israel",
    "name": "Carlton",
    "rating": 4.5,
    "user_ratings_total": 2162,
    "price_level": null,
    "types": [
      "bar",
      "establishment",
      "food",
      "gym",
      "health",
      "lodging",
      "point_of_interest",
      "restaurant",
      "spa"
    ],
    "lat": 32.08653,
    "lng": 34.7695666,
    "cribsLikely": true,
    "place_id": "ChIJEQS1HndMHRURU0QsYI5KxNg",
    "address": "Eliezer Peri St 10, Tel Aviv-Yafo, Israel",
    "website": "https://www.carlton.co.il/en",
    "phone": "+972 3-520-1818",
    "google_url": "https://maps.google.com/?cid=15619691382987048019"
  },
  {
    "city": "Tel Aviv, Israel",
    "country": "Israel",
    "name": "Brown Seaside by Brown Hotels | בראון סיסייד",
    "rating": 4.1,
    "user_ratings_total": 912,
    "price_level": null,
    "types": [
      "establishment",
      "lodging",
      "point_of_interest"
    ],
    "lat": 32.0848779,
    "lng": 34.769935,
    "cribsLikely": true,
    "place_id": "ChIJG_AMXndMHRURWPi8r4y76pE",
    "address": "HaYarkon St 164, Tel Aviv-Yafo, 6345119, Israel",
    "website": "https://brownhotels.com/he/seaside?utm_source=google&utm_medium=organic&utm_campaign=google-my-business",
    "phone": "+972 3-944-4200",
    "google_url": "https://maps.google.com/?cid=10514422492968056920"
  },
  {
    "city": "Tel Aviv, Israel",
    "country": "Israel",
    "name": "Abratel Sea View Hotel Tel Aviv",
    "rating": 4.8,
    "user_ratings_total": 20,
    "price_level": null,
    "types": [
      "establishment",
      "lodging",
      "point_of_interest"
    ],
    "lat": 32.0728993,
    "lng": 34.7650996,
    "cribsLikely": true,
    "place_id": "ChIJs0jeWoZMHRUR8N5cUUqo1A0",
    "address": "Yona HaNavi St 4, Tel Aviv-Yafo, 6330204, Israel",
    "website": "https://abratel.com/",
    "phone": "+972 3-516-9966",
    "google_url": "https://maps.google.com/?cid=996606454701809392"
  },
  {
    "city": "Tel Aviv, Israel",
    "country": "Israel",
    "name": "Dan Panorama Tel -Aviv",
    "rating": 4.6,
    "user_ratings_total": 8782,
    "price_level": null,
    "types": [
      "establishment",
      "lodging",
      "point_of_interest"
    ],
    "lat": 32.0648873,
    "lng": 34.7629581,
    "cribsLikely": true,
    "place_id": "ChIJH4gUeJBMHRURABUBBY1jAY4",
    "address": "Kaufmann St 10, Tel Aviv-Yafo, Israel",
    "website": "https://www.danhotels.com/TelAvivHotels/DanPanoramaTelAvivHotel/",
    "phone": "+972 3-519-0190",
    "google_url": "https://maps.google.com/?cid=10232569285687973120"
  },
  {
    "city": "Tel Aviv, Israel",
    "country": "Israel",
    "name": "Bazaar Hotel",
    "rating": 4.9,
    "user_ratings_total": 110,
    "price_level": null,
    "types": [
      "establishment",
      "lodging",
      "point_of_interest"
    ],
    "lat": 32.054024,
    "lng": 34.7592769,
    "cribsLikely": true,
    "place_id": "ChIJ200c4axNHRURVIQjq7dTbJ0",
    "address": "Jerusalem Blvd 22, Tel Aviv-Yafo, 6802203, Israel",
    "website": null,
    "phone": "+972 3-563-9639",
    "google_url": "https://maps.google.com/?cid=11343533609754788948"
  },
  {
    "city": "Tel Aviv, Israel",
    "country": "Israel",
    "name": "Allenbeach TLV- smart hotel by the beach- adults only",
    "rating": 4.9,
    "user_ratings_total": 81,
    "price_level": null,
    "types": [
      "establishment",
      "lodging",
      "point_of_interest"
    ],
    "lat": 32.0730278,
    "lng": 34.7671179,
    "cribsLikely": true,
    "place_id": "ChIJISG7WQNNHRURCVnnb2CGWmY",
    "address": "Allenby St 22, Tel Aviv-Yafo, 6330111, Israel",
    "website": "https://allenbeach.com/?utm_source=google&utm_medium=gmb&utm_campaign=GMB&utm_id=GMB",
    "phone": "+972 52-688-9988",
    "google_url": "https://maps.google.com/?cid=7375355088525023497"
  },
  {
    "city": "Tel Aviv, Israel",
    "country": "Israel",
    "name": "The O Pod Hotel",
    "rating": 4.5,
    "user_ratings_total": 312,
    "price_level": null,
    "types": [
      "establishment",
      "lodging",
      "point_of_interest"
    ],
    "lat": 32.0629343,
    "lng": 34.7620558,
    "cribsLikely": true,
    "place_id": "ChIJQ37E1JdMHRUREEvN6hMcXJo",
    "address": "Kaufmann St 2, Tel Aviv-Yafo, 6801294, Israel",
    "website": "https://www.theopodhotel.com/",
    "phone": "+972 77-756-5350",
    "google_url": "https://maps.google.com/?cid=11122796051567561488"
  },
  {
    "city": "Tel Aviv, Israel",
    "country": "Israel",
    "name": "R48 Hotel and Garden",
    "rating": 4.8,
    "user_ratings_total": 87,
    "price_level": null,
    "types": [
      "bar",
      "establishment",
      "food",
      "lodging",
      "point_of_interest",
      "restaurant"
    ],
    "lat": 32.0637512,
    "lng": 34.7749862,
    "cribsLikely": true,
    "place_id": "ChIJI2Yy2JVLHRURdlRwYhVAv3Q",
    "address": "Rothschild Blvd 48, Tel Aviv-Yafo, 6688313, Israel",
    "website": "https://r48.co.il/",
    "phone": "+972 3-556-0011",
    "google_url": "https://maps.google.com/?cid=8412513089541395574"
  }
]