[
  {
    "city": "Thailand",
    "country": "Thailand",
    "name": "Eden Beach Khao Lak Resort & Spa",
    "rating": 4.5,
    "user_ratings_total": 1121,
    "price_level": null,
    "types": [
      "establishment",
      "lodging",
      "point_of_interest"
    ],
    "lat": 8.6087999,
    "lng": 98.24038209999999,
    "cribsLikely": true,
    "place_id": "ChIJnSffxArvUDAR_0YJE7xa0hc",
    "address": "12/12 หมู่ที่ 2 Tambon Lam Kaen, Amphoe Thai Mueang, Chang Wat Phang-nga 82210, Thailand",
    "website": "https://www.edenbeachkhaolak.com/",
    "phone": "+66 76 410 186",
    "google_url": "https://maps.google.com/?cid=1716534171801306879"
  },
  {
    "city": "Thailand",
    "country": "Thailand",
    "name": "Avani Pattaya Resort",
    "rating": 4.6,
    "user_ratings_total": 5265,
    "price_level": null,
    "types": [
      "establishment",
      "lodging",
      "point_of_interest"
    ],
    "lat": 12.9290307,
    "lng": 100.8789544,
    "cribsLikely": true,
    "place_id": "ChIJXUH34hGWAjER72EZ7hjKkww",
    "address": "218/2-3, ตำบล หนองปรือ, Amphoe Bang Lamung, Chang Wat Chon Buri 20260, Thailand",
    "website": "https://www.avanihotels.com/pattaya?utm_source=GoogleMyBusiness&utm_medium=GMB&utm_term=Pattaya&utm_content=Home&utm_campaign=Google_GMB",
    "phone": "+66 38 412 120",
    "google_url": "https://maps.google.com/?cid=906290158454268399"
  },
  {
    "city": "Thailand",
    "country": "Thailand",
    "name": "Mai Holiday by Mai Khao Lak",
    "rating": 4.2,
    "user_ratings_total": 126,
    "price_level": null,
    "types": [
      "establishment",
      "lodging",
      "point_of_interest"
    ],
    "lat": 8.7568321,
    "lng": 98.2631607,
    "cribsLikely": true,
    "place_id": "ChIJbb_6uALDUDARhro-wRnSZJw",
    "address": "9, Kuk Kak, 17 Phet Kasem Rd, ตำบล ตะกั่วป่า Khao Lak, Chang Wat Phang-nga 82190, Thailand",
    "website": "https://www.maikhaolak.com/holiday/",
    "phone": "+66 76 592 000",
    "google_url": "https://maps.google.com/?cid=11269363175645952646"
  },
  {
    "city": "Thailand",
    "country": "Thailand",
    "name": "Peninsula Beach Resort",
    "rating": 4.5,
    "user_ratings_total": 193,
    "price_level": null,
    "types": [
      "establishment",
      "lodging",
      "point_of_interest"
    ],
    "lat": 12.144692,
    "lng": 102.2687357,
    "cribsLikely": true,
    "place_id": "ChIJqSV797wSBDERW75tvTv-VwY",
    "address": "24/2 Moo 3, Klong Son Village Tambon Ko Chang, Amphoe Ko Chang, Chang Wat Trat 23170, Thailand",
    "website": "http://www.peninsula-beach-resort.com/?utm_source=google&utm_medium=maps",
    "phone": "+66 39 510 640",
    "google_url": "https://maps.google.com/?cid=457113419736006235"
  },
  {
    "city": "Thailand",
    "country": "Thailand",
    "name": "Anantara Hua Hin Resort",
    "rating": 4.7,
    "user_ratings_total": 3818,
    "price_level": null,
    "types": [
      "establishment",
      "lodging",
      "point_of_interest"
    ],
    "lat": 12.6176432,
    "lng": 99.9507453,
    "cribsLikely": true,
    "place_id": "ChIJFUvd0Hiq_TARpHurcgRS_k0",
    "address": "43/1 Phet Kasem Rd, Tambon Hua Hin, Amphoe Hua Hin, Chang Wat Prachuap Khiri Khan 77110, Thailand",
    "website": "https://www.anantara.com/hua-hin?utm_source=GoogleMyBusiness&utm_medium=GMB&utm_term=HuaHin&utm_content=Home&utm_campaign=Google_GMB",
    "phone": "+66 32 520 250",
    "google_url": "https://maps.google.com/?cid=5620019564062145444"
  },
  {
    "city": "Thailand",
    "country": "Thailand",
    "name": "Recall Isaan Isan Concept at Khaoyai",
    "rating": 4.3,
    "user_ratings_total": 759,
    "price_level": null,
    "types": [
      "establishment",
      "health",
      "lodging",
      "point_of_interest"
    ],
    "lat": 14.5133391,
    "lng": 101.3753775,
    "cribsLikely": true,
    "place_id": "ChIJ-7eDtRUzHDERxdAecE50RwA",
    "address": "54, Moosi, 55, Tambon Mu Si, Amphoe Pak Chong, Chang Wat Nakhon Ratchasima 30130, Thailand",
    "website": "http://recallhotels.com/",
    "phone": "+66 44 011 888",
    "google_url": "https://maps.google.com/?cid=20112603583795397"
  },
  {
    "city": "Thailand",
    "country": "Thailand",
    "name": "Hyde Park Hotel Bangkok",
    "rating": 4,
    "user_ratings_total": 379,
    "price_level": null,
    "types": [
      "establishment",
      "lodging",
      "point_of_interest"
    ],
    "lat": 13.7577275,
    "lng": 100.5432765,
    "cribsLikely": true,
    "place_id": "ChIJgR-Y8Lie4jARVuZupcAclsc",
    "address": "285 Soi Ratchaprarop 12, Khwaeng Makkasan, Khet Ratchathewi, Krung Thep Maha Nakhon 10400, Thailand",
    "website": "https://book-directonline.com/properties/hydeparkhoteldirect",
    "phone": "+66 2 117 9375",
    "google_url": "https://maps.google.com/?cid=14381714073789064790"
  },
  {
    "city": "Thailand",
    "country": "Thailand",
    "name": "Koh Chang Hut",
    "rating": 4.3,
    "user_ratings_total": 281,
    "price_level": null,
    "types": [
      "establishment",
      "lodging",
      "point_of_interest"
    ],
    "lat": 12.0985298,
    "lng": 102.2750015,
    "cribsLikely": true,
    "place_id": "ChIJiV_RTGoSBDER2vb-9RZPfIc",
    "address": "11/1ม.4 ต.เกาะช้าง อ.เกาะช้าง Tambon Ko Chang, Amphoe Ko Chang, Chang Wat Trat 23170, Thailand",
    "website": "http://www.kohchanghut.com/",
    "phone": "+66 89 831 4851",
    "google_url": "https://maps.google.com/?cid=9762765052267394778"
  },
  {
    "city": "Thailand",
    "country": "Thailand",
    "name": "Oneloft Hotel",
    "rating": 4.6,
    "user_ratings_total": 245,
    "price_level": null,
    "types": [
      "bar",
      "establishment",
      "food",
      "lodging",
      "night_club",
      "point_of_interest",
      "restaurant"
    ],
    "lat": 7.826763000000001,
    "lng": 98.296617,
    "cribsLikely": true,
    "place_id": "ChIJtx_CPZslUDARQmjs9_26Tyo",
    "address": "21 Karon Rd, Tambon Karon, Amphoe Mueang Phuket, Chang Wat Phuket 83100, Thailand",
    "website": "http://www.onelofthotel.com/",
    "phone": "+66 76 330 236",
    "google_url": "https://maps.google.com/?cid=3048861072702072898"
  },
  {
    "city": "Thailand",
    "country": "Thailand",
    "name": "The Houben Hotel, Adults Only",
    "rating": 4.8,
    "user_ratings_total": 263,
    "price_level": null,
    "types": [
      "establishment",
      "lodging",
      "point_of_interest"
    ],
    "lat": 7.4998374,
    "lng": 99.0683213,
    "cribsLikely": true,
    "place_id": "ChIJbWpjxeUCTjARdLkCftLzhRo",
    "address": "272, Koh Lanta Yai, Amphoe Ko Lanta, Chang Wat Krabi 81150, Thailand",
    "website": "http://www.thehouben.com/",
    "phone": "+66 75 665 144",
    "google_url": "https://maps.google.com/?cid=1911201702271433076"
  },
  {
    "city": "Thailand",
    "country": "Thailand",
    "name": "Grande Centre Point Surawong Bangkok",
    "rating": 4.8,
    "user_ratings_total": 1113,
    "price_level": null,
    "types": [
      "establishment",
      "lodging",
      "point_of_interest"
    ],
    "lat": 13.7258925,
    "lng": 100.5192131,
    "cribsLikely": true,
    "place_id": "ChIJlamMrHuZ4jARPbzOLKCYU58",
    "address": "299 Surawong Rd, Khwaeng Suriya Wong, Khet Bang Rak, Krung Thep Maha Nakhon 10500, Thailand",
    "website": "https://grandecentrepointsurawong.com/",
    "phone": "+66 2 079 5888",
    "google_url": "https://maps.google.com/?cid=11480687688811461693"
  },
  {
    "city": "Thailand",
    "country": "Thailand",
    "name": "PLAAI Prime Hotel Rayong (Formerly D Varee Diva Rayong)",
    "rating": 4.4,
    "user_ratings_total": 1239,
    "price_level": null,
    "types": [
      "establishment",
      "lodging",
      "point_of_interest"
    ],
    "lat": 12.6833669,
    "lng": 101.2512253,
    "cribsLikely": true,
    "place_id": "ChIJ24iwYIr7AjERD-fOXUCMS_I",
    "address": "590 Sukhumvit Rd, Tambon Noen Phra, Amphoe Mueang Rayong, Chang Wat Rayong 21000, Thailand",
    "website": "https://plaaihotels.com/prime-hotel/",
    "phone": "+66 38 997 333",
    "google_url": "https://maps.google.com/?cid=17459202588511495951"
  }
]