[
  {
    "city": "Tokyo,",
    "country": "Japan",
    "name": "hotel MONday TOKYO NISHIKASAI",
    "rating": 4.6,
    "user_ratings_total": 1097,
    "price_level": null,
    "types": [
      "establishment",
      "lodging",
      "point_of_interest"
    ],
    "lat": 35.6644635,
    "lng": 139.8581942,
    "cribsLikely": true,
    "place_id": "ChIJlQSOE-GHGGARKzalYDSA8tY",
    "address": "6-chōme-8-7 Nishikasai, Edogawa City, Tokyo 134-0088, Japan",
    "website": "https://hotel-monday.com/nishikasai/?utm_source=google_bp&utm_medium=organic&utm_campaign=nishikasai",
    "phone": "+81 3-5605-0160",
    "google_url": "https://maps.google.com/?cid=15488583030928651819"
  },
  {
    "city": "Tokyo,",
    "country": "Japan",
    "name": "Koko Hotel Tsukiji Ginza",
    "rating": 4,
    "user_ratings_total": 571,
    "price_level": null,
    "types": [
      "establishment",
      "lodging",
      "point_of_interest"
    ],
    "lat": 35.664786,
    "lng": 139.7732295,
    "cribsLikely": true,
    "place_id": "ChIJbZwsYzOJGGARK3urubNP3xk",
    "address": "6-chōme-8-8 Tsukiji, Chuo City, Tokyo 104-0045, Japan",
    "website": "https://koko-hotels.com/tsukiji_ginza",
    "phone": "+81 3-5565-5680",
    "google_url": "https://maps.google.com/?cid=1864296404087438123"
  },
  {
    "city": "Tokyo,",
    "country": "Japan",
    "name": "Hotel Mystays Asakusabashi",
    "rating": 4.1,
    "user_ratings_total": 1228,
    "price_level": null,
    "types": [
      "establishment",
      "lodging",
      "point_of_interest"
    ],
    "lat": 35.6970283,
    "lng": 139.7835349,
    "cribsLikely": true,
    "place_id": "ChIJR8KPBbKOGGARHQ-G9DDLP2s",
    "address": "1-chōme-5-5 Asakusabashi, Taito City, Tokyo 111-0053, Japan",
    "website": "https://iconia.co.jp/hotel-mystays-asakusabashi-tokyo/?utm_source=google&utm_medium=GBP&utm_campaign=MSAsakusabashi",
    "phone": "+81 3-6858-0600",
    "google_url": "https://maps.google.com/?cid=7728118896712355613"
  },
  {
    "city": "Tokyo,",
    "country": "Japan",
    "name": "ONE@Tokyo",
    "rating": 4.3,
    "user_ratings_total": 862,
    "price_level": null,
    "types": [
      "establishment",
      "lodging",
      "point_of_interest"
    ],
    "lat": 35.71178889999999,
    "lng": 139.8159778,
    "cribsLikely": true,
    "place_id": "ChIJ718ioimPGGARcwFhGRknToY",
    "address": "1-chōme-19-3 Oshiage, Sumida City, Tokyo 131-0045, Japan",
    "website": "https://onetokyo.com/",
    "phone": "+81 3-5630-1193",
    "google_url": "https://maps.google.com/?cid=9677715638019228019"
  },
  {
    "city": "Tokyo,",
    "country": "Japan",
    "name": "HOTEL MYSTAYS Ueno East",
    "rating": 3.9,
    "user_ratings_total": 1278,
    "price_level": null,
    "types": [
      "establishment",
      "food",
      "lodging",
      "point_of_interest",
      "restaurant"
    ],
    "lat": 35.712566,
    "lng": 139.782054,
    "cribsLikely": true,
    "place_id": "ChIJ31sWN5iOGGARJyxIWFEOWX8",
    "address": "5-chōme-5-6 Higashiueno, Taito City, Tokyo 110-0015, Japan",
    "website": "https://iconia.co.jp/hotel-mystays-ueno-east-tokyo/?utm_source=google&utm_medium=GBP&utm_campaign=MSUenoEast",
    "phone": "+81 3-5806-2420",
    "google_url": "https://maps.google.com/?cid=9176381458280360999"
  },
  {
    "city": "Tokyo,",
    "country": "Japan",
    "name": "Shinagawa Prince Hotel",
    "rating": 4,
    "user_ratings_total": 20305,
    "price_level": null,
    "types": [
      "establishment",
      "food",
      "lodging",
      "point_of_interest",
      "restaurant"
    ],
    "lat": 35.6279119,
    "lng": 139.7367526,
    "cribsLikely": true,
    "place_id": "ChIJpw8ZYFeKGGARsAlZkzP5KnY",
    "address": "4-chōme-10-30 Takanawa, Minato City, Tokyo 108-8611, Japan",
    "website": "https://rsv.seibuprince.com/?adult=2&arrive=2024-09-13&chain=31483&child=0&currency=JPY&depart=2024-09-14&hotel=43778&level=hotel&locale=ja-JP&productcurrency=JPY&rooms=1",
    "phone": "+81 3-3440-1111",
    "google_url": "https://maps.google.com/?cid=8514892045408078256"
  },
  {
    "city": "Tokyo,",
    "country": "Japan",
    "name": "Tokyo Grand Hotel",
    "rating": 3.8,
    "user_ratings_total": 1216,
    "price_level": null,
    "types": [
      "establishment",
      "lodging",
      "point_of_interest"
    ],
    "lat": 35.6528995,
    "lng": 139.7511944,
    "cribsLikely": true,
    "place_id": "ChIJVVWZts-UGGARDZLqzSjLL-I",
    "address": "2-chōme-5-2 Shiba, Minato City, Tokyo 105-0014, Japan",
    "website": "http://www.tokyogrand.gr.jp/",
    "phone": "+81 3-3456-2222",
    "google_url": "https://maps.google.com/?cid=16298468952590946829"
  },
  {
    "city": "Tokyo,",
    "country": "Japan",
    "name": "HOTEL GRAPHY NEZU",
    "rating": 4.3,
    "user_ratings_total": 743,
    "price_level": null,
    "types": [
      "establishment",
      "lodging",
      "point_of_interest"
    ],
    "lat": 35.7172071,
    "lng": 139.7687051,
    "cribsLikely": true,
    "place_id": "ChIJqR_4IymMGGARYCaB8Gm7hWA",
    "address": "4-chōme-5-10 Ikenohata, Taito City, Tokyo 110-0008, Japan",
    "website": "https://www.livelyhotels.com/hotelgraphy/?utm_source=google&utm_medium=gmb&utm_campaign=gmb",
    "phone": "+81 50-3138-2628",
    "google_url": "https://maps.google.com/?cid=6955171263224555104"
  },
  {
    "city": "Tokyo,",
    "country": "Japan",
    "name": "Tmark City Hotel Tokyo Omori",
    "rating": 4.3,
    "user_ratings_total": 1250,
    "price_level": null,
    "types": [
      "establishment",
      "lodging",
      "point_of_interest"
    ],
    "lat": 35.5871474,
    "lng": 139.7361553,
    "cribsLikely": true,
    "place_id": "ChIJA3iADsxhGGARFjhsSg7gltA",
    "address": "1-chōme-2-10 Ōmorihonchō, Ota City, Tokyo 143-0011, Japan",
    "website": "https://tmarkcity.com/tokyo-omori",
    "phone": "+81 3-5764-1810",
    "google_url": "https://maps.google.com/?cid=15030447158378379286"
  },
  {
    "city": "Tokyo,",
    "country": "Japan",
    "name": "Centurion Hotel Ueno",
    "rating": 3.6,
    "user_ratings_total": 1659,
    "price_level": null,
    "types": [
      "establishment",
      "lodging",
      "point_of_interest"
    ],
    "lat": 35.7083946,
    "lng": 139.7717974,
    "cribsLikely": true,
    "place_id": "ChIJhf_GZyCMGGARkZTlHK3-sZk",
    "address": "2-chōme-3-4 Ueno, Taito City, Tokyo 110-0005, Japan",
    "website": "https://www.centurion-hotel.com/ueno/#",
    "phone": "+81 3-3836-5111",
    "google_url": "https://maps.google.com/?cid=11074912978148365457"
  },
  {
    "city": "Tokyo,",
    "country": "Japan",
    "name": "Hotel East 21 Tokyo",
    "rating": 4,
    "user_ratings_total": 4010,
    "price_level": null,
    "types": [
      "establishment",
      "lodging",
      "point_of_interest"
    ],
    "lat": 35.6744837,
    "lng": 139.8147033,
    "cribsLikely": true,
    "place_id": "ChIJiYfvh_2IGGARMcIRnDLkOzg",
    "address": "6-chōme-3-3 Tōyō, Koto City, Tokyo 135-0016, Japan",
    "website": "http://www.hotel-east21.co.jp/",
    "phone": "+81 3-5683-5683",
    "google_url": "https://maps.google.com/?cid=4052083195767800369"
  },
  {
    "city": "Tokyo,",
    "country": "Japan",
    "name": "APA Hotel TKP Nippori-ekimae",
    "rating": 4,
    "user_ratings_total": 1979,
    "price_level": null,
    "types": [
      "establishment",
      "lodging",
      "point_of_interest"
    ],
    "lat": 35.7270364,
    "lng": 139.7728158,
    "cribsLikely": true,
    "place_id": "ChIJnSCjYtWNGGARcGDUvaehwo4",
    "address": "5-chōme-52-9 Higashinippori, Arakawa City, Tokyo 116-0014, Japan",
    "website": "https://www.apahotel.com/hotel/syutoken/tokyo/tkp-nippori-ekimae/?utm_source=google&utm_medium=maps",
    "phone": "+81 3-5615-1907",
    "google_url": "https://maps.google.com/?cid=10286962240684056688"
  }
]