[
  {
    "city": "Tokyo, Japan",
    "country": "Japan",
    "name": "Koko Hotel Tsukiji Ginza",
    "rating": 4,
    "user_ratings_total": 571,
    "price_level": null,
    "types": [
      "establishment",
      "lodging",
      "point_of_interest"
    ],
    "lat": 35.664786,
    "lng": 139.7732295,
    "cribsLikely": true,
    "place_id": "ChIJbZwsYzOJGGARK3urubNP3xk",
    "address": "6-chōme-8-8 Tsukiji, Chuo City, Tokyo 104-0045, Japan",
    "website": "https://koko-hotels.com/tsukiji_ginza",
    "phone": "+81 3-5565-5680",
    "google_url": "https://maps.google.com/?cid=1864296404087438123"
  },
  {
    "city": "Tokyo, Japan",
    "country": "Japan",
    "name": "APA Hotel Asakusa Tawaramachi-Ekimae",
    "rating": 4.1,
    "user_ratings_total": 4119,
    "price_level": null,
    "types": [
      "establishment",
      "lodging",
      "point_of_interest"
    ],
    "lat": 35.710269,
    "lng": 139.7901016,
    "cribsLikely": true,
    "place_id": "ChIJCfmHxL6OGGARMH5GS2SsuEk",
    "address": "1-chōme-2-3 Nishiasakusa, Taito City, Tokyo 111-0035, Japan",
    "website": "https://www.apahotel.com/hotel/syutoken/tokyo/asakusa-tawaramachi-ekimae/?utm_source=google&utm_medium=maps",
    "phone": "+81 570-080-111",
    "google_url": "https://maps.google.com/?cid=5312185307243118128"
  },
  {
    "city": "Tokyo, Japan",
    "country": "Japan",
    "name": "hotel MONday TOKYO NISHIKASAI",
    "rating": 4.6,
    "user_ratings_total": 1097,
    "price_level": null,
    "types": [
      "establishment",
      "lodging",
      "point_of_interest"
    ],
    "lat": 35.6644635,
    "lng": 139.8581942,
    "cribsLikely": true,
    "place_id": "ChIJlQSOE-GHGGARKzalYDSA8tY",
    "address": "6-chōme-8-7 Nishikasai, Edogawa City, Tokyo 134-0088, Japan",
    "website": "https://hotel-monday.com/nishikasai/?utm_source=google_bp&utm_medium=organic&utm_campaign=nishikasai",
    "phone": "+81 3-5605-0160",
    "google_url": "https://maps.google.com/?cid=15488583030928651819"
  },
  {
    "city": "Tokyo, Japan",
    "country": "Japan",
    "name": "Hotel Mystays Asakusabashi",
    "rating": 4.1,
    "user_ratings_total": 1228,
    "price_level": null,
    "types": [
      "establishment",
      "lodging",
      "point_of_interest"
    ],
    "lat": 35.6970283,
    "lng": 139.7835349,
    "cribsLikely": true,
    "place_id": "ChIJR8KPBbKOGGARHQ-G9DDLP2s",
    "address": "1-chōme-5-5 Asakusabashi, Taito City, Tokyo 111-0053, Japan",
    "website": "https://iconia.co.jp/hotel-mystays-asakusabashi-tokyo/?utm_source=google&utm_medium=GBP&utm_campaign=MSAsakusabashi",
    "phone": "+81 3-6858-0600",
    "google_url": "https://maps.google.com/?cid=7728118896712355613"
  },
  {
    "city": "Tokyo, Japan",
    "country": "Japan",
    "name": "Tokyo Grand Hotel",
    "rating": 3.8,
    "user_ratings_total": 1216,
    "price_level": null,
    "types": [
      "establishment",
      "lodging",
      "point_of_interest"
    ],
    "lat": 35.6528995,
    "lng": 139.7511944,
    "cribsLikely": true,
    "place_id": "ChIJVVWZts-UGGARDZLqzSjLL-I",
    "address": "2-chōme-5-2 Shiba, Minato City, Tokyo 105-0014, Japan",
    "website": "http://www.tokyogrand.gr.jp/",
    "phone": "+81 3-3456-2222",
    "google_url": "https://maps.google.com/?cid=16298468952590946829"
  },
  {
    "city": "Tokyo, Japan",
    "country": "Japan",
    "name": "HOTEL GRAPHY NEZU",
    "rating": 4.3,
    "user_ratings_total": 743,
    "price_level": null,
    "types": [
      "establishment",
      "lodging",
      "point_of_interest"
    ],
    "lat": 35.7172071,
    "lng": 139.7687051,
    "cribsLikely": true,
    "place_id": "ChIJqR_4IymMGGARYCaB8Gm7hWA",
    "address": "4-chōme-5-10 Ikenohata, Taito City, Tokyo 110-0008, Japan",
    "website": "https://www.livelyhotels.com/hotelgraphy/?utm_source=google&utm_medium=gmb&utm_campaign=gmb",
    "phone": "+81 50-3138-2628",
    "google_url": "https://maps.google.com/?cid=6955171263224555104"
  },
  {
    "city": "Tokyo, Japan",
    "country": "Japan",
    "name": "HOTEL MYSTAYS Kameido",
    "rating": 3.6,
    "user_ratings_total": 1337,
    "price_level": null,
    "types": [
      "establishment",
      "food",
      "lodging",
      "point_of_interest",
      "restaurant"
    ],
    "lat": 35.6943512,
    "lng": 139.828753,
    "cribsLikely": true,
    "place_id": "ChIJRzCbJcKIGGAR3V-BmyroCbY",
    "address": "6-chōme-32-1 Kameido, Koto City, Tokyo 136-0071, Japan",
    "website": "https://iconia.co.jp/hotel-mystays-kameido-tokyo/?utm_source=google&utm_medium=GBP&utm_campaign=MSKameido",
    "phone": "+81 3-5626-0701",
    "google_url": "https://maps.google.com/?cid=13117270659388497885"
  },
  {
    "city": "Tokyo, Japan",
    "country": "Japan",
    "name": "Hotel Wing International Korakuen",
    "rating": 3.9,
    "user_ratings_total": 901,
    "price_level": null,
    "types": [
      "establishment",
      "lodging",
      "point_of_interest"
    ],
    "lat": 35.7056061,
    "lng": 139.7556997,
    "cribsLikely": true,
    "place_id": "ChIJjeh6OzmMGGAR2RtPO1RWz8w",
    "address": "1-chōme-25-11 Hongō, Bunkyo City, Tokyo 113-0033, Japan",
    "website": "https://www.hotelwing.co.jp/kourakuen/",
    "phone": "+81 3-5804-1011",
    "google_url": "https://maps.google.com/?cid=14758109423688686553"
  },
  {
    "city": "Tokyo, Japan",
    "country": "Japan",
    "name": "Hotel LiveMax Kasai-Ekimae",
    "rating": 3.5,
    "user_ratings_total": 347,
    "price_level": null,
    "types": [
      "establishment",
      "lodging",
      "point_of_interest"
    ],
    "lat": 35.6607958,
    "lng": 139.8732306,
    "cribsLikely": true,
    "place_id": "ChIJpYwSbvOHGGAR05jSYlGjaS8",
    "address": "6-chōme-1-3 Higashikasai, Edogawa City, Tokyo 134-0084, Japan",
    "website": "http://www.hotel-livemax.com/",
    "phone": "+81 3-3675-0600",
    "google_url": "https://maps.google.com/?cid=3416441362282879187"
  },
  {
    "city": "Tokyo, Japan",
    "country": "Japan",
    "name": "Keisei Richmond Hotel Tokyo Monzennakacho",
    "rating": 4.5,
    "user_ratings_total": 575,
    "price_level": null,
    "types": [
      "establishment",
      "lodging",
      "point_of_interest"
    ],
    "lat": 35.67282489999999,
    "lng": 139.796505,
    "cribsLikely": true,
    "place_id": "ChIJw-j44kqJGGARjiySbF21kr4",
    "address": "2-chōme-8-9 Monzennakachō, Koto City, Tokyo 135-0048, Japan",
    "website": "https://richmondhotel.jp/monzennakacho/",
    "phone": "+81 3-5646-5300",
    "google_url": "https://maps.google.com/?cid=13732237626664168590"
  },
  {
    "city": "Tokyo, Japan",
    "country": "Japan",
    "name": "Centurion Hotel Ueno",
    "rating": 3.6,
    "user_ratings_total": 1659,
    "price_level": null,
    "types": [
      "establishment",
      "lodging",
      "point_of_interest"
    ],
    "lat": 35.7083946,
    "lng": 139.7717974,
    "cribsLikely": true,
    "place_id": "ChIJhf_GZyCMGGARkZTlHK3-sZk",
    "address": "2-chōme-3-4 Ueno, Taito City, Tokyo 110-0005, Japan",
    "website": "https://www.centurion-hotel.com/ueno/#",
    "phone": "+81 3-3836-5111",
    "google_url": "https://maps.google.com/?cid=11074912978148365457"
  },
  {
    "city": "Tokyo, Japan",
    "country": "Japan",
    "name": "APA Hotel Ueno Hirokoji",
    "rating": 4.2,
    "user_ratings_total": 495,
    "price_level": null,
    "types": [
      "establishment",
      "lodging",
      "point_of_interest"
    ],
    "lat": 35.7048331,
    "lng": 139.772273,
    "cribsLikely": true,
    "place_id": "ChIJYSBa2L-NGGARaEqou2wJIa8",
    "address": "5-chōme-3-3 Sotokanda, Chiyoda City, Tokyo 101-0021, Japan",
    "website": "https://www.apahotel.com/hotel/syutoken/tokyo/ueno-hirokoji/?utm_source=google&utm_medium=maps",
    "phone": "+81 3-3836-0855",
    "google_url": "https://maps.google.com/?cid=12619377993478326888"
  }
]