[
  {
    "city": "Toronto, Canada",
    "country": "Canada",
    "name": "Courtyard by Marriott Toronto Northeast/Markham",
    "rating": 4.2,
    "user_ratings_total": 1791,
    "price_level": null,
    "types": [
      "establishment",
      "lodging",
      "point_of_interest"
    ],
    "lat": 43.81665880000001,
    "lng": -79.34855619999999,
    "cribsLikely": true,
    "place_id": "ChIJVy3BfGXT1IkRjZhm3zfseUE",
    "address": "7095 Woodbine Ave, Markham, ON L3R 1A3, Canada",
    "website": "https://www.marriott.com/en-us/hotels/yyzmt-courtyard-toronto-northeast-markham/overview/?scid=f2ae0541-1279-4f24-b197-a979c79310b0",
    "phone": "+1 905-474-0444",
    "google_url": "https://maps.google.com/?cid=4718061809362704525"
  },
  {
    "city": "Toronto, Canada",
    "country": "Canada",
    "name": "Hilton Garden Inn Toronto/Markham",
    "rating": 4.2,
    "user_ratings_total": 1350,
    "price_level": null,
    "types": [
      "establishment",
      "lodging",
      "point_of_interest"
    ],
    "lat": 43.8445288,
    "lng": -79.37841739999999,
    "cribsLikely": true,
    "place_id": "ChIJJ-jE_bTU1IkRClbE-yELrDY",
    "address": "300 Commerce Valley Dr E, Thornhill, ON L3T 7X3, Canada",
    "website": "https://www.hilton.com/en/hotels/yyzmagi-hilton-garden-inn-toronto-markham/?SEO_id=GMB-AMER-GI-YYZMAGI&y_source=1_MjA4MzUzMy03MTUtbG9jYXRpb24ud2Vic2l0ZQ%3D%3D",
    "phone": "+1 905-709-8008",
    "google_url": "https://maps.google.com/?cid=3939536014628115978"
  },
  {
    "city": "Toronto, Canada",
    "country": "Canada",
    "name": "Holiday Inn Toronto International Airport by IHG",
    "rating": 4.1,
    "user_ratings_total": 3774,
    "price_level": null,
    "types": [
      "establishment",
      "lodging",
      "point_of_interest"
    ],
    "lat": 43.6874888,
    "lng": -79.6001824,
    "cribsLikely": true,
    "place_id": "ChIJk9n1Yps5K4gRY18HOIrEt04",
    "address": "970 Dixon Rd, Rexdale, ON M9W 5N4, Canada",
    "website": "https://www.ihg.com/holidayinn/hotels/us/en/toronto/yyzia/hoteldetail?cm_mmc=GoogleMaps-_-HI-_-CA-_-YYZIA",
    "phone": "+1 416-675-7611",
    "google_url": "https://maps.google.com/?cid=5672218353620967267"
  },
  {
    "city": "Toronto, Canada",
    "country": "Canada",
    "name": "Holiday Inn Express Toronto-North York by IHG",
    "rating": 4,
    "user_ratings_total": 1134,
    "price_level": null,
    "types": [
      "establishment",
      "lodging",
      "point_of_interest"
    ],
    "lat": 43.75623239999999,
    "lng": -79.5273479,
    "cribsLikely": true,
    "place_id": "ChIJBUMsqDowK4gRhg9iyMTzfsw",
    "address": "30 Norfinch Dr, North York, ON M3N 1X1, Canada",
    "website": "https://www.ihg.com/holidayinnexpress/hotels/us/en/north-york/yyzny/hoteldetail?cm_mmc=GoogleMaps-_-EX-_-CA-_-YYZNY",
    "phone": "+1 416-665-3500",
    "google_url": "https://maps.google.com/?cid=14735483057303850886"
  },
  {
    "city": "Toronto, Canada",
    "country": "Canada",
    "name": "Best Western Parkway Hotel Toronto North",
    "rating": 3.9,
    "user_ratings_total": 1231,
    "price_level": null,
    "types": [
      "establishment",
      "lodging",
      "point_of_interest"
    ],
    "lat": 43.8454708,
    "lng": -79.38165769999999,
    "cribsLikely": true,
    "place_id": "ChIJO08zIUsrK4gRH2N9rmvgXAI",
    "address": "600 Hwy 7, Richmond Hill, ON L4B 1B2, Canada",
    "website": "https://www.bestwestern.com/en_US/book/hotel-rooms.66054.html?iata=00171880&ssob=BLBWI0004G&cid=BLBWI0004G:google:gmb:66054",
    "phone": "+1 905-881-2600",
    "google_url": "https://maps.google.com/?cid=170257639026811679"
  },
  {
    "city": "Toronto, Canada",
    "country": "Canada",
    "name": "Radisson Blu Toronto Downtown",
    "rating": 4.3,
    "user_ratings_total": 2817,
    "price_level": null,
    "types": [
      "establishment",
      "lodging",
      "point_of_interest"
    ],
    "lat": 43.6387118,
    "lng": -79.3855296,
    "cribsLikely": true,
    "place_id": "ChIJX-YHICo1K4gR1SQ3P5SL7EI",
    "address": "249 Queens Quay W, Toronto, ON M5J 2N5, Canada",
    "website": "https://www.choicehotels.com/ontario/toronto/radisson-blu-hotels/cnc41?mc=llgoxxpx",
    "phone": "+1 437-886-9667",
    "google_url": "https://maps.google.com/?cid=4822382769838957781"
  },
  {
    "city": "Toronto, Canada",
    "country": "Canada",
    "name": "Pan Pacific Toronto",
    "rating": 3.9,
    "user_ratings_total": 3451,
    "price_level": null,
    "types": [
      "establishment",
      "lodging",
      "point_of_interest"
    ],
    "lat": 43.7567594,
    "lng": -79.35042320000001,
    "cribsLikely": true,
    "place_id": "ChIJJQA6xpcyK4gRwTgJDqrefpo",
    "address": "900 York Mills Rd, North York, ON M3B 3H2, Canada",
    "website": "https://www.panpacific.com/en/hotels-and-resorts/pp-toronto.html?utm_source=google&utm_medium=business_listing&utm_campaign=googlemybusiness",
    "phone": "+1 416-444-2511",
    "google_url": "https://maps.google.com/?cid=11132580150867736769"
  },
  {
    "city": "Toronto, Canada",
    "country": "Canada",
    "name": "Monte Carlo Inns - Toronto West Suites",
    "rating": 3.4,
    "user_ratings_total": 594,
    "price_level": null,
    "types": [
      "establishment",
      "lodging",
      "point_of_interest"
    ],
    "lat": 43.6197516,
    "lng": -79.5721185,
    "cribsLikely": true,
    "place_id": "ChIJ66-XGgg4K4gR88b6fFNVlB0",
    "address": "1886 Dundas St E, Mississauga, ON L4X 2A9, Canada",
    "website": "https://www.montecarloinns.com/toronto-west-suites",
    "phone": "+1 905-273-9500",
    "google_url": "https://maps.google.com/?cid=2131422340720543475"
  },
  {
    "city": "Toronto, Canada",
    "country": "Canada",
    "name": "Hilton Toronto",
    "rating": 4.2,
    "user_ratings_total": 5685,
    "price_level": null,
    "types": [
      "establishment",
      "lodging",
      "point_of_interest"
    ],
    "lat": 43.6498523,
    "lng": -79.3855762,
    "cribsLikely": true,
    "place_id": "ChIJJd9P-800K4gRvTdTqtNCmQw",
    "address": "145 Richmond St W, Toronto, ON M5H 2L2, Canada",
    "website": "https://www.hilton.com/en/hotels/torhihh-hilton-toronto/?SEO_id=GMB-AMER-HH-TORHIHH&y_source=1_MjIwNTY3My03MTUtbG9jYXRpb24ud2Vic2l0ZQ%3D%3D",
    "phone": "+1 416-869-3456",
    "google_url": "https://maps.google.com/?cid=907830276754978749"
  },
  {
    "city": "Toronto, Canada",
    "country": "Canada",
    "name": "Deluxe Inn",
    "rating": 3.3,
    "user_ratings_total": 739,
    "price_level": null,
    "types": [
      "establishment",
      "lodging",
      "point_of_interest"
    ],
    "lat": 43.6186527,
    "lng": -79.5393643,
    "cribsLikely": true,
    "place_id": "ChIJt5m8YOA3K4gRtrTMGdB4hUA",
    "address": "1554 The Queensway, Etobicoke, ON M8Z 1T5, Canada",
    "website": "http://www.deluxeinntoronto.com/",
    "phone": "+1 416-252-5205",
    "google_url": "https://maps.google.com/?cid=4649255025511281846"
  },
  {
    "city": "Toronto, Canada",
    "country": "Canada",
    "name": "Novotel Toronto Centre",
    "rating": 4.3,
    "user_ratings_total": 2983,
    "price_level": null,
    "types": [
      "establishment",
      "lodging",
      "point_of_interest"
    ],
    "lat": 43.646567,
    "lng": -79.3742742,
    "cribsLikely": true,
    "place_id": "ChIJ4Vom0XEtK4gRuU9aq9LpTqA",
    "address": "45 The Esplanade, Toronto, ON M5E 1W2, Canada",
    "website": "https://all.accor.com/lien_externe.svlt?goto=fiche_hotel&code_hotel=0931&merchantid=seo-maps-CA-0931&sourceid=aw-cen&utm_medium=seo%20maps&utm_source=google%20Maps&utm_campaign=seo%20maps",
    "phone": "+1 416-367-8900",
    "google_url": "https://maps.google.com/?cid=11551427185279127481"
  },
  {
    "city": "Toronto, Canada",
    "country": "Canada",
    "name": "Monte Carlo Inn & Suites - Downtown Markham",
    "rating": 4,
    "user_ratings_total": 2367,
    "price_level": null,
    "types": [
      "establishment",
      "food",
      "lodging",
      "point_of_interest",
      "restaurant"
    ],
    "lat": 43.8280876,
    "lng": -79.3258714,
    "cribsLikely": true,
    "place_id": "ChIJWyfJHlnU1IkRv9M2WG3o83o",
    "address": "7255 Warden Ave., Markham, ON L3R 1B4, Canada",
    "website": "http://www.montecarloinns.com/downtown-markham-suites",
    "phone": "+1 905-752-2700",
    "google_url": "https://maps.google.com/?cid=8859680448296965055"
  }
]