[
  {
    "city": "UAE",
    "country": "United Arab Emirates",
    "name": "Mercure Gold Hotel Al Mina Road Dubai",
    "rating": 4.3,
    "user_ratings_total": 4326,
    "price_level": null,
    "types": [
      "establishment",
      "lodging",
      "point_of_interest"
    ],
    "lat": 25.2428904,
    "lng": 55.2757701,
    "cribsLikely": true,
    "place_id": "ChIJiTtN0mxDXz4RzhbJT08nBt0",
    "address": "Mercure Gold Hotel - Al Mina St - Bur Dubai - Dubai - United Arab Emirates",
    "website": null,
    "phone": "+971 4 301 9888",
    "google_url": "https://maps.google.com/?cid=15926460353836816078"
  },
  {
    "city": "UAE",
    "country": "United Arab Emirates",
    "name": "Villaggio Hotel & Resort Abu Dhabi",
    "rating": 4,
    "user_ratings_total": 2762,
    "price_level": null,
    "types": [
      "establishment",
      "lodging",
      "point_of_interest"
    ],
    "lat": 24.4754161,
    "lng": 54.3881119,
    "cribsLikely": true,
    "place_id": "ChIJOdsZ9DJmXj4RXw_aWJ9gkEA",
    "address": "Al Salam St - Al Nahyan - E19 02 - Abu Dhabi - United Arab Emirates",
    "website": "https://villaggiohotels.ae/",
    "phone": "+971 2 499 2000",
    "google_url": "https://maps.google.com/?cid=4652324652580474719"
  },
  {
    "city": "UAE",
    "country": "United Arab Emirates",
    "name": "Al Khoory Inn Hotel, Bur Dubai",
    "rating": 4.6,
    "user_ratings_total": 3528,
    "price_level": null,
    "types": [
      "establishment",
      "lodging",
      "point_of_interest"
    ],
    "lat": 25.2585503,
    "lng": 55.3005362,
    "cribsLikely": true,
    "place_id": "ChIJp8w6rTtDXz4RyfTyXTjXAU8",
    "address": "775X+FVG - 7 17th St - Bur Dubai - Al Hamriya - Dubai - United Arab Emirates",
    "website": "http://alkhooryhotels.com/al-khoory-inn/?partner=9590&utm_source=google&utm_medium=organic&utm_campaign=MyBusiness",
    "phone": "+971 4 310 7999",
    "google_url": "https://maps.google.com/?cid=5693068041067361481"
  },
  {
    "city": "UAE",
    "country": "United Arab Emirates",
    "name": "LIWA HOTEL",
    "rating": 4.2,
    "user_ratings_total": 1595,
    "price_level": null,
    "types": [
      "establishment",
      "lodging",
      "point_of_interest"
    ],
    "lat": 23.124491,
    "lng": 53.7752239,
    "cribsLikely": true,
    "place_id": "ChIJE7qs07bYZj4RZoKpC1JvSp0",
    "address": "4QFG+Q2Q Western Region - Liwa - Tarif Rd - Mzeerʻah - Mahdar Shamkhat Mzeer'ah - Abu Dhabi - United Arab Emirates",
    "website": "http://www.liwahotel.ae/",
    "phone": "+971 2 894 8000",
    "google_url": "https://maps.google.com/?cid=11333993810404934246"
  },
  {
    "city": "UAE",
    "country": "United Arab Emirates",
    "name": "Dorus Hotel",
    "rating": 3.3,
    "user_ratings_total": 1812,
    "price_level": null,
    "types": [
      "establishment",
      "lodging",
      "point_of_interest"
    ],
    "lat": 25.2720635,
    "lng": 55.3158107,
    "cribsLikely": true,
    "place_id": "ChIJG_76HrVcXz4RRW2OCddLNn8",
    "address": "192 Omar Bin Al Khattab St - Deira - Dubai - United Arab Emirates",
    "website": "https://dorus-hotel.com/",
    "phone": "+971 4 221 7676",
    "google_url": "https://maps.google.com/?cid=9166597478509604165"
  },
  {
    "city": "UAE",
    "country": "United Arab Emirates",
    "name": "Zain International Hotel",
    "rating": 3.3,
    "user_ratings_total": 948,
    "price_level": null,
    "types": [
      "establishment",
      "lodging",
      "point_of_interest"
    ],
    "lat": 25.2643612,
    "lng": 55.3177477,
    "cribsLikely": true,
    "place_id": "ChIJJy9MgfVdXz4RTR7F0WEr_Dc",
    "address": "Murshid Bazar, Al Ghurair - 20 38th St - Deira - Dubai - United Arab Emirates",
    "website": null,
    "phone": "+971 4 222 2202",
    "google_url": "https://maps.google.com/?cid=4034147065348300365"
  },
  {
    "city": "UAE",
    "country": "United Arab Emirates",
    "name": "Atana Hotel Dubai",
    "rating": 4.2,
    "user_ratings_total": 9653,
    "price_level": null,
    "types": [
      "establishment",
      "lodging",
      "point_of_interest"
    ],
    "lat": 25.1017691,
    "lng": 55.1785509,
    "cribsLikely": true,
    "place_id": "ChIJ65Bf-nZrXz4RQ5XUgJ9yIQ0",
    "address": "452H+V99 Atana hotel - Al Barsha 3 - Dubai - United Arab Emirates",
    "website": "http://www.atanahotel.com/",
    "phone": "+971 4 356 6666",
    "google_url": "https://maps.google.com/?cid=946163426111296835"
  },
  {
    "city": "UAE",
    "country": "United Arab Emirates",
    "name": "voco Monaco Dubai by IHG",
    "rating": 4.4,
    "user_ratings_total": 2774,
    "price_level": null,
    "types": [
      "establishment",
      "lodging",
      "point_of_interest"
    ],
    "lat": 25.2304766,
    "lng": 55.1598242,
    "cribsLikely": true,
    "place_id": "ChIJDxhm4rFBXz4Rtcif4ec6hBM",
    "address": "Dubai World Islands - The World Islands - Dubai - United Arab Emirates",
    "website": "https://www.ihg.com/voco/hotels/us/en/dubai/dxbca/hoteldetail?cm_mmc=GoogleMaps-_-VX-_-AE-_-DXBCA",
    "phone": "+971 4 549 0800",
    "google_url": "https://maps.google.com/?cid=1406313751243638965"
  },
  {
    "city": "UAE",
    "country": "United Arab Emirates",
    "name": "Bab Al Nojoum Bateen Liwa",
    "rating": 4.8,
    "user_ratings_total": 730,
    "price_level": null,
    "types": [
      "establishment",
      "lodging",
      "point_of_interest"
    ],
    "lat": 23.0094081,
    "lng": 53.7213274,
    "cribsLikely": true,
    "place_id": "ChIJn1lxvQPnZj4RtrHhmzrILus",
    "address": "2P5C+4Q - Mzeerʻah - Mahader Liwa - Abu Dhabi - United Arab Emirates",
    "website": "https://babalnojoum.com/bateen-liwa-resort/",
    "phone": "+971 2 894 8888",
    "google_url": "https://maps.google.com/?cid=16946702601890673078"
  },
  {
    "city": "UAE",
    "country": "United Arab Emirates",
    "name": "Zagy Hotel Dubai",
    "rating": 3.9,
    "user_ratings_total": 813,
    "price_level": null,
    "types": [
      "establishment",
      "lodging",
      "point_of_interest"
    ],
    "lat": 25.2715486,
    "lng": 55.31042979999999,
    "cribsLikely": true,
    "place_id": "ChIJl8pGcElDXz4Rc1QsjCTJYCA",
    "address": "Yousaf Baker Road, Al Nakheel Street, Deira - Naif - Dubai - United Arab Emirates",
    "website": "https://www.zagyhoteldubai.com/",
    "phone": "+971 4 224 2999",
    "google_url": "https://maps.google.com/?cid=2333085765785638003"
  },
  {
    "city": "UAE",
    "country": "United Arab Emirates",
    "name": "Danat Jebel Dhanna Resort",
    "rating": 4.5,
    "user_ratings_total": 3784,
    "price_level": null,
    "types": [
      "bar",
      "establishment",
      "food",
      "lodging",
      "point_of_interest",
      "restaurant"
    ],
    "lat": 24.165079,
    "lng": 52.64245,
    "cribsLikely": true,
    "place_id": "ChIJF0JSu0EqQz4RCCUm7x5xMzw",
    "address": "Danat Jebel, Near - Al Dhannah City - Abu Dhabi - United Arab Emirates",
    "website": "https://www.danathotels.com/ruwais/danatjebeldhannaresort",
    "phone": "+971 2 801 2222",
    "google_url": "https://maps.google.com/?cid=4337935243763131656"
  },
  {
    "city": "UAE",
    "country": "United Arab Emirates",
    "name": "Vida Beach Resort Umm Al Quwain",
    "rating": 4.7,
    "user_ratings_total": 3686,
    "price_level": null,
    "types": [
      "establishment",
      "lodging",
      "point_of_interest"
    ],
    "lat": 25.5787,
    "lng": 55.56466,
    "cribsLikely": true,
    "place_id": "ChIJ7ZO4vG7-9T4RSYp73xqtuLo",
    "address": "Al Raudah - AL KHOR 1 - Emirate of Umm Al Quwain - United Arab Emirates",
    "website": "https://www.vidahotels.com/en/vida-beach-resort-umm-al-quwain/",
    "phone": "+971 6 706 5000",
    "google_url": "https://maps.google.com/?cid=13454694217699527241"
  }
]