[
  {
    "city": "UK",
    "country": "United Kingdom",
    "name": "Grand Hotel Scarborough",
    "rating": 3,
    "user_ratings_total": 6064,
    "price_level": null,
    "types": [
      "bar",
      "establishment",
      "food",
      "lodging",
      "point_of_interest",
      "restaurant"
    ],
    "lat": 54.280542,
    "lng": -0.398389,
    "cribsLikely": true,
    "place_id": "ChIJiSWoy-xHf0gR0KCYBk0yGBM",
    "address": "St Nicholas Cliff, Scarborough YO11 2ET, UK",
    "website": "https://www.britanniahotels.com/hotels/the-grand-hotel-scarborough/",
    "phone": "+44 1723 375371",
    "google_url": "https://maps.google.com/?cid=1375904992566223056"
  },
  {
    "city": "UK",
    "country": "United Kingdom",
    "name": "Novotel Edinburgh Centre",
    "rating": 4.3,
    "user_ratings_total": 3271,
    "price_level": null,
    "types": [
      "establishment",
      "food",
      "lodging",
      "point_of_interest",
      "restaurant"
    ],
    "lat": 55.9450265,
    "lng": -3.1997238,
    "cribsLikely": true,
    "place_id": "ChIJ1YZ6TpnHh0gR1uFa7307-wE",
    "address": "80 Lauriston Pl, Edinburgh EH3 9DE, UK",
    "website": "https://all.accor.com/lien_externe.svlt?goto=fiche_hotel&code_hotel=3271&merchantid=seo-maps-GB-3271&sourceid=aw-cen&utm_medium=seo%20maps&utm_source=google%20Maps&utm_campaign=seo%20maps",
    "phone": "+44 131 656 3500",
    "google_url": "https://maps.google.com/?cid=142773225264964054"
  },
  {
    "city": "UK",
    "country": "United Kingdom",
    "name": "The Alma (Hotel)",
    "rating": 4.4,
    "user_ratings_total": 1071,
    "price_level": 2,
    "types": [
      "establishment",
      "lodging",
      "point_of_interest"
    ],
    "lat": 51.4606174,
    "lng": -0.1877999,
    "cribsLikely": true,
    "place_id": "ChIJA4BUg2IPdkgRsWK9BYDSw40",
    "address": "499 Old York Rd, London SW18 1LD, UK",
    "website": "https://www.almawandsworth.com/our-bedrooms/",
    "phone": "+44 20 8870 2537",
    "google_url": "https://maps.google.com/?cid=10215239827100361393"
  },
  {
    "city": "UK",
    "country": "United Kingdom",
    "name": "Apex City of Bath Hotel",
    "rating": 4.5,
    "user_ratings_total": 2023,
    "price_level": null,
    "types": [
      "establishment",
      "lodging",
      "point_of_interest"
    ],
    "lat": 51.381526,
    "lng": -2.3652931,
    "cribsLikely": true,
    "place_id": "ChIJX6m00RWBcUgR36bk5EMfmTk",
    "address": "James St W, Bath BA1 2DA, UK",
    "website": "https://www.apexhotels.co.uk/destinations/bath/apex-city-of-bath-hotel/?utm_medium=organic&utm_source=google&utm_campaign=Hotel%20-%20City%20of%20Bath%20-%20Google%20-%20Organic%20-%20My%20Business&utm_content=Hotel%20Page",
    "phone": "+44 1225 418500",
    "google_url": "https://maps.google.com/?cid=4150382908062082783"
  },
  {
    "city": "UK",
    "country": "United Kingdom",
    "name": "Old Waverley Hotel",
    "rating": 4.1,
    "user_ratings_total": 1393,
    "price_level": null,
    "types": [
      "establishment",
      "lodging",
      "point_of_interest"
    ],
    "lat": 55.9527945,
    "lng": -3.1931319,
    "cribsLikely": true,
    "place_id": "ChIJvWv2LZDHh0gRuLtUH7Cz7LI",
    "address": "43 Princes St, Edinburgh EH2 2BY, UK",
    "website": "https://www.oldwaverley.co.uk/?utm_source=google&utm_medium=local&utm_campaign=old-waverley",
    "phone": "+44 131 556 4648",
    "google_url": "https://maps.google.com/?cid=12892877402276150200"
  },
  {
    "city": "UK",
    "country": "United Kingdom",
    "name": "Leonardo Hotel Manchester Piccadilly",
    "rating": 4.2,
    "user_ratings_total": 845,
    "price_level": null,
    "types": [
      "establishment",
      "lodging",
      "point_of_interest"
    ],
    "lat": 53.478854,
    "lng": -2.2225518,
    "cribsLikely": true,
    "place_id": "ChIJUaARSnGxe0gRSy2rX6tF5Wc",
    "address": "260 Great Ancoats St, Manchester M4 7DB, UK",
    "website": "https://www.leonardo-hotels.com/manchester/leonardo-hotel-manchester-piccadilly",
    "phone": "+44 161 527 9300",
    "google_url": "https://maps.google.com/?cid=7486466557920095563"
  },
  {
    "city": "UK",
    "country": "United Kingdom",
    "name": "The Municipal Hotel & Spa Liverpool - MGallery Collection",
    "rating": 4.3,
    "user_ratings_total": 1077,
    "price_level": null,
    "types": [
      "establishment",
      "lodging",
      "point_of_interest"
    ],
    "lat": 53.4086594,
    "lng": -2.9863117,
    "cribsLikely": true,
    "place_id": "ChIJw3OxJRche0gRe2mfHOh4fcY",
    "address": "Municipal Building, Dale St, Liverpool L2 2DH, UK",
    "website": "https://all.accor.com/lien_externe.svlt?goto=fiche_hotel&code_hotel=B9E8&merchantid=seo-maps-GB-B9E8&sourceid=aw-cen&utm_medium=seo%20maps&utm_source=google%20Maps&utm_campaign=seo%20maps",
    "phone": "+44 151 332 3030",
    "google_url": "https://maps.google.com/?cid=14302720929906518395"
  },
  {
    "city": "UK",
    "country": "United Kingdom",
    "name": "Ramada Hotel & Suites by Wyndham Coventry",
    "rating": 4.3,
    "user_ratings_total": 1848,
    "price_level": null,
    "types": [
      "establishment",
      "lodging",
      "point_of_interest"
    ],
    "lat": 52.4052939,
    "lng": -1.5215567,
    "cribsLikely": true,
    "place_id": "ChIJ23TZz6dLd0gRk6bVflLlbvA",
    "address": "Butts, Earlsdon, Coventry CV1 3GG, UK",
    "website": "https://www.wyndhamhotels.com/en-uk/ramada/coventry-united-kingdom/ramada-hotel-and-suites-coventry/overview?CID=LC:wmcic5n98gs1g0r:15266&iata=00093796",
    "phone": "+44 24 7623 8110",
    "google_url": "https://maps.google.com/?cid=17325036959018886803"
  },
  {
    "city": "UK",
    "country": "United Kingdom",
    "name": "The Resident Liverpool",
    "rating": 4.7,
    "user_ratings_total": 1603,
    "price_level": null,
    "types": [
      "establishment",
      "lodging",
      "point_of_interest"
    ],
    "lat": 53.4026405,
    "lng": -2.9806786,
    "cribsLikely": true,
    "place_id": "ChIJZSEZS-Uee0gRqChJCSMMnMc",
    "address": "29 Seel St, Liverpool L1 4AU, UK",
    "website": "https://www.residenthotels.com/the-resident-liverpool/?utm_source=google&utm_medium=organic&utm_campaign=liverpoool&utm_term=business%20listing",
    "phone": "+44 151 705 2626",
    "google_url": "https://maps.google.com/?cid=14383384654533699752"
  },
  {
    "city": "UK",
    "country": "United Kingdom",
    "name": "Leonardo Royal Hotel London Tower Bridge",
    "rating": 4.3,
    "user_ratings_total": 4729,
    "price_level": null,
    "types": [
      "establishment",
      "lodging",
      "point_of_interest"
    ],
    "lat": 51.5117814,
    "lng": -0.07152359999999999,
    "cribsLikely": true,
    "place_id": "ChIJjQzyQ0oDdkgRCTspAw2qeoM",
    "address": "45 Prescot St, London E1 8GP, UK",
    "website": "https://www.leonardo-hotels.com/london/leonardo-royal-hotel-london-tower-bridge",
    "phone": "+44 20 7959 5000",
    "google_url": "https://maps.google.com/?cid=9474071738991590153"
  },
  {
    "city": "UK",
    "country": "United Kingdom",
    "name": "Paramount Hotel",
    "rating": 3.4,
    "user_ratings_total": 489,
    "price_level": null,
    "types": [
      "establishment",
      "lodging",
      "point_of_interest"
    ],
    "lat": 51.49232079999999,
    "lng": -0.1979899,
    "cribsLikely": true,
    "place_id": "ChIJW4F-Fo0PdkgRpMoynwvP-ds",
    "address": "50 Nevern Square, London SW5 9PF, UK",
    "website": "http://www.theparamountlondon.co.uk/",
    "phone": "+44 20 7244 9562",
    "google_url": "https://maps.google.com/?cid=15850928012329667236"
  },
  {
    "city": "UK",
    "country": "United Kingdom",
    "name": "Small Luxury Hotel of the World",
    "rating": 5,
    "user_ratings_total": 1,
    "price_level": null,
    "types": [
      "establishment",
      "lodging",
      "point_of_interest"
    ],
    "lat": 51.5062237,
    "lng": -0.1451951,
    "cribsLikely": true,
    "place_id": "ChIJxcSrwigFdkgRa0dgEvCaPT8",
    "address": "7-12 Half Moon St, London W1J 7BH, UK",
    "website": null,
    "phone": "+44 20 7499 0000",
    "google_url": "https://maps.google.com/?cid=4556968753859938155"
  }
]