[
  {
    "city": "USA",
    "country": "United States",
    "name": "Four Seasons Hotel at The Surf Club, Surfside, Florida",
    "rating": 4.8,
    "user_ratings_total": 1355,
    "price_level": null,
    "types": [
      "establishment",
      "health",
      "lodging",
      "point_of_interest",
      "spa"
    ],
    "lat": 25.8774985,
    "lng": -80.1215713,
    "cribsLikely": true,
    "place_id": "ChIJr9ahs5ey2YgRdtqjj6J7NmI",
    "address": "9011 Collins Ave, Surfside, FL 33154, USA",
    "website": "https://www.fourseasons.com/surfside/?utm_source=google&utm_medium=organicsearch&utm_campaign=tor-mfl-hre-mid-seo-na&utm_content=na-na&utm_term=na",
    "phone": "+1 305-381-3333",
    "google_url": "https://maps.google.com/?cid=7076979802584111734"
  },
  {
    "city": "USA",
    "country": "United States",
    "name": "Four Seasons Hotel One Dalton Street, Boston",
    "rating": 4.6,
    "user_ratings_total": 353,
    "price_level": null,
    "types": [
      "establishment",
      "health",
      "lodging",
      "point_of_interest",
      "spa"
    ],
    "lat": 42.3458141,
    "lng": -71.0840802,
    "cribsLikely": true,
    "place_id": "ChIJW0u45p1744kR3-G-c08U83Q",
    "address": "1 Dalton St, Boston, MA 02115, USA",
    "website": "https://www.fourseasons.com/onedalton/?utm_source=google&utm_medium=organicsearch&utm_campaign=tor-bcb-hre-mid-seo-na&utm_content=na-na&utm_term=na",
    "phone": "+1 617-377-4888",
    "google_url": "https://maps.google.com/?cid=8427101659217191391"
  },
  {
    "city": "USA",
    "country": "United States",
    "name": "Four Seasons Hotel Washington, DC",
    "rating": 4.7,
    "user_ratings_total": 2216,
    "price_level": 4,
    "types": [
      "establishment",
      "health",
      "lodging",
      "point_of_interest",
      "spa"
    ],
    "lat": 38.9048185,
    "lng": -77.0572948,
    "cribsLikely": true,
    "place_id": "ChIJNdBhOEu2t4kR6zkWO2XCzFI",
    "address": "2800 Pennsylvania Ave NW, Washington, DC 20007, USA",
    "website": "https://www.fourseasons.com/washington/?utm_source=google&utm_medium=organicsearch&utm_campaign=tor-was-hre-mid-seo-na&utm_content=na-na&utm_term=na",
    "phone": "+1 202-342-0444",
    "google_url": "https://maps.google.com/?cid=5966357346397862379"
  },
  {
    "city": "USA",
    "country": "United States",
    "name": "Best Florida Resort",
    "rating": 3.9,
    "user_ratings_total": 291,
    "price_level": null,
    "types": [
      "establishment",
      "lodging",
      "point_of_interest"
    ],
    "lat": 26.1959367,
    "lng": -80.0958427,
    "cribsLikely": true,
    "place_id": "ChIJ75QZ2or92IgRM8dnmbkWZ90",
    "address": "4628 N Ocean Dr, Lauderdale-By-The-Sea, FL 33308, USA",
    "website": "https://www.bestfloridaresort.xyz/",
    "phone": "+1 954-772-2500",
    "google_url": "https://maps.google.com/?cid=15953745191381747507"
  },
  {
    "city": "USA",
    "country": "United States",
    "name": "Made Hotel",
    "rating": 4.4,
    "user_ratings_total": 873,
    "price_level": null,
    "types": [
      "establishment",
      "lodging",
      "point_of_interest"
    ],
    "lat": 40.7461759,
    "lng": -73.9895245,
    "cribsLikely": true,
    "place_id": "ChIJAQAsWK9ZwokRVNJ_cGoFFIE",
    "address": "44 W 29th St, New York, NY 10001, USA",
    "website": "https://www.madehotels.com/?utm_source=google&utm_medium=organic&utm_campaign=business-listing",
    "phone": "+1 212-213-4429",
    "google_url": "https://maps.google.com/?cid=9301065085139014228"
  },
  {
    "city": "USA",
    "country": "United States",
    "name": "MGM Grand",
    "rating": 4.3,
    "user_ratings_total": 110177,
    "price_level": null,
    "types": [
      "casino",
      "establishment",
      "lodging",
      "point_of_interest"
    ],
    "lat": 36.1036224,
    "lng": -115.1675744,
    "cribsLikely": true,
    "place_id": "ChIJJQ6Ck8zFyIARfxB2vQVF2Z0",
    "address": "3799 S Las Vegas Blvd, Las Vegas, NV 89109, USA",
    "website": "https://mgmgrand.mgmresorts.com/en.html",
    "phone": "+1 877-880-0880",
    "google_url": "https://maps.google.com/?cid=11374198224856682623"
  },
  {
    "city": "USA",
    "country": "United States",
    "name": "Luxor Hotel & Casino",
    "rating": 4.1,
    "user_ratings_total": 101620,
    "price_level": null,
    "types": [
      "casino",
      "establishment",
      "lodging",
      "point_of_interest"
    ],
    "lat": 36.09551,
    "lng": -115.1760672,
    "cribsLikely": true,
    "place_id": "ChIJR7RcPs7FyIAROAHQry50Wgs",
    "address": "3900 S Las Vegas Blvd, Las Vegas, NV 89119, USA",
    "website": "https://luxor.mgmresorts.com/en.html?ecid=GMB_LX_HO",
    "phone": "+1 877-386-4658",
    "google_url": "https://maps.google.com/?cid=818094026188128568"
  },
  {
    "city": "USA",
    "country": "United States",
    "name": "John Hotel",
    "rating": 4.1,
    "user_ratings_total": 959,
    "price_level": null,
    "types": [
      "establishment",
      "lodging",
      "point_of_interest"
    ],
    "lat": 40.7602735,
    "lng": -73.83427830000001,
    "cribsLikely": true,
    "place_id": "ChIJWbF16Q5gwokR36f_VOqfJ3Q",
    "address": "133-12 37th Ave, Flushing, NY 11354, USA",
    "website": "http://www.johnhotel.com/",
    "phone": "+1 718-886-8556",
    "google_url": "https://maps.google.com/?cid=8369834261288560607"
  },
  {
    "city": "USA",
    "country": "United States",
    "name": "Omni New Haven Hotel at Yale",
    "rating": 4.1,
    "user_ratings_total": 2029,
    "price_level": null,
    "types": [
      "establishment",
      "lodging",
      "point_of_interest"
    ],
    "lat": 41.3056872,
    "lng": -72.9273017,
    "cribsLikely": true,
    "place_id": "ChIJ71oARUvY54kRc7DOoOAP_Iw",
    "address": "155 Temple St, New Haven, CT 06510, USA",
    "website": "https://www.omnihotels.com/hotels/new-haven-yale?utm_source=gmblisting&utm_medium=organic",
    "phone": "+1 203-772-6664",
    "google_url": "https://maps.google.com/?cid=10159012316885987443"
  },
  {
    "city": "USA",
    "country": "United States",
    "name": "Hotel Riu Plaza Fisherman´s Wharf",
    "rating": 4,
    "user_ratings_total": 3040,
    "price_level": null,
    "types": [
      "establishment",
      "lodging",
      "point_of_interest"
    ],
    "lat": 37.8074145,
    "lng": -122.4134809,
    "cribsLikely": true,
    "place_id": "ChIJ6y4RoXeBhYARW30Z8w2RSxc",
    "address": "2500 Mason St, San Francisco, CA 94133, USA",
    "website": "https://www.riu.com/en/hotel/united-states/san-francisco/hotel-riu-plaza-fishermans-wharf?utm_source=google&utm_medium=organic&utm_campaign=my_business&utm_content=ZFW",
    "phone": "+1 415-362-5500",
    "google_url": "https://maps.google.com/?cid=1678594775224778075"
  },
  {
    "city": "USA",
    "country": "United States",
    "name": "Hollywood Inn Suites Hotel",
    "rating": 3.7,
    "user_ratings_total": 987,
    "price_level": null,
    "types": [
      "establishment",
      "lodging",
      "point_of_interest"
    ],
    "lat": 33.91614550000001,
    "lng": -118.2930949,
    "cribsLikely": true,
    "place_id": "ChIJy-K6EgzKwoARyYPwFE3-Ihw",
    "address": "1030 W El Segundo Blvd, Gardena, CA 90247, USA",
    "website": "https://www.hollywoodsuiteshotel.com/",
    "phone": "+1 424-266-9450",
    "google_url": "https://maps.google.com/?cid=2027462389287388105"
  },
  {
    "city": "USA",
    "country": "United States",
    "name": "Hotel Dello Fort Lauderdale Airport, Tapestry Collection by Hilton",
    "rating": 4.1,
    "user_ratings_total": 1779,
    "price_level": null,
    "types": [
      "establishment",
      "lodging",
      "point_of_interest"
    ],
    "lat": 26.0513269,
    "lng": -80.14406919999999,
    "cribsLikely": true,
    "place_id": "ChIJ0ylBsFiq2YgRr_OR6YWQvSA",
    "address": "28 S Federal Hwy, Dania Beach, FL 33004, USA",
    "website": "https://www.hilton.com/en/hotels/fllipup-hotel-dello-fort-lauderdale-airport/?SEO_id=GMB-AMER-UP-FLLIPUP&y_source=1_MjA3NTU4NDAtNzE1LWxvY2F0aW9uLndlYnNpdGU%3D",
    "phone": "+1 954-773-7174",
    "google_url": "https://maps.google.com/?cid=2359200684635714479"
  }
]