[
  {
    "city": "Valencia, Spain",
    "country": "Spain",
    "name": "Sercotel Sorolla Palace",
    "rating": 4.3,
    "user_ratings_total": 5780,
    "price_level": null,
    "types": [
      "establishment",
      "lodging",
      "point_of_interest"
    ],
    "lat": 39.4957313,
    "lng": -0.4011246,
    "cribsLikely": true,
    "place_id": "ChIJEd6bw49FYA0R2AUWP1rK83c",
    "address": "Av. de les Corts Valencianes, 58, Pobles de l'Oest, 46015 València, Valencia, Spain",
    "website": "https://www.sercotelhoteles.com/es/hotel-sorolla-palace?utm_source=google&utm_medium=referral&utm_campaign=metasearch-links",
    "phone": "+34 961 86 87 00",
    "google_url": "https://maps.google.com/?cid=8643474598808389080"
  },
  {
    "city": "Valencia, Spain",
    "country": "Spain",
    "name": "Hotel NH Valencia Center",
    "rating": 4.2,
    "user_ratings_total": 3260,
    "price_level": null,
    "types": [
      "establishment",
      "lodging",
      "point_of_interest"
    ],
    "lat": 39.481173,
    "lng": -0.387418,
    "cribsLikely": true,
    "place_id": "ChIJX8HD1VtPYA0R7u_7uA6UDnY",
    "address": "C/ de Ricardo Micó, 1, Campanar, 46009 València, Valencia, Spain",
    "website": "https://www.nh-hotels.com/en/hotel/nh-valencia-center?utm_campaign=local-gmb&utm_medium=organic_search&utm_source=google_gmb",
    "phone": "+34 963 47 50 00",
    "google_url": "https://maps.google.com/?cid=8506899537103417326"
  },
  {
    "city": "Valencia, Spain",
    "country": "Spain",
    "name": "Meliá Valencia",
    "rating": 4.5,
    "user_ratings_total": 5294,
    "price_level": null,
    "types": [
      "establishment",
      "lodging",
      "point_of_interest"
    ],
    "lat": 39.49465,
    "lng": -0.401122,
    "cribsLikely": true,
    "place_id": "ChIJd8xAvY9FYA0RWDij8JQcX0I",
    "address": "Av. de les Corts Valencianes, 52, Benicalap, 46015 València, Valencia, Spain",
    "website": "https://www.melia.com/en/hotels/spain/valencia/melia-valencia?utm_campaign=google&utm_content=4615&utm_medium=organic&utm_source=directories",
    "phone": "+34 963 03 00 00",
    "google_url": "https://maps.google.com/?cid=4782572755308722264"
  },
  {
    "city": "Valencia, Spain",
    "country": "Spain",
    "name": "Senator Parque Central Hotel",
    "rating": 4,
    "user_ratings_total": 4057,
    "price_level": null,
    "types": [
      "establishment",
      "lodging",
      "point_of_interest"
    ],
    "lat": 39.4576104,
    "lng": -0.375463,
    "cribsLikely": true,
    "place_id": "ChIJCYI2JjNPYA0RPTUl5-LQiEo",
    "address": "Pl. Manuel Sanchís Guarner, 1, L'Eixample, 46006 València, Valencia, Spain",
    "website": "https://www.senatorhr.com/senator-parque-central-hotel/",
    "phone": "+34 963 95 80 80",
    "google_url": "https://maps.google.com/?cid=5370772228598478141"
  },
  {
    "city": "Valencia, Spain",
    "country": "Spain",
    "name": "ibis budget Valencia Centro Puerto",
    "rating": 4.4,
    "user_ratings_total": 928,
    "price_level": null,
    "types": [
      "establishment",
      "lodging",
      "point_of_interest"
    ],
    "lat": 39.4590051,
    "lng": -0.3363121,
    "cribsLikely": true,
    "place_id": "ChIJUbcra2JJYA0Ryb6zbRYgs-U",
    "address": "29 Juan Verdeguer St, Poblados Marítimos, 46024 València, Valencia, Spain",
    "website": "https://all.accor.com/lien_externe.svlt?goto=fiche_hotel&code_hotel=B4B2&merchantid=seo-maps-Spain-B4B2&sourceid=aw-cen&utm_medium=seo%20maps&utm_source=google%20Maps&utm_campaign=seo%20maps",
    "phone": "+34 960 04 69 58",
    "google_url": "https://maps.google.com/?cid=16551608336218570441"
  },
  {
    "city": "Valencia, Spain",
    "country": "Spain",
    "name": "Blanq Marina Suites",
    "rating": 4.6,
    "user_ratings_total": 213,
    "price_level": null,
    "types": [
      "establishment",
      "lodging",
      "point_of_interest"
    ],
    "lat": 39.46344759999999,
    "lng": -0.3389826,
    "cribsLikely": true,
    "place_id": "ChIJdWA1nTJJYA0R6mHZGr2813s",
    "address": "C/ de la Fusta, 13, Camins al Grau, 46022 València, Valencia, Spain",
    "website": "http://www.blanqhotels.com/",
    "phone": "+34 669 04 10 29",
    "google_url": "https://maps.google.com/?cid=8923808707043221994"
  },
  {
    "city": "Valencia, Spain",
    "country": "Spain",
    "name": "Olympia Hotel, Events & Spa",
    "rating": 4,
    "user_ratings_total": 5089,
    "price_level": null,
    "types": [
      "establishment",
      "food",
      "lodging",
      "parking",
      "point_of_interest",
      "restaurant",
      "spa"
    ],
    "lat": 39.4955788,
    "lng": -0.353131,
    "cribsLikely": true,
    "place_id": "ChIJr93TOyNGYA0RzZNIJD6JAFA",
    "address": "Carrer Mestre Serrano, 5, 46120 Alboraia, Valencia, Spain",
    "website": "https://www.olympiahotelvalencia.com/",
    "phone": "+34 963 03 33 92",
    "google_url": "https://maps.google.com/?cid=5764758423023948749"
  },
  {
    "city": "Valencia, Spain",
    "country": "Spain",
    "name": "Hotel Eurostars Gran Valencia",
    "rating": 4.2,
    "user_ratings_total": 2394,
    "price_level": null,
    "types": [
      "establishment",
      "lodging",
      "point_of_interest"
    ],
    "lat": 39.4915713,
    "lng": -0.398184,
    "cribsLikely": true,
    "place_id": "ChIJg-AVXI5FYA0RRgRb-IsmaGs",
    "address": "Carrer de la Vall d'Aiora, 3, Benicalap, 46015 València, Valencia, Spain",
    "website": "http://www.eurostarshotels.com/eurostars-gran-valencia.html?referer_code=lb0gg00yx&utm_source=google&utm_medium=business&utm_campaign=lb0gg00yx",
    "phone": "+34 963 05 08 00",
    "google_url": "https://maps.google.com/?cid=7739478342245221446"
  },
  {
    "city": "Valencia, Spain",
    "country": "Spain",
    "name": "Venecia Plaza Centro",
    "rating": 4.5,
    "user_ratings_total": 2360,
    "price_level": null,
    "types": [
      "establishment",
      "lodging",
      "point_of_interest"
    ],
    "lat": 39.4709083,
    "lng": -0.3770525,
    "cribsLikely": true,
    "place_id": "ChIJUdONhkxPYA0R3oEWRytDlak",
    "address": "Pl. de l'Ajuntament, 3, Ciutat Vella, 46002 València, Valencia, Spain",
    "website": "http://www.hotelvenecia.com/",
    "phone": "+34 963 52 42 67",
    "google_url": "https://maps.google.com/?cid=12219747017095021022"
  },
  {
    "city": "Valencia, Spain",
    "country": "Spain",
    "name": "Hotel NH Collection Valencia Colón",
    "rating": 4.7,
    "user_ratings_total": 1137,
    "price_level": null,
    "types": [
      "establishment",
      "lodging",
      "point_of_interest"
    ],
    "lat": 39.4684428,
    "lng": -0.3725369,
    "cribsLikely": true,
    "place_id": "ChIJdZQNWLRIYA0R_KHzMUQ2_DM",
    "address": "Carrer de Colón, 32, L'Eixample, 46004 València, Valencia, Spain",
    "website": "https://www.nh-hotels.com/en/hotel/nh-collection-valencia-colon?utm_campaign=local-gmb&utm_medium=organic_search&utm_source=google_gmb",
    "phone": "+34 963 52 89 00",
    "google_url": "https://maps.google.com/?cid=3745928656589136380"
  },
  {
    "city": "Valencia, Spain",
    "country": "Spain",
    "name": "Hotel Vincci Mercat",
    "rating": 4.5,
    "user_ratings_total": 1233,
    "price_level": null,
    "types": [
      "establishment",
      "lodging",
      "point_of_interest"
    ],
    "lat": 39.47204290000001,
    "lng": -0.3790037,
    "cribsLikely": true,
    "place_id": "ChIJY3tOJUxPYA0RLKWqHumgbH8",
    "address": "C/ de la Llanterna, 31, Ciutat Vella, 46001 València, Valencia, Spain",
    "website": "https://www.vinccimercat.com/?utm_source=google&utm_medium=organic&utm_campaign=GoogleMyBusiness&partner=8221",
    "phone": "+34 961 01 42 60",
    "google_url": "https://maps.google.com/?cid=9181890663403922732"
  },
  {
    "city": "Valencia, Spain",
    "country": "Spain",
    "name": "Hotel Puerta Serranos",
    "rating": 4.7,
    "user_ratings_total": 472,
    "price_level": null,
    "types": [
      "establishment",
      "lodging",
      "point_of_interest"
    ],
    "lat": 39.4794201,
    "lng": -0.3767065,
    "cribsLikely": true,
    "place_id": "ChIJHzKOElNPYA0ReDvKYHCzbeI",
    "address": "C. de la Blanqueria, 4, Ciutat Vella, 46003 València, Valencia, Spain",
    "website": "https://myrhotels.com/hoteles/hotel-puerta-serranos/",
    "phone": "+34 960 66 13 33",
    "google_url": "https://maps.google.com/?cid=16315894320274750328"
  }
]