[
  {
    "city": "Vancouver, Canada",
    "country": "Canada",
    "name": "HI Vancouver Downtown",
    "rating": 4,
    "user_ratings_total": 783,
    "price_level": null,
    "types": [
      "establishment",
      "lodging",
      "point_of_interest"
    ],
    "lat": 49.2797782,
    "lng": -123.1328658,
    "cribsLikely": true,
    "place_id": "ChIJFXI4sixyhlQR3cd3J0_bWVg",
    "address": "1114 Burnaby St, Vancouver, BC V6E 1P1, Canada",
    "website": "http://www.hihostels.ca/vancouverdowntown",
    "phone": "+1 604-684-4565",
    "google_url": "https://maps.google.com/?cid=6366360681275967453"
  },
  {
    "city": "Vancouver, Canada",
    "country": "Canada",
    "name": "Coast Metro Vancouver Hotel",
    "rating": 4.5,
    "user_ratings_total": 138,
    "price_level": null,
    "types": [
      "establishment",
      "lodging",
      "point_of_interest"
    ],
    "lat": 49.2578164,
    "lng": -123.0232317,
    "cribsLikely": true,
    "place_id": "ChIJRbkp5tF3hlQRK8COw80fOfQ",
    "address": "2950 Boundary Rd, Burnaby, BC V5M 3Z9, Canada",
    "website": "https://www.coasthotels.com/coast-metro-vancouver-hotel",
    "phone": "+1 604-438-3451",
    "google_url": "https://maps.google.com/?cid=17598131987536592939"
  },
  {
    "city": "Vancouver, Canada",
    "country": "Canada",
    "name": "HI Vancouver Jericho Beach",
    "rating": 3.9,
    "user_ratings_total": 618,
    "price_level": null,
    "types": [
      "establishment",
      "lodging",
      "point_of_interest"
    ],
    "lat": 49.2729726,
    "lng": -123.2032516,
    "cribsLikely": true,
    "place_id": "ChIJV0pZmvZyhlQRlTnQvfppXSk",
    "address": "1515 Discovery St, Vancouver, BC V6R 4K5, Canada",
    "website": "http://www.hihostels.ca/vancouverjericho",
    "phone": "+1 604-224-3208",
    "google_url": "https://maps.google.com/?cid=2980655054036416917"
  },
  {
    "city": "Vancouver, Canada",
    "country": "Canada",
    "name": "Blue Horizon Hotel",
    "rating": 4.5,
    "user_ratings_total": 2161,
    "price_level": null,
    "types": [
      "establishment",
      "lodging",
      "point_of_interest"
    ],
    "lat": 49.2864347,
    "lng": -123.1274033,
    "cribsLikely": true,
    "place_id": "ChIJPQaRyYBxhlQRulZPPcLufQI",
    "address": "1225 Robson St, Vancouver, BC V6E 1C3, Canada",
    "website": "https://bluehorizonhotel.com/",
    "phone": "+1 604-688-1411",
    "google_url": "https://maps.google.com/?cid=179562078184363706"
  },
  {
    "city": "Vancouver, Canada",
    "country": "Canada",
    "name": "The Cambie Hostel - Gastown",
    "rating": 3.7,
    "user_ratings_total": 1514,
    "price_level": null,
    "types": [
      "establishment",
      "lodging",
      "point_of_interest"
    ],
    "lat": 49.2831306,
    "lng": -123.1091,
    "cribsLikely": true,
    "place_id": "ChIJsyJxuXlxhlQR3xAtfZ8vGmk",
    "address": "310 Cambie St., Vancouver, BC V6B 2N3, Canada",
    "website": "http://cambiehostels.com/",
    "phone": "+1 604-684-6466",
    "google_url": "https://maps.google.com/?cid=7573418085423321311"
  },
  {
    "city": "Vancouver, Canada",
    "country": "Canada",
    "name": "Samesun Vancouver",
    "rating": 4.2,
    "user_ratings_total": 1705,
    "price_level": null,
    "types": [
      "establishment",
      "lodging",
      "point_of_interest"
    ],
    "lat": 49.2789609,
    "lng": -123.1232568,
    "cribsLikely": true,
    "place_id": "ChIJX78Do9VzhlQRH6oKpTwbncE",
    "address": "1018 Granville St, Vancouver, BC V6Z 1L5, Canada",
    "website": "http://samesun.com/",
    "phone": "+1 604-682-8226",
    "google_url": "https://maps.google.com/?cid=13951337167944591903"
  },
  {
    "city": "Vancouver, Canada",
    "country": "Canada",
    "name": "English Bay Hotel",
    "rating": 3.6,
    "user_ratings_total": 598,
    "price_level": null,
    "types": [
      "establishment",
      "lodging",
      "point_of_interest"
    ],
    "lat": 49.2878045,
    "lng": -123.1407778,
    "cribsLikely": true,
    "place_id": "ChIJh1tUryhyhlQRNswVU9vyVmI",
    "address": "1150 Denman St, Vancouver, BC V6G 2M9, Canada",
    "website": "http://englishbayhotel.com/bluehost-ebh/index.html",
    "phone": "+1 604-685-2231",
    "google_url": "https://maps.google.com/?cid=7086118087519751222"
  },
  {
    "city": "Vancouver, Canada",
    "country": "Canada",
    "name": "Hotel At The Waldorf",
    "rating": 3.6,
    "user_ratings_total": 784,
    "price_level": null,
    "types": [
      "establishment",
      "lodging",
      "point_of_interest"
    ],
    "lat": 49.281518,
    "lng": -123.0743132,
    "cribsLikely": true,
    "place_id": "ChIJ95DN-xNxhlQR21xuSwBAoZg",
    "address": "1489 E Hastings St, Vancouver, BC V5L 5B6, Canada",
    "website": "http://www.hotelatthewaldorf.ca/",
    "phone": "+1 604-253-7141",
    "google_url": "https://maps.google.com/?cid=10998142135025163483"
  },
  {
    "city": "Vancouver, Canada",
    "country": "Canada",
    "name": "St Clair Hostel Vancouver",
    "rating": 3.5,
    "user_ratings_total": 422,
    "price_level": null,
    "types": [
      "establishment",
      "lodging",
      "point_of_interest"
    ],
    "lat": 49.2826597,
    "lng": -123.1142066,
    "cribsLikely": true,
    "place_id": "ChIJn54q2HhxhlQRg1AMN8IXgYM",
    "address": "577 Richards St, Vancouver, BC V6B 2Z5, Canada",
    "website": "http://www.stclairvancouver.com/",
    "phone": "+1 604-684-3713",
    "google_url": "https://maps.google.com/?cid=9475881213878882435"
  },
  {
    "city": "Vancouver, Canada",
    "country": "Canada",
    "name": "Grand Park Hotel Vancouver Airport, Ascend Hotel Collection",
    "rating": 3.7,
    "user_ratings_total": 1304,
    "price_level": null,
    "types": [
      "establishment",
      "lodging",
      "point_of_interest"
    ],
    "lat": 49.1777007,
    "lng": -123.1311923,
    "cribsLikely": true,
    "place_id": "ChIJ08UixS91hlQR9oBsdbq2xy0",
    "address": "8368 Alexandra Rd, Richmond, BC V6X 4A6, Canada",
    "website": "https://grandparkhotelvancouverairport.com/",
    "phone": "+1 604-214-0888",
    "google_url": "https://maps.google.com/?cid=3298806164022395126"
  },
  {
    "city": "Vancouver, Canada",
    "country": "Canada",
    "name": "Holiday Inn & Suites Vancouver Downtown, an IHG Hotel",
    "rating": 4,
    "user_ratings_total": 2069,
    "price_level": null,
    "types": [
      "establishment",
      "lodging",
      "point_of_interest"
    ],
    "lat": 49.2784237,
    "lng": -123.1256676,
    "cribsLikely": true,
    "place_id": "ChIJ__8_8bxyhlQRVH3zpjd2VI0",
    "address": "1110 Howe St, Vancouver, BC V6Z 1R2, Canada",
    "website": "https://www.ihg.com/holidayinn/hotels/us/en/vancouver/yvrdt/hoteldetail?cm_mmc=GoogleMaps-_-HI-_-CA-_-YVRDT",
    "phone": "+1 604-684-2151",
    "google_url": "https://maps.google.com/?cid=10183894638787788116"
  },
  {
    "city": "Vancouver, Canada",
    "country": "Canada",
    "name": "Executive Suites Hotel and Conference Centre Metro Vancouver",
    "rating": 3.7,
    "user_ratings_total": 1412,
    "price_level": null,
    "types": [
      "bar",
      "cafe",
      "establishment",
      "food",
      "lodging",
      "point_of_interest",
      "restaurant",
      "store"
    ],
    "lat": 49.2675628,
    "lng": -123.0107421,
    "cribsLikely": true,
    "place_id": "ChIJMynigS53hlQR6A4nVHmYIsE",
    "address": "4201 Lougheed Hwy., Burnaby, BC V5C 3Y6, Canada",
    "website": "http://www.executivehotelburnaby.com/",
    "phone": "+1 604-298-2010",
    "google_url": "https://maps.google.com/?cid=13916853445398564584"
  }
]