[
  {
    "city": "Venice, Italy",
    "country": "Italy",
    "name": "Hotel San Cassiano Cà Favretto",
    "rating": 4.5,
    "user_ratings_total": 792,
    "price_level": null,
    "types": [
      "establishment",
      "lodging",
      "point_of_interest"
    ],
    "lat": 45.4406881,
    "lng": 12.3324464,
    "cribsLikely": true,
    "place_id": "ChIJjVxpWMOxfkcRAPpz1erO8M4",
    "address": "Santa Croce, 2232, 30135 Venezia VE, Italy",
    "website": "https://www.sancassiano.it/",
    "phone": "+39 041 524 1768",
    "google_url": "https://maps.google.com/?cid=14911645874222529024"
  },
  {
    "city": "Venice, Italy",
    "country": "Italy",
    "name": "The Plaza Hotel",
    "rating": 4.1,
    "user_ratings_total": 3487,
    "price_level": null,
    "types": [
      "establishment",
      "lodging",
      "point_of_interest"
    ],
    "lat": 45.4827086,
    "lng": 12.2327363,
    "cribsLikely": true,
    "place_id": "ChIJeXWZjyS0fkcRKHXcVZrJTGA",
    "address": "Viale Stazione, 36, 30171 Venezia VE, Italy",
    "website": "https://www.hotelplazavenice.com/?utm_source=google&utm_medium=organic&utm_campaign=GoogleMyBusiness",
    "phone": "+39 041 929388",
    "google_url": "https://maps.google.com/?cid=6939142790573749544"
  },
  {
    "city": "Venice, Italy",
    "country": "Italy",
    "name": "Novotel Venezia Mestre Castellana",
    "rating": 4.2,
    "user_ratings_total": 4356,
    "price_level": null,
    "types": [
      "establishment",
      "food",
      "lodging",
      "point_of_interest",
      "restaurant"
    ],
    "lat": 45.5032455,
    "lng": 12.2342966,
    "cribsLikely": true,
    "place_id": "ChIJFVR-IVC0fkcRzMKtmJ5q3PU",
    "address": "Via Alfredo Ceccherini, 21, 30174 Venezia VE, Italy",
    "website": "https://all.accor.com/lien_externe.svlt?goto=fiche_hotel&code_hotel=3307&merchantid=seo-maps-IT-3307&sourceid=aw-cen&utm_medium=seo%20maps&utm_source=google%20Maps&utm_campaign=seo%20maps",
    "phone": "+39 041 506 6511",
    "google_url": "https://maps.google.com/?cid=17716152263567590092"
  },
  {
    "city": "Venice, Italy",
    "country": "Italy",
    "name": "Hotel Rivamare",
    "rating": 4.1,
    "user_ratings_total": 236,
    "price_level": null,
    "types": [
      "establishment",
      "lodging",
      "point_of_interest"
    ],
    "lat": 45.4026979,
    "lng": 12.3647124,
    "cribsLikely": true,
    "place_id": "ChIJgbBs5ZevfkcR86zNYy_Z89M",
    "address": "Lungomare Guglielmo Marconi, 44, 30126 Venezia VE, Italy",
    "website": "http://www.hotelrivamare.com/?utm_source=google&utm_medium=organic&utm_campaign=GoogleMyBusiness",
    "phone": "+39 041 526 0352",
    "google_url": "https://maps.google.com/?cid=15272789558904597747"
  },
  {
    "city": "Venice, Italy",
    "country": "Italy",
    "name": "Villa Crispi",
    "rating": 3.7,
    "user_ratings_total": 365,
    "price_level": null,
    "types": [
      "establishment",
      "lodging",
      "point_of_interest"
    ],
    "lat": 45.4944864,
    "lng": 12.2493686,
    "cribsLikely": true,
    "place_id": "ChIJAUMId2u0fkcRGVXKJkK007I",
    "address": "Via Francesco Crispi, 20, 30170 Venezia VE, Italy",
    "website": "https://villacrispi_veneziamestre.worhot.com/",
    "phone": "+39 041 534 9236",
    "google_url": "https://maps.google.com/?cid=12885841155048756505"
  },
  {
    "city": "Venice, Italy",
    "country": "Italy",
    "name": "Ca Dalisera B&B Venezia",
    "rating": 4.3,
    "user_ratings_total": 143,
    "price_level": null,
    "types": [
      "establishment",
      "lodging",
      "point_of_interest"
    ],
    "lat": 45.4328489,
    "lng": 12.3364665,
    "cribsLikely": true,
    "place_id": "ChIJL6zIXdexfkcR4vEuA_QyCZw",
    "address": "Calle del Ridotto, 1386, 30124 Venezia VE, Italy",
    "website": "http://www.cadalisera.it/",
    "phone": "+39 334 124 1602",
    "google_url": "https://maps.google.com/?cid=11243573968313971170"
  },
  {
    "city": "Venice, Italy",
    "country": "Italy",
    "name": "Hotel Villa Stucky",
    "rating": 4.4,
    "user_ratings_total": 645,
    "price_level": null,
    "types": [
      "establishment",
      "lodging",
      "point_of_interest"
    ],
    "lat": 45.5616667,
    "lng": 12.2391667,
    "cribsLikely": true,
    "place_id": "ChIJfzbJsdpKeUcRD9B5C4_30WY",
    "address": "Via Don G. Bosco, 47, 31021 Mogliano Veneto TV, Italy",
    "website": "http://www.villastucky.it/",
    "phone": "+39 041 590 4528",
    "google_url": "https://maps.google.com/?cid=7408975055746093071"
  },
  {
    "city": "Venice, Italy",
    "country": "Italy",
    "name": "Anda Venice Hostel",
    "rating": 4.5,
    "user_ratings_total": 3258,
    "price_level": null,
    "types": [
      "establishment",
      "lodging",
      "point_of_interest"
    ],
    "lat": 45.4834478,
    "lng": 12.2332601,
    "cribsLikely": true,
    "place_id": "ChIJj1E5oiS0fkcRDR3hal7OOUg",
    "address": "Via Ortigara, 10, 30171 Venezia VE, Italy",
    "website": "https://www.andavenice.com/?utm_source=google&utm_medium=organic&utm_campaign=GoogleMyBusiness",
    "phone": "+39 041 862 2291",
    "google_url": "https://maps.google.com/?cid=5204417749318704397"
  },
  {
    "city": "Venice, Italy",
    "country": "Italy",
    "name": "Hotel Villa delle Palme",
    "rating": 4.7,
    "user_ratings_total": 210,
    "price_level": null,
    "types": [
      "establishment",
      "lodging",
      "point_of_interest"
    ],
    "lat": 45.41507559999999,
    "lng": 12.3683675,
    "cribsLikely": true,
    "place_id": "ChIJM39ssbGvfkcRsNoQNo7WYuk",
    "address": "Via Enrico Dandolo, 12 Lido, 30126 Venezia VE, Italy",
    "website": "http://www.hotelvilladellepalme.com/",
    "phone": "+39 041 242 0236",
    "google_url": "https://maps.google.com/?cid=16817239864835627696"
  },
  {
    "city": "Venice, Italy",
    "country": "Italy",
    "name": "Hotel Venezia",
    "rating": 4.1,
    "user_ratings_total": 2133,
    "price_level": null,
    "types": [
      "establishment",
      "lodging",
      "point_of_interest"
    ],
    "lat": 45.4922593,
    "lng": 12.2429312,
    "cribsLikely": true,
    "place_id": "ChIJDapN6D-0fkcRUGmvShDMyFM",
    "address": "⛉, P.za XXVII Ottobre, 91, 30172 Venezia VE, Italy",
    "website": "http://www.hotel-venezia.com/",
    "phone": "+39 041 985533",
    "google_url": "https://maps.google.com/?cid=6037299670834702672"
  },
  {
    "city": "Venice, Italy",
    "country": "Italy",
    "name": "Palazzo Ti-tti Rialto Suites",
    "rating": 4.7,
    "user_ratings_total": 31,
    "price_level": null,
    "types": [
      "establishment",
      "lodging",
      "point_of_interest"
    ],
    "lat": 45.4388212,
    "lng": 12.3328549,
    "cribsLikely": true,
    "place_id": "ChIJT6ryBgCxfkcRD8LzIE0W9VU",
    "address": "Campiello dei Sansoni, 895, 30125 Venezia VE, Italy",
    "website": null,
    "phone": null,
    "google_url": "https://maps.google.com/?cid=6193881383039123983"
  },
  {
    "city": "Venice, Italy",
    "country": "Italy",
    "name": "Corte Barozzi Venice Suites",
    "rating": 4.7,
    "user_ratings_total": 150,
    "price_level": null,
    "types": [
      "establishment",
      "lodging",
      "point_of_interest"
    ],
    "lat": 45.43249970000001,
    "lng": 12.335639,
    "cribsLikely": true,
    "place_id": "ChIJF4hx1NaxfkcR3UxdMarheGg",
    "address": "Corte Barozzi, 2155, 30124 Venezia VE, Italy",
    "website": "https://www.cortebarozzi.it/?utm_source=gbp&utm_medium=organic",
    "phone": "+39 041 458 3769",
    "google_url": "https://maps.google.com/?cid=7528014898238672093"
  }
]