[
  {
    "city": "Vienna, Austria",
    "country": "Austria",
    "name": "St Christopher's Inn Vienna",
    "rating": 4.3,
    "user_ratings_total": 964,
    "price_level": null,
    "types": [
      "establishment",
      "lodging",
      "point_of_interest"
    ],
    "lat": 48.1801318,
    "lng": 16.3745337,
    "cribsLikely": true,
    "place_id": "ChIJf64seDSpbUcRup4KRZmBFFI",
    "address": "Columbusgasse 16, 1100 Wien, Austria",
    "website": "https://www.st-christophers.co.uk/vienna/vienna-hostel/",
    "phone": "+43 1 8901977",
    "google_url": "https://maps.google.com/?cid=5914494705932607162"
  },
  {
    "city": "Vienna, Austria",
    "country": "Austria",
    "name": "Austria Trend Parkhotel Schönbrunn",
    "rating": 4.5,
    "user_ratings_total": 3865,
    "price_level": null,
    "types": [
      "establishment",
      "lodging",
      "point_of_interest"
    ],
    "lat": 48.1870706,
    "lng": 16.301943,
    "cribsLikely": true,
    "place_id": "ChIJGw8HduSnbUcRmwCcakkaf1Y",
    "address": "Hietzinger Hauptstraße 10, 1130 Wien, Austria",
    "website": "https://www.austria-trend.at/de/hotels/parkhotel-schoenbrunn",
    "phone": "+43 1 87804",
    "google_url": "https://maps.google.com/?cid=6232729311927599259"
  },
  {
    "city": "Vienna, Austria",
    "country": "Austria",
    "name": "PLAZA Premium Wien",
    "rating": 3.8,
    "user_ratings_total": 156,
    "price_level": null,
    "types": [
      "establishment",
      "lodging",
      "point_of_interest"
    ],
    "lat": 48.1668611,
    "lng": 16.3451324,
    "cribsLikely": true,
    "place_id": "ChIJQRvelE6obUcR4ZH3qSgHlMc",
    "address": "Hertha-Firnberg-Straße 5, 1100 Wien, Austria",
    "website": "https://plazahotels.de/hotel-wienerberg/",
    "phone": "+43 1 605300",
    "google_url": "https://maps.google.com/?cid=14381127381332496865"
  },
  {
    "city": "Vienna, Austria",
    "country": "Austria",
    "name": "magdas HOTEL Vienna City",
    "rating": 4.7,
    "user_ratings_total": 422,
    "price_level": null,
    "types": [
      "establishment",
      "lodging",
      "point_of_interest"
    ],
    "lat": 48.20065049999999,
    "lng": 16.387249,
    "cribsLikely": true,
    "place_id": "ChIJc7I3zHEHbUcRhJa-xBl_omo",
    "address": "Ungargasse 38, 1030 Wien, Austria",
    "website": "https://www.magdas-hotel.at/",
    "phone": "+43 1 7200288",
    "google_url": "https://maps.google.com/?cid=7683843662899222148"
  },
  {
    "city": "Vienna, Austria",
    "country": "Austria",
    "name": "Hotel Viktoria Vienna",
    "rating": 4,
    "user_ratings_total": 33,
    "price_level": null,
    "types": [
      "establishment",
      "lodging",
      "point_of_interest"
    ],
    "lat": 48.19045329999999,
    "lng": 16.3364511,
    "cribsLikely": true,
    "place_id": "ChIJBfTruh6pbUcRumbu6sXZZ1E",
    "address": "Herklotzgasse 6, 1150 Wien, Austria",
    "website": null,
    "phone": "+43 660 1298011",
    "google_url": "https://maps.google.com/?cid=5865896483746637498"
  },
  {
    "city": "Vienna, Austria",
    "country": "Austria",
    "name": "MEININGER Hotel Wien Downtown Franz",
    "rating": 4,
    "user_ratings_total": 4793,
    "price_level": null,
    "types": [
      "establishment",
      "lodging",
      "point_of_interest"
    ],
    "lat": 48.2220046,
    "lng": 16.3718328,
    "cribsLikely": true,
    "place_id": "ChIJPw35IbAHbUcR9PKQ9JCDf1U",
    "address": "Rembrandtstraße 21, 1020 Wien, Austria",
    "website": "https://www.meininger-hotels.com/en/hotels/vienna/hotel-vienna-downtown-franz/?utm_source=gmb&utm_medium=referral&utm_campaign=VIE-RS&utm_content=website",
    "phone": null,
    "google_url": "https://maps.google.com/?cid=6160787473867797236"
  },
  {
    "city": "Vienna, Austria",
    "country": "Austria",
    "name": "smartments Wien Hauptbahnhof",
    "rating": 3.9,
    "user_ratings_total": 367,
    "price_level": null,
    "types": [
      "establishment",
      "lodging",
      "point_of_interest"
    ],
    "lat": 48.1834113,
    "lng": 16.3773359,
    "cribsLikely": true,
    "place_id": "ChIJI_amutCpbUcRDYqeQfilhW4",
    "address": "Gertrude-Fröhlich-Sandner-Straße 15, 1100 Wien, Austria",
    "website": "https://www.smartments.com/de/serviced-apartments-wien/hauptbahnhof?utm_source=google&utm_medium=local&utm_campaign=google-business",
    "phone": "+43 1 89080850",
    "google_url": "https://maps.google.com/?cid=7963954001745971725"
  },
  {
    "city": "Vienna, Austria",
    "country": "Austria",
    "name": "Flemings Hotel Wien-Stadthalle",
    "rating": 4.3,
    "user_ratings_total": 2353,
    "price_level": null,
    "types": [
      "establishment",
      "food",
      "lodging",
      "point_of_interest",
      "restaurant"
    ],
    "lat": 48.19952019999999,
    "lng": 16.3388325,
    "cribsLikely": true,
    "place_id": "ChIJfx32C_QHbUcRw-mgYyIHkRA",
    "address": "Neubaugürtel 26-28, 1070 Wien, Austria",
    "website": "https://www.flemings-hotels.com/wien-conference-hotel",
    "phone": "+43 1 227370",
    "google_url": "https://maps.google.com/?cid=1193743220511664579"
  },
  {
    "city": "Vienna, Austria",
    "country": "Austria",
    "name": "B&B Hotel Wien-Hbf",
    "rating": 4.5,
    "user_ratings_total": 2327,
    "price_level": null,
    "types": [
      "establishment",
      "lodging",
      "point_of_interest"
    ],
    "lat": 48.18177379999999,
    "lng": 16.3839828,
    "cribsLikely": true,
    "place_id": "ChIJXbCc-typbUcRC5aSInX8eKg",
    "address": "Bloch-Bauer-Promenade 5, 1100 Wien, Austria",
    "website": "https://www.hotel-bb.com/de/hotel/wien-hbf?utm_source=gmb&utm_medium=referral&utm_content=wien&utm_campaign=yext",
    "phone": "+43 1 89048640",
    "google_url": "https://maps.google.com/?cid=12139730375598577163"
  },
  {
    "city": "Vienna, Austria",
    "country": "Austria",
    "name": "Westbahn Hotel Wien",
    "rating": 4,
    "user_ratings_total": 1108,
    "price_level": null,
    "types": [
      "establishment",
      "lodging",
      "point_of_interest"
    ],
    "lat": 48.1979344,
    "lng": 16.336465,
    "cribsLikely": true,
    "place_id": "ChIJpZwHgvYHbUcRS5BsFKlSzIQ",
    "address": "Pelzgasse 1, 1150 Wien, Austria",
    "website": "http://www.hotel-westbahn.at/",
    "phone": "+43 1 9821480",
    "google_url": "https://maps.google.com/?cid=9569114194401071179"
  },
  {
    "city": "Vienna, Austria",
    "country": "Austria",
    "name": "Citadines South Vienna",
    "rating": 4.3,
    "user_ratings_total": 134,
    "price_level": null,
    "types": [
      "city_hall",
      "establishment",
      "local_government_office",
      "lodging",
      "point_of_interest"
    ],
    "lat": 48.1754295,
    "lng": 16.355425,
    "cribsLikely": true,
    "place_id": "ChIJ_2YV0t2pbUcR9M5Z0lTPiRk",
    "address": "Triester Str. 27, 1100 Wien, Austria",
    "website": "https://www.discoverasr.com/citadines/austria/citadines-south-vienna?utm_source=google&utm_medium=maps&utm_campaign=hq-google-maps-alwayson-20240531-all-all-eu-at-citadinessouthvienna-yext-gbp",
    "phone": "+43 1 2358888",
    "google_url": "https://maps.google.com/?cid=1840229885970861812"
  },
  {
    "city": "Vienna, Austria",
    "country": "Austria",
    "name": "lyf Schoenbrunn Vienna",
    "rating": 4.3,
    "user_ratings_total": 230,
    "price_level": null,
    "types": [
      "establishment",
      "lodging",
      "point_of_interest"
    ],
    "lat": 48.1678598,
    "lng": 16.3189863,
    "cribsLikely": true,
    "place_id": "ChIJW47D3zupbUcRqAmq974q5GU",
    "address": "Breitenfurter Str. 12, 1120 Wien, Austria",
    "website": "https://www.discoverasr.com/lyf/austria/lyf-schonbrunn-vienna?utm_source=bing&utm_medium=maps&utm_campaign=hq-bing-maps-alwayson-20240531-all-all-eu-at-lyfschoenbrunnvienna-yext-gbp",
    "phone": "+43 1 9346388",
    "google_url": "https://maps.google.com/?cid=7342040292208019880"
  }
]