[
  {
    "city": "Vilnius, Lithuania",
    "country": "Lithuania",
    "name": "City Hotel's Rudininkai",
    "rating": 4.2,
    "user_ratings_total": 122,
    "price_level": null,
    "types": [
      "establishment",
      "lodging",
      "point_of_interest"
    ],
    "lat": 54.675675,
    "lng": 25.2833577,
    "cribsLikely": true,
    "place_id": "ChIJlZqhJC-V3UYRvQSnwAXc0XE",
    "address": "Rūdninkų g. 15-46, 01308 Vilnius, Lithuania",
    "website": "http://www.cityhotels.lt/",
    "phone": "+370 650 61315",
    "google_url": "https://maps.google.com/?cid=8201578313683502269"
  },
  {
    "city": "Vilnius, Lithuania",
    "country": "Lithuania",
    "name": "Radisson Collection Astorija Hotel, Vilnius",
    "rating": 4.6,
    "user_ratings_total": 1403,
    "price_level": null,
    "types": [
      "establishment",
      "lodging",
      "point_of_interest"
    ],
    "lat": 54.6774083,
    "lng": 25.2873596,
    "cribsLikely": true,
    "place_id": "ChIJrbN3BBeU3UYRXQCtU-tJHTQ",
    "address": "Didžioji g. 35-2, 01128 Vilnius, Lithuania",
    "website": "https://www.radissonhotels.com/en-us/hotels/radisson-collection-vilnius-astorija?cid=a:se+b:gmb+c:emea+i:local+e:rco+d:nob+h:LTVNOAST",
    "phone": "+370 5 212 0110",
    "google_url": "https://maps.google.com/?cid=3755238939366850653"
  },
  {
    "city": "Vilnius, Lithuania",
    "country": "Lithuania",
    "name": "Grand Hotel Vilnius, Curio Collection by Hilton",
    "rating": 4.8,
    "user_ratings_total": 1766,
    "price_level": null,
    "types": [
      "establishment",
      "lodging",
      "point_of_interest",
      "spa"
    ],
    "lat": 54.68470319999999,
    "lng": 25.2858013,
    "cribsLikely": true,
    "place_id": "ChIJs5tVxBaU3UYRb3Kw3T0BEds",
    "address": "Universiteto g. 14, 01122 Vilnius, Lithuania",
    "website": "https://www.hilton.com/en/hotels/vnodeqq-grand-hotel-vilnius/?SEO_id=GMB-EMEA-QQ-VNODEQQ",
    "phone": "+370 5 220 1100",
    "google_url": "https://maps.google.com/?cid=15785399534134260335"
  },
  {
    "city": "Vilnius, Lithuania",
    "country": "Lithuania",
    "name": "Halès Self Check-in Guest House",
    "rating": 3.9,
    "user_ratings_total": 40,
    "price_level": null,
    "types": [
      "establishment",
      "lodging",
      "point_of_interest"
    ],
    "lat": 54.6734364,
    "lng": 25.2854266,
    "cribsLikely": true,
    "place_id": "ChIJFT5paNaV3UYRN-nvOFgEl-o",
    "address": "Pylimo g. 57, 01337 Vilnius, Lithuania",
    "website": "https://lolloluxury.com/",
    "phone": "+370 5 214 4924",
    "google_url": "https://maps.google.com/?cid=16903984503317326135"
  },
  {
    "city": "Vilnius, Lithuania",
    "country": "Lithuania",
    "name": "Panorama Hotel",
    "rating": 3.9,
    "user_ratings_total": 4102,
    "price_level": null,
    "types": [
      "establishment",
      "food",
      "lodging",
      "point_of_interest",
      "restaurant"
    ],
    "lat": 54.6719975,
    "lng": 25.2847401,
    "cribsLikely": true,
    "place_id": "ChIJIebiAEq93UYRTORlgrVTN8o",
    "address": "Seinų g. 4, 01313 Vilnius, Lithuania",
    "website": "http://panoramahotel.lt/",
    "phone": "+370 5 233 8822",
    "google_url": "https://maps.google.com/?cid=14571207158422430796"
  },
  {
    "city": "Vilnius, Lithuania",
    "country": "Lithuania",
    "name": "Stay Express",
    "rating": 3.7,
    "user_ratings_total": 399,
    "price_level": null,
    "types": [
      "establishment",
      "lodging",
      "point_of_interest"
    ],
    "lat": 54.6774569,
    "lng": 25.2794572,
    "cribsLikely": true,
    "place_id": "ChIJj2jgTGuU3UYRQ0-DYlRAPlI",
    "address": "Vingrių g. 14, 01309 Vilnius, Lithuania",
    "website": null,
    "phone": "+370 634 59883",
    "google_url": "https://maps.google.com/?cid=5926244890840354627"
  },
  {
    "city": "Vilnius, Lithuania",
    "country": "Lithuania",
    "name": "Pogo Hostel",
    "rating": 4.2,
    "user_ratings_total": 234,
    "price_level": null,
    "types": [
      "establishment",
      "lodging",
      "point_of_interest"
    ],
    "lat": 54.6846936,
    "lng": 25.2906317,
    "cribsLikely": true,
    "place_id": "ChIJT20lCBeU3UYRV28TSgaf3J0",
    "address": "Barboros Radvilaitės g. 3, Vilnius, 01124 Vilniaus m. sav., Lithuania",
    "website": "http://www.pogo.lt/",
    "phone": "+370 684 67060",
    "google_url": "https://maps.google.com/?cid=11375141608192438103"
  },
  {
    "city": "Vilnius, Lithuania",
    "country": "Lithuania",
    "name": "Rinno hotel",
    "rating": 4.5,
    "user_ratings_total": 539,
    "price_level": null,
    "types": [
      "establishment",
      "lodging",
      "point_of_interest"
    ],
    "lat": 54.677389,
    "lng": 25.279105,
    "cribsLikely": true,
    "place_id": "ChIJc2ssMWuU3UYR3axOR7BF2rI",
    "address": "Vingrių g. 25, 01141 Vilnius, Lithuania",
    "website": "http://www.rinno.lt/",
    "phone": "+370 612 14101",
    "google_url": "https://maps.google.com/?cid=12887689907086994653"
  },
  {
    "city": "Vilnius, Lithuania",
    "country": "Lithuania",
    "name": "Imperial Hotel & Restaurant",
    "rating": 4.6,
    "user_ratings_total": 687,
    "price_level": null,
    "types": [
      "establishment",
      "lodging",
      "point_of_interest"
    ],
    "lat": 54.6766198,
    "lng": 25.2886637,
    "cribsLikely": true,
    "place_id": "ChIJwSzO7j-U3UYRGJwfKMXIbGY",
    "address": "Subačiaus g. 2, 11302 Vilnius, Lithuania",
    "website": "http://www.imperialvilnius.lt/",
    "phone": "+370 5 255 3355",
    "google_url": "https://maps.google.com/?cid=7380494638460673048"
  },
  {
    "city": "Vilnius, Lithuania",
    "country": "Lithuania",
    "name": "Grand Crown",
    "rating": 4.8,
    "user_ratings_total": 8,
    "price_level": null,
    "types": [
      "establishment",
      "lodging",
      "point_of_interest"
    ],
    "lat": 54.6778029,
    "lng": 25.2882519,
    "cribsLikely": true,
    "place_id": "ChIJx9mcjCmV3UYRugQa0WCIqzc",
    "address": "Didžioji g. 32a, 01128 Vilnius, Lithuania",
    "website": "https://www.booking.com/hotel/lt/grand-crown.lt.html",
    "phone": "+370 665 05073",
    "google_url": "https://maps.google.com/?cid=4011449842509939898"
  },
  {
    "city": "Vilnius, Lithuania",
    "country": "Lithuania",
    "name": "Art City Inn",
    "rating": 4.3,
    "user_ratings_total": 1820,
    "price_level": null,
    "types": [
      "establishment",
      "lodging",
      "point_of_interest"
    ],
    "lat": 54.6872722,
    "lng": 25.2628684,
    "cribsLikely": true,
    "place_id": "ChIJx-RY1AuU3UYRMF8o5xs98OQ",
    "address": "J. Jasinskio g. 14, 01112 Vilnius, Lithuania",
    "website": "https://www.artcityinn.lt/lt/pradzia/",
    "phone": "+370 5 251 4477",
    "google_url": "https://maps.google.com/?cid=16496752625109720880"
  },
  {
    "city": "Vilnius, Lithuania",
    "country": "Lithuania",
    "name": "Hotel Pan Tadeus Ponas Tadas",
    "rating": 4.4,
    "user_ratings_total": 1019,
    "price_level": null,
    "types": [
      "establishment",
      "lodging",
      "point_of_interest"
    ],
    "lat": 54.6707115,
    "lng": 25.2609233,
    "cribsLikely": true,
    "place_id": "ChIJYTLEGnCU3UYRzEmjmcCuiPE",
    "address": "Naugarduko g. 76, 03202 Vilnius, Lithuania",
    "website": "http://www.pantadeusz.lt/",
    "phone": "+370 5 233 6814",
    "google_url": "https://maps.google.com/?cid=17404352902207850956"
  }
]