[
  {
    "city": "Warsaw, Poland",
    "country": "Poland",
    "name": "Warsaw Presidential Hotel",
    "rating": 4.3,
    "user_ratings_total": 814,
    "price_level": null,
    "types": [
      "establishment",
      "lodging",
      "point_of_interest"
    ],
    "lat": 52.2276575,
    "lng": 21.0042443,
    "cribsLikely": true,
    "place_id": "ChIJKdWzIwDNHkcRmiaFiT9h1Ps",
    "address": "Al. Jerozolimskie 65/79, 00-698 Warszawa, Poland",
    "website": "https://www.presidential.pl/",
    "phone": "+48 22 630 63 06",
    "google_url": "https://maps.google.com/?cid=18146235724100609690"
  },
  {
    "city": "Warsaw, Poland",
    "country": "Poland",
    "name": "InterContinental Warsaw by IHG",
    "rating": 4.7,
    "user_ratings_total": 7868,
    "price_level": null,
    "types": [
      "establishment",
      "lodging",
      "point_of_interest"
    ],
    "lat": 52.2323727,
    "lng": 21.0024634,
    "cribsLikely": true,
    "place_id": "ChIJhyfNFYzMHkcRGq0BxTocg4A",
    "address": "Emilii Plater 49, 00-125 Warszawa, Poland",
    "website": "https://www.ihg.com/intercontinental/hotels/gb/en/warsaw/wrsha/hoteldetail?cm_mmc=GoogleMaps-_-IC-_-PL-_-WRSHA",
    "phone": "+48 22 328 88 88",
    "google_url": "https://maps.google.com/?cid=9260276297542774042"
  },
  {
    "city": "Warsaw, Poland",
    "country": "Poland",
    "name": "Waw pokoje Wilanów",
    "rating": 2.9,
    "user_ratings_total": 16,
    "price_level": null,
    "types": [
      "establishment",
      "lodging",
      "point_of_interest"
    ],
    "lat": 52.1737492,
    "lng": 21.0486192,
    "cribsLikely": true,
    "place_id": "ChIJAQBQv7oyGUcROqcWTs7eeoE",
    "address": "Aleja Wilanowska 105, 02-765 Warszawa, Poland",
    "website": null,
    "phone": "+48 888 730 777",
    "google_url": "https://maps.google.com/?cid=9330014555706140474"
  },
  {
    "city": "Warsaw, Poland",
    "country": "Poland",
    "name": "Hilton Warsaw City",
    "rating": 4.5,
    "user_ratings_total": 6859,
    "price_level": null,
    "types": [
      "establishment",
      "lodging",
      "point_of_interest"
    ],
    "lat": 52.2335234,
    "lng": 20.9858846,
    "cribsLikely": true,
    "place_id": "ChIJOedAWYTMHkcRkRXGBXWmU9k",
    "address": "Grzybowska 63, 00-844 Warszawa, Poland",
    "website": "https://www.hilton.com/en/hotels/wawhihi-hilton-warsaw-city/?SEO_id=GMB-EMEA-HI-WAWHIHI",
    "phone": "+48 22 356 55 55",
    "google_url": "https://maps.google.com/?cid=15660043350835598737"
  },
  {
    "city": "Warsaw, Poland",
    "country": "Poland",
    "name": "Holiday Inn Warsaw City Centre by IHG",
    "rating": 4.7,
    "user_ratings_total": 3552,
    "price_level": null,
    "types": [
      "establishment",
      "lodging",
      "point_of_interest"
    ],
    "lat": 52.229542,
    "lng": 20.994449,
    "cribsLikely": true,
    "place_id": "ChIJtf-S1ZHMHkcRa8PMJN-awUw",
    "address": "Twarda 52, 00-831 Warszawa, Poland",
    "website": "https://www.ihg.com/holidayinn/hotels/gb/en/warsaw/wawcc/hoteldetail?cm_mmc=GoogleMaps-_-HI-_-PL-_-WAWCC",
    "phone": "+48 22 257 66 99",
    "google_url": "https://maps.google.com/?cid=5530872100573463403"
  },
  {
    "city": "Warsaw, Poland",
    "country": "Poland",
    "name": "Golden Tulip Warsaw Centre",
    "rating": 4.2,
    "user_ratings_total": 2627,
    "price_level": null,
    "types": [
      "establishment",
      "lodging",
      "point_of_interest"
    ],
    "lat": 52.2261278,
    "lng": 20.9886878,
    "cribsLikely": true,
    "place_id": "ChIJ5yPOvpDMHkcREA4Qk84c6O8",
    "address": "Towarowa 2, 00-811 Warszawa, Poland",
    "website": "https://warsaw-centre.goldentulip.com/",
    "phone": "+48 22 582 75 00",
    "google_url": "https://maps.google.com/?cid=17287098843217792528"
  },
  {
    "city": "Warsaw, Poland",
    "country": "Poland",
    "name": "Arche Hotel Geologiczna",
    "rating": 4.5,
    "user_ratings_total": 1063,
    "price_level": null,
    "types": [
      "establishment",
      "lodging",
      "point_of_interest"
    ],
    "lat": 52.1897284,
    "lng": 20.9564468,
    "cribsLikely": true,
    "place_id": "ChIJA15n3lozGUcRRuVkC5Tevbk",
    "address": "Geologiczna 4, 02-246 Warszawa, Poland",
    "website": "http://www.archehotelgeologiczna.pl/",
    "phone": "+48 22 451 45 00",
    "google_url": "https://maps.google.com/?cid=13384098395042669894"
  },
  {
    "city": "Warsaw, Poland",
    "country": "Poland",
    "name": "Novotel Warszawa Centrum",
    "rating": 4.5,
    "user_ratings_total": 16516,
    "price_level": null,
    "types": [
      "establishment",
      "lodging",
      "point_of_interest"
    ],
    "lat": 52.2292988,
    "lng": 21.0130515,
    "cribsLikely": true,
    "place_id": "ChIJQfra5cMqGUcRvAw1WmkyOSc",
    "address": "Marszałkowska 94/98, 00-510 Warszawa, Poland",
    "website": "https://all.accor.com/lien_externe.svlt?goto=fiche_hotel&code_hotel=3383&merchantid=seo-maps-PL-3383&sourceid=aw-cen&utm_medium=seo%20maps&utm_source=google%20Maps&utm_campaign=seo%20maps",
    "phone": "+48 22 596 00 00",
    "google_url": "https://maps.google.com/?cid=2826345669218077884"
  },
  {
    "city": "Warsaw, Poland",
    "country": "Poland",
    "name": "The Westin Warsaw",
    "rating": 4.6,
    "user_ratings_total": 4719,
    "price_level": null,
    "types": [
      "establishment",
      "lodging",
      "point_of_interest"
    ],
    "lat": 52.2353339,
    "lng": 20.9964646,
    "cribsLikely": true,
    "place_id": "ChIJsw9GyIjMHkcRzL83fnAYBPg",
    "address": "al. Jana Pawła II 21, 00-854 Warszawa, Poland",
    "website": "https://www.marriott.com/en-us/hotels/wawwi-the-westin-warsaw/overview/?scid=f2ae0541-1279-4f24-b197-a979c79310b0",
    "phone": "+48 22 450 80 00",
    "google_url": "https://maps.google.com/?cid=17871436092745957324"
  },
  {
    "city": "Warsaw, Poland",
    "country": "Poland",
    "name": "Residence 1898",
    "rating": 4.4,
    "user_ratings_total": 226,
    "price_level": null,
    "types": [
      "establishment",
      "lodging",
      "point_of_interest"
    ],
    "lat": 52.2257889,
    "lng": 21.0152377,
    "cribsLikely": true,
    "place_id": "ChIJ3RBr4PHMHkcR64KRdn7GtA4",
    "address": "Księdza Ignacego Jana Skorupki 3, 00-546 Warszawa, Poland",
    "website": "http://1898.pl/",
    "phone": "+48 22 523 62 78",
    "google_url": "https://maps.google.com/?cid=1059690058796335851"
  },
  {
    "city": "Warsaw, Poland",
    "country": "Poland",
    "name": "Sofitel Warsaw Victoria",
    "rating": 4.7,
    "user_ratings_total": 7145,
    "price_level": null,
    "types": [
      "establishment",
      "lodging",
      "point_of_interest"
    ],
    "lat": 52.2397894,
    "lng": 21.0134057,
    "cribsLikely": true,
    "place_id": "ChIJxTwR7WDMHkcRXEzdUe-w2Io",
    "address": "Królewska 11, 00-065 Warszawa, Poland",
    "website": "http://sofitel.accor.com/hotels/3378?merchantid=seo-maps-PL-3378&sourceid=aw-cen&utm_source=google+Maps&utm_medium=seo+maps&utm_campaign=seo+maps&utm_term=Sofitel-Launch",
    "phone": "+48 22 657 80 11",
    "google_url": "https://maps.google.com/?cid=10004941114120686684"
  },
  {
    "city": "Warsaw, Poland",
    "country": "Poland",
    "name": "Holiday Inn Express Warsaw - the Hub by IHG",
    "rating": 4.7,
    "user_ratings_total": 1454,
    "price_level": null,
    "types": [
      "establishment",
      "lodging",
      "point_of_interest"
    ],
    "lat": 52.2297097,
    "lng": 20.9843148,
    "cribsLikely": true,
    "place_id": "ChIJpd8L0JTNHkcRhFVUbUyzMv4",
    "address": "rondo Ignacego Daszyńskiego 2A, 00-843 Warszawa, Poland",
    "website": "https://www.ihg.com/holidayinnexpress/hotels/gb/en/warsaw/wawwh/hoteldetail?cm_mmc=GoogleMaps-_-EX-_-PL-_-WAWWH",
    "phone": "+48 22 388 11 11",
    "google_url": "https://maps.google.com/?cid=18316899775302358404"
  }
]