[
  {
    "city": "Wellington, New Zealand",
    "country": "New Zealand",
    "name": "Wellesley Boutique Hotel",
    "rating": 4.3,
    "user_ratings_total": 334,
    "price_level": null,
    "types": [
      "establishment",
      "lodging",
      "point_of_interest"
    ],
    "lat": -41.28143590000001,
    "lng": 174.7772848,
    "cribsLikely": true,
    "place_id": "ChIJ5dJAayuuOG0RODN2aHAHYok",
    "address": "2/8 Maginnity Street, Wellington Central, Wellington 6011, New Zealand",
    "website": "http://www.wellesleyboutiquehotel.co.nz/",
    "phone": "+64 4 474 1308",
    "google_url": "https://maps.google.com/?cid=9899483110284079928"
  },
  {
    "city": "Wellington, New Zealand",
    "country": "New Zealand",
    "name": "James Cook Hotel Grand Chancellor",
    "rating": 4.1,
    "user_ratings_total": 2253,
    "price_level": null,
    "types": [
      "establishment",
      "lodging",
      "point_of_interest"
    ],
    "lat": -41.2847287,
    "lng": 174.7745581,
    "cribsLikely": true,
    "place_id": "ChIJE2SzbtWvOG0R2TwQa0epm-M",
    "address": "147 The Terrace, Wellington Central, Wellington 6011, New Zealand",
    "website": "http://www.grandchancellorhotels.com/james-cook-hotel-grand-chancellor",
    "phone": "+64 4 499 9500",
    "google_url": "https://maps.google.com/?cid=16400888592203791577"
  },
  {
    "city": "Wellington, New Zealand",
    "country": "New Zealand",
    "name": "DoubleTree by Hilton Wellington",
    "rating": 4.3,
    "user_ratings_total": 987,
    "price_level": null,
    "types": [
      "establishment",
      "lodging",
      "point_of_interest"
    ],
    "lat": -41.284155,
    "lng": 174.7756827,
    "cribsLikely": true,
    "place_id": "ChIJZyPeIdWvOG0R7buXDnpQqss",
    "address": "28 Grey Street, Lambton Quay, Wellington Central, Wellington 6011, New Zealand",
    "website": "https://www.hilton.com/en/hotels/wlgntdi-doubletree-wellington/?SEO_id=GMB-APAC-DI-WLGNTDI",
    "phone": "+64 4 499 3496",
    "google_url": "https://maps.google.com/?cid=14675630820901239789"
  },
  {
    "city": "Wellington, New Zealand",
    "country": "New Zealand",
    "name": "ibis Wellington",
    "rating": 4,
    "user_ratings_total": 1954,
    "price_level": null,
    "types": [
      "establishment",
      "lodging",
      "point_of_interest"
    ],
    "lat": -41.2839287,
    "lng": 174.7771584,
    "cribsLikely": true,
    "place_id": "ChIJrWjmwtSvOG0Rz7GJ0vK6QSo",
    "address": "153 Featherston Street, Wellington Central, Wellington 6011, New Zealand",
    "website": "https://all.accor.com/lien_externe.svlt?goto=fiche_hotel&code_hotel=3049&merchantid=seo-maps-NZ-3049&sourceid=aw-cen&utm_medium=seo%20maps&utm_source=google%20Maps&utm_campaign=seo%20maps",
    "phone": "+64 4 496 1880",
    "google_url": "https://maps.google.com/?cid=3044920375156257231"
  },
  {
    "city": "Wellington, New Zealand",
    "country": "New Zealand",
    "name": "Novotel Wellington",
    "rating": 4.1,
    "user_ratings_total": 1201,
    "price_level": null,
    "types": [
      "establishment",
      "lodging",
      "point_of_interest"
    ],
    "lat": -41.2838466,
    "lng": 174.7747182,
    "cribsLikely": true,
    "place_id": "ChIJM6ZtP9WvOG0RId7QlTeqX6Q",
    "address": "133 The Terrace, Wellington Central, Wellington 6011, New Zealand",
    "website": "https://all.accor.com/lien_externe.svlt?goto=fiche_hotel&code_hotel=3276&merchantid=seo-maps-NZ-3276&sourceid=aw-cen&utm_medium=seo%20maps&utm_source=google%20Maps&utm_campaign=seo%20maps",
    "phone": "+64 4 918 1900",
    "google_url": "https://maps.google.com/?cid=11844372700721110561"
  },
  {
    "city": "Wellington, New Zealand",
    "country": "New Zealand",
    "name": "InterContinental Wellington by IHG",
    "rating": 4.5,
    "user_ratings_total": 2105,
    "price_level": null,
    "types": [
      "establishment",
      "lodging",
      "point_of_interest"
    ],
    "lat": -41.2846596,
    "lng": 174.7769367,
    "cribsLikely": true,
    "place_id": "ChIJ0TAK79SvOG0Rk1JKmMzROo8",
    "address": "2 Grey Street, Wellington Central, Wellington 6011, New Zealand",
    "website": "https://www.ihg.com/intercontinental/hotels/us/en/wellington/wlggs/hoteldetail?cm_mmc=GoogleMaps-_-IC-_-NZ-_-WLGGS",
    "phone": "+64 4 472 2722",
    "google_url": "https://maps.google.com/?cid=10320792172731454099"
  },
  {
    "city": "Wellington, New Zealand",
    "country": "New Zealand",
    "name": "Sofitel Wellington",
    "rating": 4.5,
    "user_ratings_total": 961,
    "price_level": null,
    "types": [
      "establishment",
      "lodging",
      "point_of_interest"
    ],
    "lat": -41.27972320000001,
    "lng": 174.774705,
    "cribsLikely": true,
    "place_id": "ChIJoUevaCquOG0R2f38YPFpFro",
    "address": "11 Bolton Street, Wellington Central, Wellington 6011, New Zealand",
    "website": "http://sofitel.accor.com/hotels/9051?merchantid=seo-maps-NZ-9051&sourceid=aw-cen&utm_source=google+Maps&utm_medium=seo+maps&utm_campaign=seo+maps&utm_term=Sofitel-Launch",
    "phone": "+64 4 472 2001",
    "google_url": "https://maps.google.com/?cid=13409021425977458137"
  },
  {
    "city": "Wellington, New Zealand",
    "country": "New Zealand",
    "name": "Willis Wellington Hotel",
    "rating": 3.2,
    "user_ratings_total": 920,
    "price_level": null,
    "types": [
      "establishment",
      "lodging",
      "point_of_interest"
    ],
    "lat": -41.2966629,
    "lng": 174.7708495,
    "cribsLikely": true,
    "place_id": "ChIJW8mQICewOG0RrDgyNm5yEaU",
    "address": "355 Willis Street, Te Aro, Wellington 6011, New Zealand",
    "website": "https://www.cpghotels.com/hotels/willis-wellington-hotel/",
    "phone": "+64 4 803 1000",
    "google_url": "https://maps.google.com/?cid=11894413908543420588"
  },
  {
    "city": "Wellington, New Zealand",
    "country": "New Zealand",
    "name": "The Cambridge Hotel",
    "rating": 4,
    "user_ratings_total": 1092,
    "price_level": null,
    "types": [
      "bar",
      "establishment",
      "food",
      "lodging",
      "point_of_interest",
      "restaurant"
    ],
    "lat": -41.2950022,
    "lng": 174.7828948,
    "cribsLikely": true,
    "place_id": "ChIJk40129qvOG0R93TZZBbVhjs",
    "address": "28 Cambridge Terrace, Te Aro, Wellington 6011, New Zealand",
    "website": "https://cambridgehotel.co.nz/",
    "phone": "+64 4 801 1950",
    "google_url": "https://maps.google.com/?cid=4289349987274945783"
  },
  {
    "city": "Wellington, New Zealand",
    "country": "New Zealand",
    "name": "Microtel by Wyndham Wellington",
    "rating": 3.6,
    "user_ratings_total": 262,
    "price_level": null,
    "types": [
      "establishment",
      "lodging",
      "point_of_interest"
    ],
    "lat": -41.2966919,
    "lng": 174.7805317,
    "cribsLikely": true,
    "place_id": "ChIJc4Qxo9uvOG0RRUAsckis0DQ",
    "address": "25 Vivian Street, Te Aro, Wellington 6011, New Zealand",
    "website": "https://www.marsdenhotels.co.nz/microtelwellington",
    "phone": "+64 4 909 7055",
    "google_url": "https://maps.google.com/?cid=3805731112281194565"
  },
  {
    "city": "Wellington, New Zealand",
    "country": "New Zealand",
    "name": "Quest Atrium",
    "rating": 3.5,
    "user_ratings_total": 103,
    "price_level": null,
    "types": [
      "establishment",
      "lodging",
      "point_of_interest"
    ],
    "lat": -41.2847881,
    "lng": 174.7738132,
    "cribsLikely": true,
    "place_id": "ChIJ3bMSY9WvOG0RXzT-XlS0tE8",
    "address": "154 The Terrace, Wellington Central, Wellington 6011, New Zealand",
    "website": "http://www.questatrium.co.nz/",
    "phone": "+64 4 931 1000",
    "google_url": "https://maps.google.com/?cid=5743413699268195423"
  },
  {
    "city": "Wellington, New Zealand",
    "country": "New Zealand",
    "name": "Ramada by Wyndham Wellington Taranaki Street",
    "rating": 4.3,
    "user_ratings_total": 285,
    "price_level": null,
    "types": [
      "establishment",
      "lodging",
      "point_of_interest"
    ],
    "lat": -41.2957481,
    "lng": 174.7771985,
    "cribsLikely": true,
    "place_id": "ChIJGWpGC9mvOG0R2YQT89ni18k",
    "address": "123 Taranaki Street, Te Aro, Wellington 6011, New Zealand",
    "website": "https://www.marsdenhotels.co.nz/ramadawellington",
    "phone": "+64 4 909 1900",
    "google_url": "https://maps.google.com/?cid=14544342947330229465"
  }
]