[
  {
    "city": "Yerevan, Armenia",
    "country": "Armenia",
    "name": "Yerevan Place",
    "rating": 4.5,
    "user_ratings_total": 359,
    "price_level": null,
    "types": [
      "establishment",
      "lodging",
      "point_of_interest"
    ],
    "lat": 40.17617329999999,
    "lng": 44.5129538,
    "cribsLikely": true,
    "place_id": "ChIJ1Smx3fm8akARup1Hs_WjccM",
    "address": "26, 1 Vazgen Sargsyan St, Yerevan 0010, Armenia",
    "website": "http://yerevanplace.com/",
    "phone": "+374 11 221234",
    "google_url": "https://maps.google.com/?cid=14083217785434381754"
  },
  {
    "city": "Yerevan, Armenia",
    "country": "Armenia",
    "name": "ibis Yerevan Center",
    "rating": 4.5,
    "user_ratings_total": 1232,
    "price_level": null,
    "types": [
      "establishment",
      "lodging",
      "point_of_interest"
    ],
    "lat": 40.1819869,
    "lng": 44.5151927,
    "cribsLikely": true,
    "place_id": "ChIJJ2oATfu8akARgn7mNF_M4f8",
    "address": "5/1 Hyusisayin poghota, Yerevan 0001, Armenia",
    "website": "https://all.accor.com/lien_externe.svlt?goto=fiche_hotel&code_hotel=7309&merchantid=seo-maps-AM-7309&sourceid=aw-cen&utm_medium=seo%20maps&utm_source=google%20Maps&utm_campaign=seo%20maps",
    "phone": "+374 10 595959",
    "google_url": "https://maps.google.com/?cid=18438243058713001602"
  },
  {
    "city": "Yerevan, Armenia",
    "country": "Armenia",
    "name": "Latar Hotel Yerevan",
    "rating": 4.4,
    "user_ratings_total": 134,
    "price_level": null,
    "types": [
      "establishment",
      "lodging",
      "point_of_interest"
    ],
    "lat": 40.2171111,
    "lng": 44.4416354,
    "cribsLikely": true,
    "place_id": "ChIJ-QwnNreXakARMWgaqOI58Qw",
    "address": "58 5-th St, Yerevan 0029, Armenia",
    "website": "http://latar.am/",
    "phone": "+374 43 540054",
    "google_url": "https://maps.google.com/?cid=932590243488098353"
  },
  {
    "city": "Yerevan, Armenia",
    "country": "Armenia",
    "name": "Deluxe Hotel Yerevan",
    "rating": 4.3,
    "user_ratings_total": 342,
    "price_level": null,
    "types": [
      "establishment",
      "lodging",
      "point_of_interest"
    ],
    "lat": 40.2038179,
    "lng": 44.5027459,
    "cribsLikely": true,
    "place_id": "ChIJ5chWJEe9akARO3rfqwf1t8M",
    "address": "0012, 32/1 Komitas Ave, Yerevan 0012, Armenia",
    "website": "http://www.deluxehotel.am/",
    "phone": "+374 33 227700",
    "google_url": "https://maps.google.com/?cid=14103010171431123515"
  },
  {
    "city": "Yerevan, Armenia",
    "country": "Armenia",
    "name": "Armenia Marriott Hotel Yerevan",
    "rating": 4.4,
    "user_ratings_total": 1092,
    "price_level": null,
    "types": [
      "establishment",
      "lodging",
      "point_of_interest"
    ],
    "lat": 40.1783632,
    "lng": 44.5110651,
    "cribsLikely": true,
    "place_id": "ChIJh6hJZfm8akAR30UEhfgdhzI",
    "address": "1 Amiryan St, Yerevan 0010, Armenia",
    "website": "https://www.marriott.com/en-us/hotels/evnmc-armenia-marriott-hotel-yerevan/overview/?scid=f2ae0541-1279-4f24-b197-a979c79310b0",
    "phone": "+374 10 599000",
    "google_url": "https://maps.google.com/?cid=3640911776973080031"
  },
  {
    "city": "Yerevan, Armenia",
    "country": "Armenia",
    "name": "Inga Hotel Yerevan",
    "rating": 4.5,
    "user_ratings_total": 63,
    "price_level": null,
    "types": [
      "establishment",
      "lodging",
      "point_of_interest"
    ],
    "lat": 40.1910067,
    "lng": 44.4707103,
    "cribsLikely": true,
    "place_id": "ChIJfwos2J29akAR85C3X56SDF8",
    "address": "27 Leningradyan St, Yerevan 0099, Armenia",
    "website": null,
    "phone": "+374 11 330031",
    "google_url": "https://maps.google.com/?cid=6849010342232035571"
  },
  {
    "city": "Yerevan, Armenia",
    "country": "Armenia",
    "name": "Best Western Plus Congress Hotel",
    "rating": 4.3,
    "user_ratings_total": 813,
    "price_level": null,
    "types": [
      "establishment",
      "lodging",
      "point_of_interest"
    ],
    "lat": 40.1753197,
    "lng": 44.5086975,
    "cribsLikely": true,
    "place_id": "ChIJqWGV1Sm9akAR9_wBuvuoqlw",
    "address": "1 Italiayi pokhoc, Yerevan 0010, Armenia",
    "website": "https://www.congresshotelyerevan.com/",
    "phone": "+374 10 591199",
    "google_url": "https://maps.google.com/?cid=6677335196641131767"
  },
  {
    "city": "Yerevan, Armenia",
    "country": "Armenia",
    "name": "Hotel Metropol",
    "rating": 4.2,
    "user_ratings_total": 352,
    "price_level": null,
    "types": [
      "establishment",
      "lodging",
      "point_of_interest"
    ],
    "lat": 40.1743888,
    "lng": 44.5017433,
    "cribsLikely": true,
    "place_id": "ChIJ7T6Tlla8akARFvPRKKtuBJg",
    "address": "2/2 Mesrop Mashtoc pokhota, Yerevan 0015, Armenia",
    "website": "http://www.metropol.am/",
    "phone": "+374 10 510700",
    "google_url": "https://maps.google.com/?cid=10954001875075199766"
  },
  {
    "city": "Yerevan, Armenia",
    "country": "Armenia",
    "name": "Ani Grand Hotel Yerevan",
    "rating": 4.3,
    "user_ratings_total": 347,
    "price_level": null,
    "types": [
      "establishment",
      "lodging",
      "point_of_interest"
    ],
    "lat": 40.1778462,
    "lng": 44.5177868,
    "cribsLikely": true,
    "place_id": "ChIJ50ejJd-9akARBjWBRyliILY",
    "address": "65 Hanrapetutyan pokhots, Yerevan 0010, Armenia",
    "website": "https://anigrandhotelyerevan.com/",
    "phone": "+374 12 770000",
    "google_url": "https://maps.google.com/?cid=13123597243590456582"
  },
  {
    "city": "Yerevan, Armenia",
    "country": "Armenia",
    "name": "Nairi Hotel Yerevan",
    "rating": 3.1,
    "user_ratings_total": 374,
    "price_level": null,
    "types": [
      "establishment",
      "lodging",
      "point_of_interest"
    ],
    "lat": 40.1876491,
    "lng": 44.53449519999999,
    "cribsLikely": true,
    "place_id": "ChIJ6UGXXtu8akARuCyN0MAFf9E",
    "address": "121, 7 Armenak Armenakyan St, Yerevan 0047, Armenia",
    "website": "https://newnairihotel.com/",
    "phone": "+374 10 652121",
    "google_url": "https://maps.google.com/?cid=15095790801659964600"
  },
  {
    "city": "Yerevan, Armenia",
    "country": "Armenia",
    "name": "Cascade Hotel",
    "rating": 4.2,
    "user_ratings_total": 197,
    "price_level": null,
    "types": [
      "establishment",
      "lodging",
      "point_of_interest"
    ],
    "lat": 40.1907745,
    "lng": 44.5140548,
    "cribsLikely": true,
    "place_id": "ChIJYaScPh-9akAR5XXiqLaL4DE",
    "address": "10, 10 Zarobyan St, Yerevan 0009, Armenia",
    "website": "http://cascadehotel.am/",
    "phone": "+374 10 589535",
    "google_url": "https://maps.google.com/?cid=3594026119275378149"
  },
  {
    "city": "Yerevan, Armenia",
    "country": "Armenia",
    "name": "Lovely Hotel in Center",
    "rating": 3.2,
    "user_ratings_total": 18,
    "price_level": null,
    "types": [
      "establishment",
      "lodging",
      "point_of_interest"
    ],
    "lat": 40.1684115,
    "lng": 44.5229787,
    "cribsLikely": true,
    "place_id": "ChIJ_XA3-1-9akARrL_cyDZJvS0",
    "address": "113 Vardanants St, Yerevan 0070, Armenia",
    "website": "https://www.booking.com/hotel/am/lovely-in-centre.en-gb.html?label=gen173nr-1FCAsoB0IQbG92ZWx5LWluLWNlbnRyZUgJWARoB4gBAZgBCbgBGMgBDNgBAegBAfgBA4gCAagCBLgCxsSN5AXAAgE;sid=0525d21efa3a3c827ef0883124669c7b;dist=0&keep_landing=1&sb_price_type=total&type=total&",
    "phone": "+374 93 961205",
    "google_url": "https://maps.google.com/?cid=3295871001952042924"
  }
]