[
  {
    "city": "York,",
    "country": "United Kingdom",
    "name": "DoubleTree by Hilton York",
    "rating": 3.8,
    "user_ratings_total": 1659,
    "price_level": null,
    "types": [
      "establishment",
      "lodging",
      "point_of_interest"
    ],
    "lat": 53.9628033,
    "lng": -1.0773428,
    "cribsLikely": true,
    "place_id": "ChIJE1ujAqUxeUgRUJpLhS1d1nc",
    "address": "St Maurice's Rd, York YO31 7JA, UK",
    "website": "https://www.hilton.com/en/hotels/lbaykdi-doubletree-york/?SEO_id=GMB-EMEA-DI-LBAYKDI",
    "phone": "+44 1904 638086",
    "google_url": "https://maps.google.com/?cid=8635191785620740688"
  },
  {
    "city": "York,",
    "country": "United Kingdom",
    "name": "Premier Inn York City Centre (Layerthorpe) hotel",
    "rating": 4.2,
    "user_ratings_total": 296,
    "price_level": null,
    "types": [
      "establishment",
      "food",
      "lodging",
      "point_of_interest",
      "restaurant"
    ],
    "lat": 53.9614363,
    "lng": -1.0737486,
    "cribsLikely": true,
    "place_id": "ChIJ35tS_b8xeUgRBC0rbQsfb2w",
    "address": "Layerthorpe, Foss Islands Rd, York YO31 7YW, UK",
    "website": "https://www.premierinn.com/gb/en/hotels/england/north-yorkshire/york/york-city-centre-layerthorpe.html?cid=GLBC_YORLAY",
    "phone": "+44 333 034 6637",
    "google_url": "https://maps.google.com/?cid=7813498012447747332"
  },
  {
    "city": "York,",
    "country": "United Kingdom",
    "name": "Travelodge York Central",
    "rating": 4,
    "user_ratings_total": 1365,
    "price_level": null,
    "types": [
      "establishment",
      "lodging",
      "point_of_interest"
    ],
    "lat": 53.9547375,
    "lng": -1.0771527,
    "cribsLikely": true,
    "place_id": "ChIJt7C01a0xeUgRXOsphQWkB9Q",
    "address": "90 Piccadilly, York YO1 9NX, UK",
    "website": "https://www.travelodge.co.uk/hotels/196/york-central-hotel?utm_source=google&utm_medium=GHA_Organic&utm_campaign=GHA_York%20Central&WT.tsrc=GHA_Organic",
    "phone": "+44 871 984 6187",
    "google_url": "https://maps.google.com/?cid=15278360604493605724"
  },
  {
    "city": "York,",
    "country": "United Kingdom",
    "name": "Malmaison York",
    "rating": 4.4,
    "user_ratings_total": 1114,
    "price_level": null,
    "types": [
      "establishment",
      "lodging",
      "point_of_interest"
    ],
    "lat": 53.9591189,
    "lng": -1.0886215,
    "cribsLikely": true,
    "place_id": "ChIJKR-CGjMxeUgRB-tyrqQISN8",
    "address": "2 Rougier St, York YO90 1UU, UK",
    "website": "http://malmaison.com/",
    "phone": "+44 1904 946060",
    "google_url": "https://maps.google.com/?cid=16089119172175522567"
  },
  {
    "city": "York,",
    "country": "United Kingdom",
    "name": "Radisson Hotel York",
    "rating": 4.2,
    "user_ratings_total": 2469,
    "price_level": null,
    "types": [
      "establishment",
      "lodging",
      "point_of_interest"
    ],
    "lat": 53.958332,
    "lng": -1.0852271,
    "cribsLikely": true,
    "place_id": "ChIJLSKgRqgxeUgR8fuboKgi5Gs",
    "address": "North St, York YO1 6JF, UK",
    "website": "https://www.radissonhotels.com/en-us/hotels/radisson-hotel-york?cid=a:se+b:gmb+c:emea+i:local+e:rad+d:ukirwe+h:GBYORCTR",
    "phone": "+44 1904 459988",
    "google_url": "https://maps.google.com/?cid=7774376964392745969"
  },
  {
    "city": "York,",
    "country": "United Kingdom",
    "name": "Hilton York",
    "rating": 4,
    "user_ratings_total": 2192,
    "price_level": null,
    "types": [
      "establishment",
      "lodging",
      "point_of_interest"
    ],
    "lat": 53.9563652,
    "lng": -1.0805542,
    "cribsLikely": true,
    "place_id": "ChIJibl-ac0EdkgRCsYQueIZBRE",
    "address": "1 Tower St, York YO1 9WD, UK",
    "website": "https://www.hilton.com/en/hotels/lbayohn-hilton-york/?SEO_id=GMB-EMEA-HN-LBAYOHN",
    "phone": "+44 1904 648111",
    "google_url": "https://maps.google.com/?cid=1226414935086515722"
  },
  {
    "city": "York,",
    "country": "United Kingdom",
    "name": "Holiday Inn York by IHG",
    "rating": 4,
    "user_ratings_total": 1685,
    "price_level": null,
    "types": [
      "establishment",
      "lodging",
      "point_of_interest"
    ],
    "lat": 53.9393344,
    "lng": -1.1058312,
    "cribsLikely": true,
    "place_id": "ChIJeR0uE-YweUgR2cYEKieRihA",
    "address": "Tadcaster Rd, Dringhouses, York YO24 1QF, UK",
    "website": "https://www.ihg.com/holidayinn/hotels/gb/en/york/yortr/hoteldetail?cm_mmc=GoogleMaps-_-HI-_-GB-_-YORTR",
    "phone": "+44 333 320 9357",
    "google_url": "https://maps.google.com/?cid=1191924648787625689"
  },
  {
    "city": "York,",
    "country": "United Kingdom",
    "name": "Premier Inn York City Centre Blossom St South hotel",
    "rating": 4.2,
    "user_ratings_total": 1188,
    "price_level": null,
    "types": [
      "establishment",
      "food",
      "lodging",
      "point_of_interest",
      "restaurant"
    ],
    "lat": 53.955033,
    "lng": -1.0922761,
    "cribsLikely": true,
    "place_id": "ChIJe72nTQExeUgRZZY2H53-qys",
    "address": "28-40 Blossom St, York YO24 1AJ, UK",
    "website": "https://www.premierinn.com/gb/en/hotels/england/north-yorkshire/york/york-city-blossom-st-south.html?cid=GLBC_YORTAB",
    "phone": "+44 333 321 9197",
    "google_url": "https://maps.google.com/?cid=3146888715435415141"
  },
  {
    "city": "York,",
    "country": "United Kingdom",
    "name": "Holiday Inn York City Centre by IHG",
    "rating": 4,
    "user_ratings_total": 1316,
    "price_level": null,
    "types": [
      "establishment",
      "lodging",
      "point_of_interest"
    ],
    "lat": 53.954921,
    "lng": -1.076523,
    "cribsLikely": true,
    "place_id": "ChIJwwJldq4xeUgRhhrcrQJUNSY",
    "address": "53 Piccadilly, York YO1 9PL, UK",
    "website": "https://www.ihg.com/holidayinn/hotels/gb/en/york/qqyct/hoteldetail?cm_mmc=GoogleMaps-_-HI-_-GB-_-QQYCT",
    "phone": "+44 1904 559000",
    "google_url": "https://maps.google.com/?cid=2753199117690477190"
  },
  {
    "city": "York,",
    "country": "United Kingdom",
    "name": "Delta Hotels York",
    "rating": 4.1,
    "user_ratings_total": 1826,
    "price_level": null,
    "types": [
      "establishment",
      "lodging",
      "point_of_interest"
    ],
    "lat": 53.9416075,
    "lng": -1.1043741,
    "cribsLikely": true,
    "place_id": "ChIJeR0uE-YweUgRY-qS_3000bE",
    "address": "Tadcaster Road, York YO24 1QQ, UK",
    "website": "https://www.marriott.com/en-us/hotels/lbayd-delta-hotels-york/overview/?scid=f2ae0541-1279-4f24-b197-a979c79310b0",
    "phone": "+44 1904 701000",
    "google_url": "https://maps.google.com/?cid=12813080130609146467"
  },
  {
    "city": "York,",
    "country": "United Kingdom",
    "name": "Hotel Indigo York by IHG",
    "rating": 4.5,
    "user_ratings_total": 1673,
    "price_level": null,
    "types": [
      "establishment",
      "lodging",
      "point_of_interest"
    ],
    "lat": 53.9564487,
    "lng": -1.0739683,
    "cribsLikely": true,
    "place_id": "ChIJtVYD27ExeUgRuR7rK6Yt-lU",
    "address": "88-96 Walmgate, York YO1 9TL, UK",
    "website": "https://www.ihg.com/hotelindigo/hotels/gb/en/york/yoryk/hoteldetail?cm_mmc=GoogleMaps-_-IN-_-GB-_-YORYK",
    "phone": "+44 1904 231333",
    "google_url": "https://maps.google.com/?cid=6195314429126188729"
  },
  {
    "city": "York,",
    "country": "United Kingdom",
    "name": "Novotel York Centre",
    "rating": 4.2,
    "user_ratings_total": 2784,
    "price_level": null,
    "types": [
      "establishment",
      "lodging",
      "point_of_interest"
    ],
    "lat": 53.95253160000001,
    "lng": -1.0778875,
    "cribsLikely": true,
    "place_id": "ChIJpaQ6KD2zfkgR9Oxvo7ALlac",
    "address": "Fishergate, York YO10 4FD, UK",
    "website": "https://all.accor.com/lien_externe.svlt?goto=fiche_hotel&code_hotel=0949&merchantid=seo-maps-GB-0949&sourceid=aw-cen&utm_medium=seo%20maps&utm_source=google%20Maps&utm_campaign=seo%20maps",
    "phone": "+44 113 396 9004",
    "google_url": "https://maps.google.com/?cid=12075570829148024052"
  }
]