[
  {
    "city": "Zagreb, Croatia",
    "country": "Croatia",
    "name": "DoubleTree by Hilton Zagreb",
    "rating": 4.5,
    "user_ratings_total": 2706,
    "price_level": null,
    "types": [
      "establishment",
      "lodging",
      "point_of_interest"
    ],
    "lat": 45.801633,
    "lng": 16.0016853,
    "cribsLikely": true,
    "place_id": "ChIJIyY2hEjWZUcR6fxr0eTuAj8",
    "address": "Ul. grada Vukovara 269A, 10000, Zagreb, Croatia",
    "website": "https://www.hilton.com/en/hotels/zagcrdi-doubletree-zagreb/?SEO_id=GMB-EMEA-DI-ZAGCRDI",
    "phone": "+385 1 6001 900",
    "google_url": "https://maps.google.com/?cid=4540454040876350697"
  },
  {
    "city": "Zagreb, Croatia",
    "country": "Croatia",
    "name": "Hostel Swanky Mint",
    "rating": 4.6,
    "user_ratings_total": 1355,
    "price_level": null,
    "types": [
      "bar",
      "establishment",
      "lodging",
      "point_of_interest"
    ],
    "lat": 45.81333919999999,
    "lng": 15.9684663,
    "cribsLikely": true,
    "place_id": "ChIJT1HK_-LWZUcR8P-JQOjmKJY",
    "address": "Ilica 50, 10000, Zagreb, Croatia",
    "website": "https://stayswanky.com/",
    "phone": "+385 1 4004 248",
    "google_url": "https://maps.google.com/?cid=10820151989947203568"
  },
  {
    "city": "Zagreb, Croatia",
    "country": "Croatia",
    "name": "Hotel Puntijar",
    "rating": 4.5,
    "user_ratings_total": 613,
    "price_level": null,
    "types": [
      "establishment",
      "lodging",
      "point_of_interest"
    ],
    "lat": 45.8508364,
    "lng": 15.974892,
    "cribsLikely": true,
    "place_id": "ChIJrzuVBOLZZUcRtqR4OvfutxQ",
    "address": "Gračanska Cesta 67, 10000, Zagreb, Croatia",
    "website": "http://www.hotelpuntijar.com/",
    "phone": "+385 1 6457 900",
    "google_url": "https://maps.google.com/?cid=1492924547101926582"
  },
  {
    "city": "Zagreb, Croatia",
    "country": "Croatia",
    "name": "B&B Downtown Zagreb",
    "rating": 4.4,
    "user_ratings_total": 37,
    "price_level": null,
    "types": [
      "establishment",
      "lodging",
      "point_of_interest"
    ],
    "lat": 45.8102649,
    "lng": 15.9881933,
    "cribsLikely": true,
    "place_id": "ChIJUVzBXlTWZUcRlvHEokz8woA",
    "address": "Trg Žrtava Fašizma 7, 10000, Zagreb, Croatia",
    "website": "https://www.booking.com/hotel/hr/downtown-zagreb-apartments-b-amp-b.en.html",
    "phone": "+385 91 209 7915",
    "google_url": "https://maps.google.com/?cid=9278255588415173014"
  },
  {
    "city": "Zagreb, Croatia",
    "country": "Croatia",
    "name": "Mövenpick Zagreb Hotel",
    "rating": 4.7,
    "user_ratings_total": 1101,
    "price_level": null,
    "types": [
      "establishment",
      "lodging",
      "point_of_interest"
    ],
    "lat": 45.7594281,
    "lng": 15.9829068,
    "cribsLikely": true,
    "place_id": "ChIJRUlNF9XVZUcRBEuz1LX7LNM",
    "address": "6H 2 Oreskoviceva Str, 10020, Novi Zagreb - zapad, Zagreb, Croatia",
    "website": "https://movenpick.accor.com/en/europe/croatia/zagreb/movenpick-zagreb.html?merchantid=seo-maps-HR-B9S9&sourceid=aw-cen&utm_medium=seo+maps&utm_source=google+Maps&utm_campaign=seo+maps&utm_content=Zagreb",
    "phone": "+385 1 6053 500",
    "google_url": "https://maps.google.com/?cid=15216813999354235652"
  },
  {
    "city": "Zagreb, Croatia",
    "country": "Croatia",
    "name": "Hostel Centar",
    "rating": 4.2,
    "user_ratings_total": 205,
    "price_level": null,
    "types": [
      "establishment",
      "lodging",
      "point_of_interest"
    ],
    "lat": 45.8136234,
    "lng": 15.9795553,
    "cribsLikely": true,
    "place_id": "ChIJ4dC0Gv7WZUcROjhnqBTZqCc",
    "address": "Vlaška ul. 7, 10000, Zagreb, Croatia",
    "website": "http://www.hostel-centar.com/",
    "phone": "+385 98 957 5492",
    "google_url": "https://maps.google.com/?cid=2857772646314489914"
  },
  {
    "city": "Zagreb, Croatia",
    "country": "Croatia",
    "name": "Hilton Garden Inn Zagreb - Radnicka",
    "rating": 4.5,
    "user_ratings_total": 1840,
    "price_level": null,
    "types": [
      "establishment",
      "lodging",
      "point_of_interest"
    ],
    "lat": 45.8044565,
    "lng": 15.9987293,
    "cribsLikely": true,
    "place_id": "ChIJWQhs3k7WZUcRVRau5aIAzKE",
    "address": "Radnička cesta 21, 10000, Zagreb, Croatia",
    "website": "https://www.hilton.com/en/hotels/zagpagi-hilton-garden-inn-zagreb-radnicka/?SEO_id=GMB-EMEA-GI-ZAGPAGI",
    "phone": "+385 1 6042 730",
    "google_url": "https://maps.google.com/?cid=11658694234993464917"
  },
  {
    "city": "Zagreb, Croatia",
    "country": "Croatia",
    "name": "Guesthouse Lessi & Why not! Zagreb walking tours",
    "rating": 4.1,
    "user_ratings_total": 89,
    "price_level": null,
    "types": [
      "establishment",
      "lodging",
      "point_of_interest",
      "travel_agency"
    ],
    "lat": 45.81379690000001,
    "lng": 15.9755563,
    "cribsLikely": true,
    "place_id": "ChIJeVFwnP3WZUcRJQJlxlLv3C8",
    "address": "Ul. Pavla Radića 3A, 10000, Zagreb, Croatia",
    "website": "http://www.whynotzagreb.com/",
    "phone": "+385 91 288 8858",
    "google_url": "https://maps.google.com/?cid=3448894553453822501"
  },
  {
    "city": "Zagreb, Croatia",
    "country": "Croatia",
    "name": "Funk Lounge hostel",
    "rating": 4.1,
    "user_ratings_total": 801,
    "price_level": null,
    "types": [
      "establishment",
      "lodging",
      "point_of_interest"
    ],
    "lat": 45.8177925,
    "lng": 16.0062858,
    "cribsLikely": true,
    "place_id": "ChIJ-c_W57DXZUcRon2UEHitVyc",
    "address": "Ul. Ivana Rendića 28b, 10000, Zagreb, Croatia",
    "website": "http://www.funklounge.hr/",
    "phone": "+385 1 5552 707",
    "google_url": "https://maps.google.com/?cid=2834925221638864290"
  },
  {
    "city": "Zagreb, Croatia",
    "country": "Croatia",
    "name": "Hostel Bureau",
    "rating": 4.4,
    "user_ratings_total": 711,
    "price_level": null,
    "types": [
      "cafe",
      "establishment",
      "food",
      "lodging",
      "point_of_interest",
      "store"
    ],
    "lat": 45.8130313,
    "lng": 15.9827836,
    "cribsLikely": true,
    "place_id": "ChIJRdgfKQDXZUcRt9gnGJ9i4L4",
    "address": "Vlaška ul. 40, 10000, Zagreb, Croatia",
    "website": "http://www.hostel-bureau.eu/hr/",
    "phone": "+385 1 5510 517",
    "google_url": "https://maps.google.com/?cid=13754101697434081463"
  },
  {
    "city": "Zagreb, Croatia",
    "country": "Croatia",
    "name": "Esplanade Zagreb Hotel",
    "rating": 4.7,
    "user_ratings_total": 3189,
    "price_level": null,
    "types": [
      "atm",
      "bar",
      "establishment",
      "finance",
      "food",
      "health",
      "lodging",
      "point_of_interest",
      "restaurant"
    ],
    "lat": 45.8053707,
    "lng": 15.9759881,
    "cribsLikely": true,
    "place_id": "ChIJ-4PswvnWZUcREtjgku_DPV4",
    "address": "Mihanovićeva ul. 1, 10000, Zagreb, Croatia",
    "website": "http://www.esplanade.hr/",
    "phone": "+385 1 4566 666",
    "google_url": "https://maps.google.com/?cid=6790799246873384978"
  },
  {
    "city": "Zagreb, Croatia",
    "country": "Croatia",
    "name": "Pullman Zagreb",
    "rating": 4.5,
    "user_ratings_total": 262,
    "price_level": null,
    "types": [
      "establishment",
      "lodging",
      "point_of_interest"
    ],
    "lat": 45.7558535,
    "lng": 15.99147,
    "cribsLikely": true,
    "place_id": "ChIJu-nwce3VZUcR43D72fqCzxc",
    "address": "Buzinski Krci 3A Buzin, 10010, Novi Zagreb - istok, Zagreb, Croatia",
    "website": "https://all.accor.com/lien_externe.svlt?goto=fiche_hotel&code_hotel=C030&merchantid=seo-maps-Croatia-C030&sourceid=aw-cen&utm_medium=seo%20maps&utm_source=google%20Maps&utm_campaign=seo%20maps",
    "phone": "+385 1 8880 908",
    "google_url": "https://maps.google.com/?cid=1715733996962017507"
  }
]