[
  {
    "city": "Zurich, Switzerland",
    "country": "Switzerland",
    "name": "B&B HOTEL Zurich East Wallisellen",
    "rating": 4.4,
    "user_ratings_total": 1726,
    "price_level": null,
    "types": [
      "establishment",
      "lodging",
      "point_of_interest"
    ],
    "lat": 47.4085279,
    "lng": 8.591945299999999,
    "cribsLikely": true,
    "place_id": "ChIJ449-YSKhmkcRRc0gt6by2u4",
    "address": "Richtistrasse 6, 8304 Wallisellen, Switzerland",
    "website": "https://www.hotel-bb.com/fr/hotel/zurich-east-wallisellen?utm_source=googlemaps&utm_medium=fichehotel&utm_campaign=yext",
    "phone": "+41 43 210 38 60",
    "google_url": "https://maps.google.com/?cid=17211335723800644933"
  },
  {
    "city": "Zurich, Switzerland",
    "country": "Switzerland",
    "name": "Crowne Plaza Zurich by IHG",
    "rating": 4,
    "user_ratings_total": 3513,
    "price_level": null,
    "types": [
      "establishment",
      "lodging",
      "point_of_interest"
    ],
    "lat": 47.3803,
    "lng": 8.506393899999999,
    "cribsLikely": true,
    "place_id": "ChIJY3evPzAKkEcRFM2gVZmN7Z8",
    "address": "Badenerstrasse 420, 8040 Zürich, Switzerland",
    "website": "https://www.ihg.com/crowneplaza/hotels/gb/en/zurich/zrhha/hoteldetail?cm_mmc=GoogleMaps-_-CP-_-CH-_-ZRHHA",
    "phone": "+41 44 404 44 44",
    "google_url": "https://maps.google.com/?cid=11524022711217081620"
  },
  {
    "city": "Zurich, Switzerland",
    "country": "Switzerland",
    "name": "MEININGER Hotel Zürich Greencity",
    "rating": 4,
    "user_ratings_total": 1231,
    "price_level": null,
    "types": [
      "establishment",
      "lodging",
      "point_of_interest"
    ],
    "lat": 47.3414813,
    "lng": 8.5201842,
    "cribsLikely": true,
    "place_id": "ChIJVzVsMcUJkEcR8TQEinXp190",
    "address": "Maneggstrasse 41, 8041 Zürich, Switzerland",
    "website": "https://www.meininger-hotels.com/en/hotels/zurich/hotel-zurich-greencity/?utm_source=gmb&utm_medium=referral&utm_campaign=ZUR-GC&utm_content=website",
    "phone": null,
    "google_url": "https://maps.google.com/?cid=15985502093410841841"
  },
  {
    "city": "Zurich, Switzerland",
    "country": "Switzerland",
    "name": "ibis Styles Zurich City Center",
    "rating": 4,
    "user_ratings_total": 1545,
    "price_level": null,
    "types": [
      "establishment",
      "lodging",
      "point_of_interest"
    ],
    "lat": 47.38122430000001,
    "lng": 8.5424692,
    "cribsLikely": true,
    "place_id": "ChIJx9l9XVELkEcRt0WvKihsjX4",
    "address": "Stampfenbachstrasse 60, 8006 Zürich, Switzerland",
    "website": "https://all.accor.com/lien_externe.svlt?goto=fiche_hotel&code_hotel=B5J7&merchantid=seo-maps-CH-B5J7&sourceid=aw-cen&utm_medium=seo%20maps&utm_source=google%20Maps&utm_campaign=seo%20maps",
    "phone": "+41 44 300 22 00",
    "google_url": "https://maps.google.com/?cid=9119063740265743799"
  },
  {
    "city": "Zurich, Switzerland",
    "country": "Switzerland",
    "name": "easyHotel Zürich City Centre",
    "rating": 3.4,
    "user_ratings_total": 713,
    "price_level": null,
    "types": [
      "establishment",
      "lodging",
      "point_of_interest"
    ],
    "lat": 47.3783333,
    "lng": 8.5291667,
    "cribsLikely": true,
    "place_id": "ChIJIcX7YxAKkEcREusf1doymjA",
    "address": "Zwinglistrasse 14, 8004 Zürich, Switzerland",
    "website": "https://www.easyhotel.com/hotels/switzerland/zurich/zurich?utm_source=google&utm_medium=organic&utm_campaign=GMB-franchised-zurich-city-cente",
    "phone": null,
    "google_url": "https://maps.google.com/?cid=3502167575693880082"
  },
  {
    "city": "Zurich, Switzerland",
    "country": "Switzerland",
    "name": "Radisson Hotel & Suites Zurich",
    "rating": 3.7,
    "user_ratings_total": 782,
    "price_level": null,
    "types": [
      "establishment",
      "lodging",
      "point_of_interest"
    ],
    "lat": 47.4219198,
    "lng": 8.5583668,
    "cribsLikely": true,
    "place_id": "ChIJh7iLdnWgmkcRo3Nky4vb63A",
    "address": "Thurgauerstrasse 116, Opfikon, 8152 Zurich, Switzerland",
    "website": "https://www.radissonhotels.com/en-us/hotels/radisson-hotel-and-suites-zurich?cid=a:se+b:gmb+c:emea+i:local+e:rad+d:cese+h:CHZRHAAB",
    "phone": "+41 44 561 60 50",
    "google_url": "https://maps.google.com/?cid=8136838545234228131"
  },
  {
    "city": "Zurich, Switzerland",
    "country": "Switzerland",
    "name": "Zurich Marriott Hotel",
    "rating": 4.3,
    "user_ratings_total": 3004,
    "price_level": null,
    "types": [
      "establishment",
      "lodging",
      "point_of_interest"
    ],
    "lat": 47.3824972,
    "lng": 8.540327999999999,
    "cribsLikely": true,
    "place_id": "ChIJrQKf6wsKkEcR81v1P_AqkzA",
    "address": "Neumühlequai 42, 8006 Zürich, Switzerland",
    "website": "https://www.marriott.com/en-us/hotels/zrhdt-zurich-marriott-hotel/overview/?scid=f2ae0541-1279-4f24-b197-a979c79310b0",
    "phone": "+41 44 360 70 70",
    "google_url": "https://maps.google.com/?cid=3500188546750569459"
  },
  {
    "city": "Zurich, Switzerland",
    "country": "Switzerland",
    "name": "Hotel Swiss Night by Fassbind",
    "rating": 4.2,
    "user_ratings_total": 461,
    "price_level": null,
    "types": [
      "establishment",
      "gym",
      "health",
      "lodging",
      "point_of_interest"
    ],
    "lat": 47.3692091,
    "lng": 8.5511512,
    "cribsLikely": true,
    "place_id": "ChIJ85M4uq2gmkcR8afQsQgdKlM",
    "address": "Steinwiesstrasse 8, 8032 Zürich, Switzerland",
    "website": "https://byfassbind.com/hotel/swiss-night/",
    "phone": "+41 44 512 49 99",
    "google_url": "https://maps.google.com/?cid=5992634177350051825"
  },
  {
    "city": "Zurich, Switzerland",
    "country": "Switzerland",
    "name": "Harry's Home Zürich Wallisellen",
    "rating": 4.1,
    "user_ratings_total": 638,
    "price_level": null,
    "types": [
      "establishment",
      "lodging",
      "point_of_interest"
    ],
    "lat": 47.405282,
    "lng": 8.6049376,
    "cribsLikely": true,
    "place_id": "ChIJuce0s0WgmkcROPJJVn3jd1s",
    "address": "Seidenpl. 3, 8304 Wallisellen, Switzerland",
    "website": "https://harrys-home.com/zuerich-wallisellen/?utm_source=gmb&utm_medium=local&utm_campaign=Business+Profile",
    "phone": "+41 44 798 28 00",
    "google_url": "https://maps.google.com/?cid=6590986707138114104"
  },
  {
    "city": "Zurich, Switzerland",
    "country": "Switzerland",
    "name": "Acasa Suites",
    "rating": 4.6,
    "user_ratings_total": 989,
    "price_level": null,
    "types": [
      "establishment",
      "lodging",
      "point_of_interest"
    ],
    "lat": 47.4142087,
    "lng": 8.5427856,
    "cribsLikely": true,
    "place_id": "ChIJURx4YYUKkEcRYyO8Br9Nxig",
    "address": "Binzmühlestrasse 72, 8050 Zürich, Switzerland",
    "website": "http://www.acasasuites.com/",
    "phone": "+41 44 552 78 78",
    "google_url": "https://maps.google.com/?cid=2938121289752912739"
  },
  {
    "city": "Zurich, Switzerland",
    "country": "Switzerland",
    "name": "Courtyard by Marriott Zurich North",
    "rating": 4.3,
    "user_ratings_total": 1296,
    "price_level": null,
    "types": [
      "establishment",
      "lodging",
      "point_of_interest"
    ],
    "lat": 47.4143103,
    "lng": 8.541221,
    "cribsLikely": true,
    "place_id": "ChIJvwk4lo8KkEcR4pweoM7AA-k",
    "address": "Max-Bill-Platz 19, 8050 Zürich, Switzerland",
    "website": "https://www.marriott.com/en-us/hotels/zrhcy-courtyard-zurich-north/overview/?scid=f2ae0541-1279-4f24-b197-a979c79310b0",
    "phone": "+41 44 564 04 04",
    "google_url": "https://maps.google.com/?cid=16790475829449497826"
  },
  {
    "city": "Zurich, Switzerland",
    "country": "Switzerland",
    "name": "DORMERO Hotel Zürich Airport",
    "rating": 3.8,
    "user_ratings_total": 1102,
    "price_level": null,
    "types": [
      "establishment",
      "lodging",
      "point_of_interest"
    ],
    "lat": 47.4329949,
    "lng": 8.5646048,
    "cribsLikely": true,
    "place_id": "ChIJwSnm7nyhmkcR5T6Chr81-4k",
    "address": "Schaffhauserstrasse 101, 8152 Opfikon, Switzerland",
    "website": "https://www.dormero.de/hotel-zuerich/",
    "phone": "+41 44 808 50 00",
    "google_url": "https://maps.google.com/?cid=9942599699062210277"
  }
]