{
  "paris": [
    {
      "id": "par1",
      "name": "Central Park / Garden Walk",
      "type": "park-walk",
      "lat": 48.850946,
      "lng": 2.356878,
      "tags": [
        "seed"
      ]
    },
    {
      "id": "par2",
      "name": "Aquarium Visit",
      "type": "aquarium",
      "lat": 48.847968,
      "lng": 2.360056,
      "tags": [
        "seed"
      ]
    },
    {
      "id": "par3",
      "name": "Calm Museum Wing",
      "type": "museum-low-stim",
      "lat": 48.853301,
      "lng": 2.360074,
      "tags": [
        "seed"
      ]
    },
    {
      "id": "par4",
      "name": "Stroller-Friendly Promenade",
      "type": "walk",
      "lat": 48.850854,
      "lng": 2.359713,
      "tags": [
        "seed"
      ]
    },
    {
      "id": "par5",
      "name": "Early Dinner Spot",
      "type": "early-dinner",
      "lat": 48.856196,
      "lng": 2.351898,
      "tags": [
        "seed"
      ]
    },
    {
      "id": "par6",
      "name": "Playground Stop",
      "type": "park-playground",
      "lat": 48.851026,
      "lng": 2.347304,
      "tags": [
        "seed"
      ]
    },
    {
      "id": "par7",
      "name": "Riverside Sunset Walk",
      "type": "sunset-walk",
      "lat": 48.849607,
      "lng": 2.352513,
      "tags": [
        "seed"
      ]
    },
    {
      "id": "par8",
      "name": "Indoor Soft Play",
      "type": "indoor-soft-play",
      "lat": 48.864256,
      "lng": 2.353249,
      "tags": [
        "seed"
      ]
    },
    {
      "id": "par9",
      "name": "Family-Friendly Cafe",
      "type": "cafe",
      "lat": 48.858689,
      "lng": 2.34338,
      "tags": [
        "seed"
      ]
    },
    {
      "id": "par10",
      "name": "Botanical Garden",
      "type": "garden",
      "lat": 48.864526,
      "lng": 2.35376,
      "tags": [
        "seed"
      ]
    }
  ],
  "tokyo": [
    {
      "id": "tok1",
      "name": "Central Park / Garden Walk",
      "type": "park-walk",
      "lat": 35.669745,
      "lng": 139.648449,
      "tags": [
        "seed"
      ]
    },
    {
      "id": "tok2",
      "name": "Aquarium Visit",
      "type": "aquarium",
      "lat": 35.672151,
      "lng": 139.643492,
      "tags": [
        "seed"
      ]
    },
    {
      "id": "tok3",
      "name": "Calm Museum Wing",
      "type": "museum-low-stim",
      "lat": 35.676825,
      "lng": 139.65479,
      "tags": [
        "seed"
      ]
    },
    {
      "id": "tok4",
      "name": "Stroller-Friendly Promenade",
      "type": "walk",
      "lat": 35.673963,
      "lng": 139.654357,
      "tags": [
        "seed"
      ]
    },
    {
      "id": "tok5",
      "name": "Early Dinner Spot",
      "type": "early-dinner",
      "lat": 35.672678,
      "lng": 139.650032,
      "tags": [
        "seed"
      ]
    },
    {
      "id": "tok6",
      "name": "Playground Stop",
      "type": "park-playground",
      "lat": 35.666875,
      "lng": 139.658011,
      "tags": [
        "seed"
      ]
    },
    {
      "id": "tok7",
      "name": "Riverside Sunset Walk",
      "type": "sunset-walk",
      "lat": 35.672661,
      "lng": 139.642246,
      "tags": [
        "seed"
      ]
    },
    {
      "id": "tok8",
      "name": "Indoor Soft Play",
      "type": "indoor-soft-play",
      "lat": 35.682141,
      "lng": 139.651221,
      "tags": [
        "seed"
      ]
    },
    {
      "id": "tok9",
      "name": "Family-Friendly Cafe",
      "type": "cafe",
      "lat": 35.68289,
      "lng": 139.644821,
      "tags": [
        "seed"
      ]
    },
    {
      "id": "tok10",
      "name": "Botanical Garden",
      "type": "garden",
      "lat": 35.684369,
      "lng": 139.654218,
      "tags": [
        "seed"
      ]
    }
  ],
  "london": [
    {
      "id": "lon1",
      "name": "Central Park / Garden Walk",
      "type": "park-walk",
      "lat": 51.501545,
      "lng": -0.134218,
      "tags": [
        "seed"
      ]
    },
    {
      "id": "lon2",
      "name": "Aquarium Visit",
      "type": "aquarium",
      "lat": 51.501813,
      "lng": -0.13193,
      "tags": [
        "seed"
      ]
    },
    {
      "id": "lon3",
      "name": "Calm Museum Wing",
      "type": "museum-low-stim",
      "lat": 51.502894,
      "lng": -0.129912,
      "tags": [
        "seed"
      ]
    },
    {
      "id": "lon4",
      "name": "Stroller-Friendly Promenade",
      "type": "walk",
      "lat": 51.516592,
      "lng": -0.131912,
      "tags": [
        "seed"
      ]
    },
    {
      "id": "lon5",
      "name": "Early Dinner Spot",
      "type": "early-dinner",
      "lat": 51.511156,
      "lng": -0.124595,
      "tags": [
        "seed"
      ]
    },
    {
      "id": "lon6",
      "name": "Playground Stop",
      "type": "park-playground",
      "lat": 51.498131,
      "lng": -0.128737,
      "tags": [
        "seed"
      ]
    },
    {
      "id": "lon7",
      "name": "Riverside Sunset Walk",
      "type": "sunset-walk",
      "lat": 51.514719,
      "lng": -0.12798,
      "tags": [
        "seed"
      ]
    },
    {
      "id": "lon8",
      "name": "Indoor Soft Play",
      "type": "indoor-soft-play",
      "lat": 51.517258,
      "lng": -0.134951,
      "tags": [
        "seed"
      ]
    },
    {
      "id": "lon9",
      "name": "Family-Friendly Cafe",
      "type": "cafe",
      "lat": 51.51153,
      "lng": -0.126658,
      "tags": [
        "seed"
      ]
    },
    {
      "id": "lon10",
      "name": "Botanical Garden",
      "type": "garden",
      "lat": 51.505089,
      "lng": -0.136889,
      "tags": [
        "seed"
      ]
    }
  ],
  "new york": [
    {
      "id": "new1",
      "name": "Central Park / Garden Walk",
      "type": "park-walk",
      "lat": 40.707122,
      "lng": -74.006728,
      "tags": [
        "seed"
      ]
    },
    {
      "id": "new2",
      "name": "Aquarium Visit",
      "type": "aquarium",
      "lat": 40.72143,
      "lng": -74.015766,
      "tags": [
        "seed"
      ]
    },
    {
      "id": "new3",
      "name": "Calm Museum Wing",
      "type": "museum-low-stim",
      "lat": 40.71243,
      "lng": -74.001106,
      "tags": [
        "seed"
      ]
    },
    {
      "id": "new4",
      "name": "Stroller-Friendly Promenade",
      "type": "walk",
      "lat": 40.718178,
      "lng": -73.997692,
      "tags": [
        "seed"
      ]
    },
    {
      "id": "new5",
      "name": "Early Dinner Spot",
      "type": "early-dinner",
      "lat": 40.71034,
      "lng": -74.015424,
      "tags": [
        "seed"
      ]
    },
    {
      "id": "new6",
      "name": "Playground Stop",
      "type": "park-playground",
      "lat": 40.707315,
      "lng": -74.003568,
      "tags": [
        "seed"
      ]
    },
    {
      "id": "new7",
      "name": "Riverside Sunset Walk",
      "type": "sunset-walk",
      "lat": 40.718905,
      "lng": -73.997976,
      "tags": [
        "seed"
      ]
    },
    {
      "id": "new8",
      "name": "Indoor Soft Play",
      "type": "indoor-soft-play",
      "lat": 40.716384,
      "lng": -74.006145,
      "tags": [
        "seed"
      ]
    },
    {
      "id": "new9",
      "name": "Family-Friendly Cafe",
      "type": "cafe",
      "lat": 40.715554,
      "lng": -74.00195,
      "tags": [
        "seed"
      ]
    },
    {
      "id": "new10",
      "name": "Botanical Garden",
      "type": "garden",
      "lat": 40.715399,
      "lng": -73.997927,
      "tags": [
        "seed"
      ]
    }
  ],
  "singapore": [
    {
      "id": "sin1",
      "name": "Central Park / Garden Walk",
      "type": "park-walk",
      "lat": 1.343533,
      "lng": 103.82811,
      "tags": [
        "seed"
      ]
    },
    {
      "id": "sin2",
      "name": "Aquarium Visit",
      "type": "aquarium",
      "lat": 1.361401,
      "lng": 103.818908,
      "tags": [
        "seed"
      ]
    },
    {
      "id": "sin3",
      "name": "Calm Museum Wing",
      "type": "museum-low-stim",
      "lat": 1.358351,
      "lng": 103.826376,
      "tags": [
        "seed"
      ]
    },
    {
      "id": "sin4",
      "name": "Stroller-Friendly Promenade",
      "type": "walk",
      "lat": 1.353144,
      "lng": 103.828092,
      "tags": [
        "seed"
      ]
    },
    {
      "id": "sin5",
      "name": "Early Dinner Spot",
      "type": "early-dinner",
      "lat": 1.360635,
      "lng": 103.827759,
      "tags": [
        "seed"
      ]
    },
    {
      "id": "sin6",
      "name": "Playground Stop",
      "type": "park-playground",
      "lat": 1.35902,
      "lng": 103.813055,
      "tags": [
        "seed"
      ]
    },
    {
      "id": "sin7",
      "name": "Riverside Sunset Walk",
      "type": "sunset-walk",
      "lat": 1.35457,
      "lng": 103.814515,
      "tags": [
        "seed"
      ]
    },
    {
      "id": "sin8",
      "name": "Indoor Soft Play",
      "type": "indoor-soft-play",
      "lat": 1.343458,
      "lng": 103.825032,
      "tags": [
        "seed"
      ]
    },
    {
      "id": "sin9",
      "name": "Family-Friendly Cafe",
      "type": "cafe",
      "lat": 1.351412,
      "lng": 103.81039,
      "tags": [
        "seed"
      ]
    },
    {
      "id": "sin10",
      "name": "Botanical Garden",
      "type": "garden",
      "lat": 1.357405,
      "lng": 103.81575,
      "tags": [
        "seed"
      ]
    }
  ],
  "bangkok": [
    {
      "id": "ban1",
      "name": "Central Park / Garden Walk",
      "type": "park-walk",
      "lat": 13.757718,
      "lng": 100.509261,
      "tags": [
        "seed"
      ]
    },
    {
      "id": "ban2",
      "name": "Aquarium Visit",
      "type": "aquarium",
      "lat": 13.757019,
      "lng": 100.492442,
      "tags": [
        "seed"
      ]
    },
    {
      "id": "ban3",
      "name": "Calm Museum Wing",
      "type": "museum-low-stim",
      "lat": 13.764931,
      "lng": 100.506636,
      "tags": [
        "seed"
      ]
    },
    {
      "id": "ban4",
      "name": "Stroller-Friendly Promenade",
      "type": "walk",
      "lat": 13.762541,
      "lng": 100.506319,
      "tags": [
        "seed"
      ]
    },
    {
      "id": "ban5",
      "name": "Early Dinner Spot",
      "type": "early-dinner",
      "lat": 13.751574,
      "lng": 100.498207,
      "tags": [
        "seed"
      ]
    },
    {
      "id": "ban6",
      "name": "Playground Stop",
      "type": "park-playground",
      "lat": 13.759886,
      "lng": 100.510387,
      "tags": [
        "seed"
      ]
    },
    {
      "id": "ban7",
      "name": "Riverside Sunset Walk",
      "type": "sunset-walk",
      "lat": 13.752191,
      "lng": 100.4965,
      "tags": [
        "seed"
      ]
    },
    {
      "id": "ban8",
      "name": "Indoor Soft Play",
      "type": "indoor-soft-play",
      "lat": 13.749389,
      "lng": 100.504412,
      "tags": [
        "seed"
      ]
    },
    {
      "id": "ban9",
      "name": "Family-Friendly Cafe",
      "type": "cafe",
      "lat": 13.761333,
      "lng": 100.494208,
      "tags": [
        "seed"
      ]
    },
    {
      "id": "ban10",
      "name": "Botanical Garden",
      "type": "garden",
      "lat": 13.761076,
      "lng": 100.493423,
      "tags": [
        "seed"
      ]
    }
  ],
  "dubai": [
    {
      "id": "dub1",
      "name": "Central Park / Garden Walk",
      "type": "park-walk",
      "lat": 25.211234,
      "lng": 55.261393,
      "tags": [
        "seed"
      ]
    },
    {
      "id": "dub2",
      "name": "Aquarium Visit",
      "type": "aquarium",
      "lat": 25.206034,
      "lng": 55.265769,
      "tags": [
        "seed"
      ]
    },
    {
      "id": "dub3",
      "name": "Calm Museum Wing",
      "type": "museum-low-stim",
      "lat": 25.198338,
      "lng": 55.266498,
      "tags": [
        "seed"
      ]
    },
    {
      "id": "dub4",
      "name": "Stroller-Friendly Promenade",
      "type": "walk",
      "lat": 25.212628,
      "lng": 55.27817,
      "tags": [
        "seed"
      ]
    },
    {
      "id": "dub5",
      "name": "Early Dinner Spot",
      "type": "early-dinner",
      "lat": 25.195975,
      "lng": 55.26429,
      "tags": [
        "seed"
      ]
    },
    {
      "id": "dub6",
      "name": "Playground Stop",
      "type": "park-playground",
      "lat": 25.21401,
      "lng": 55.275961,
      "tags": [
        "seed"
      ]
    },
    {
      "id": "dub7",
      "name": "Riverside Sunset Walk",
      "type": "sunset-walk",
      "lat": 25.196967,
      "lng": 55.262641,
      "tags": [
        "seed"
      ]
    },
    {
      "id": "dub8",
      "name": "Indoor Soft Play",
      "type": "indoor-soft-play",
      "lat": 25.196244,
      "lng": 55.278722,
      "tags": [
        "seed"
      ]
    },
    {
      "id": "dub9",
      "name": "Family-Friendly Cafe",
      "type": "cafe",
      "lat": 25.2013,
      "lng": 55.262429,
      "tags": [
        "seed"
      ]
    },
    {
      "id": "dub10",
      "name": "Botanical Garden",
      "type": "garden",
      "lat": 25.212217,
      "lng": 55.280068,
      "tags": [
        "seed"
      ]
    }
  ],
  "barcelona": [
    {
      "id": "bar1",
      "name": "Central Park / Garden Walk",
      "type": "park-walk",
      "lat": 41.381467,
      "lng": 2.164272,
      "tags": [
        "seed"
      ]
    },
    {
      "id": "bar2",
      "name": "Aquarium Visit",
      "type": "aquarium",
      "lat": 41.377751,
      "lng": 2.166943,
      "tags": [
        "seed"
      ]
    },
    {
      "id": "bar3",
      "name": "Calm Museum Wing",
      "type": "museum-low-stim",
      "lat": 41.385965,
      "lng": 2.171202,
      "tags": [
        "seed"
      ]
    },
    {
      "id": "bar4",
      "name": "Stroller-Friendly Promenade",
      "type": "walk",
      "lat": 41.388725,
      "lng": 2.165137,
      "tags": [
        "seed"
      ]
    },
    {
      "id": "bar5",
      "name": "Early Dinner Spot",
      "type": "early-dinner",
      "lat": 41.393826,
      "lng": 2.164602,
      "tags": [
        "seed"
      ]
    },
    {
      "id": "bar6",
      "name": "Playground Stop",
      "type": "park-playground",
      "lat": 41.379201,
      "lng": 2.169796,
      "tags": [
        "seed"
      ]
    },
    {
      "id": "bar7",
      "name": "Riverside Sunset Walk",
      "type": "sunset-walk",
      "lat": 41.396793,
      "lng": 2.174051,
      "tags": [
        "seed"
      ]
    },
    {
      "id": "bar8",
      "name": "Indoor Soft Play",
      "type": "indoor-soft-play",
      "lat": 41.390988,
      "lng": 2.160283,
      "tags": [
        "seed"
      ]
    },
    {
      "id": "bar9",
      "name": "Family-Friendly Cafe",
      "type": "cafe",
      "lat": 41.389837,
      "lng": 2.167857,
      "tags": [
        "seed"
      ]
    },
    {
      "id": "bar10",
      "name": "Botanical Garden",
      "type": "garden",
      "lat": 41.384712,
      "lng": 2.15964,
      "tags": [
        "seed"
      ]
    }
  ],
  "rome": [
    {
      "id": "rom1",
      "name": "Central Park / Garden Walk",
      "type": "park-walk",
      "lat": 41.906816,
      "lng": 12.490446,
      "tags": [
        "seed"
      ]
    },
    {
      "id": "rom2",
      "name": "Aquarium Visit",
      "type": "aquarium",
      "lat": 41.906215,
      "lng": 12.501112,
      "tags": [
        "seed"
      ]
    },
    {
      "id": "rom3",
      "name": "Calm Museum Wing",
      "type": "museum-low-stim",
      "lat": 41.899117,
      "lng": 12.503993,
      "tags": [
        "seed"
      ]
    },
    {
      "id": "rom4",
      "name": "Stroller-Friendly Promenade",
      "type": "walk",
      "lat": 41.900147,
      "lng": 12.504242,
      "tags": [
        "seed"
      ]
    },
    {
      "id": "rom5",
      "name": "Early Dinner Spot",
      "type": "early-dinner",
      "lat": 41.9109,
      "lng": 12.489161,
      "tags": [
        "seed"
      ]
    },
    {
      "id": "rom6",
      "name": "Playground Stop",
      "type": "park-playground",
      "lat": 41.904739,
      "lng": 12.488222,
      "tags": [
        "seed"
      ]
    },
    {
      "id": "rom7",
      "name": "Riverside Sunset Walk",
      "type": "sunset-walk",
      "lat": 41.912172,
      "lng": 12.490784,
      "tags": [
        "seed"
      ]
    },
    {
      "id": "rom8",
      "name": "Indoor Soft Play",
      "type": "indoor-soft-play",
      "lat": 41.895762,
      "lng": 12.502648,
      "tags": [
        "seed"
      ]
    },
    {
      "id": "rom9",
      "name": "Family-Friendly Cafe",
      "type": "cafe",
      "lat": 41.898903,
      "lng": 12.501585,
      "tags": [
        "seed"
      ]
    },
    {
      "id": "rom10",
      "name": "Botanical Garden",
      "type": "garden",
      "lat": 41.903334,
      "lng": 12.490073,
      "tags": [
        "seed"
      ]
    }
  ],
  "istanbul": [
    {
      "id": "ist1",
      "name": "Central Park / Garden Walk",
      "type": "park-walk",
      "lat": 41.004617,
      "lng": 28.980187,
      "tags": [
        "seed"
      ]
    },
    {
      "id": "ist2",
      "name": "Aquarium Visit",
      "type": "aquarium",
      "lat": 41.014152,
      "lng": 28.971273,
      "tags": [
        "seed"
      ]
    },
    {
      "id": "ist3",
      "name": "Calm Museum Wing",
      "type": "museum-low-stim",
      "lat": 41.000841,
      "lng": 28.97655,
      "tags": [
        "seed"
      ]
    },
    {
      "id": "ist4",
      "name": "Stroller-Friendly Promenade",
      "type": "walk",
      "lat": 41.006429,
      "lng": 28.986666,
      "tags": [
        "seed"
      ]
    },
    {
      "id": "ist5",
      "name": "Early Dinner Spot",
      "type": "early-dinner",
      "lat": 41.007884,
      "lng": 28.968629,
      "tags": [
        "seed"
      ]
    },
    {
      "id": "ist6",
      "name": "Playground Stop",
      "type": "park-playground",
      "lat": 41.016037,
      "lng": 28.976241,
      "tags": [
        "seed"
      ]
    },
    {
      "id": "ist7",
      "name": "Riverside Sunset Walk",
      "type": "sunset-walk",
      "lat": 40.998214,
      "lng": 28.985292,
      "tags": [
        "seed"
      ]
    },
    {
      "id": "ist8",
      "name": "Indoor Soft Play",
      "type": "indoor-soft-play",
      "lat": 41.003079,
      "lng": 28.987037,
      "tags": [
        "seed"
      ]
    },
    {
      "id": "ist9",
      "name": "Family-Friendly Cafe",
      "type": "cafe",
      "lat": 41.016356,
      "lng": 28.98662,
      "tags": [
        "seed"
      ]
    },
    {
      "id": "ist10",
      "name": "Botanical Garden",
      "type": "garden",
      "lat": 41.004916,
      "lng": 28.972855,
      "tags": [
        "seed"
      ]
    }
  ],
  "seoul": [
    {
      "id": "seo1",
      "name": "Central Park / Garden Walk",
      "type": "park-walk",
      "lat": 37.563085,
      "lng": 126.985221,
      "tags": [
        "seed"
      ]
    },
    {
      "id": "seo2",
      "name": "Aquarium Visit",
      "type": "aquarium",
      "lat": 37.574001,
      "lng": 126.987574,
      "tags": [
        "seed"
      ]
    },
    {
      "id": "seo3",
      "name": "Calm Museum Wing",
      "type": "museum-low-stim",
      "lat": 37.570491,
      "lng": 126.97445,
      "tags": [
        "seed"
      ]
    },
    {
      "id": "seo4",
      "name": "Stroller-Friendly Promenade",
      "type": "walk",
      "lat": 37.56996,
      "lng": 126.982832,
      "tags": [
        "seed"
      ]
    },
    {
      "id": "seo5",
      "name": "Early Dinner Spot",
      "type": "early-dinner",
      "lat": 37.568266,
      "lng": 126.985456,
      "tags": [
        "seed"
      ]
    },
    {
      "id": "seo6",
      "name": "Playground Stop",
      "type": "park-playground",
      "lat": 37.565082,
      "lng": 126.971406,
      "tags": [
        "seed"
      ]
    },
    {
      "id": "seo7",
      "name": "Riverside Sunset Walk",
      "type": "sunset-walk",
      "lat": 37.562423,
      "lng": 126.971556,
      "tags": [
        "seed"
      ]
    },
    {
      "id": "seo8",
      "name": "Indoor Soft Play",
      "type": "indoor-soft-play",
      "lat": 37.568557,
      "lng": 126.97569,
      "tags": [
        "seed"
      ]
    },
    {
      "id": "seo9",
      "name": "Family-Friendly Cafe",
      "type": "cafe",
      "lat": 37.565968,
      "lng": 126.972934,
      "tags": [
        "seed"
      ]
    },
    {
      "id": "seo10",
      "name": "Botanical Garden",
      "type": "garden",
      "lat": 37.572621,
      "lng": 126.968452,
      "tags": [
        "seed"
      ]
    }
  ],
  "sydney": [
    {
      "id": "syd1",
      "name": "Central Park / Garden Walk",
      "type": "park-walk",
      "lat": -33.866623,
      "lng": 151.207035,
      "tags": [
        "seed"
      ]
    },
    {
      "id": "syd2",
      "name": "Aquarium Visit",
      "type": "aquarium",
      "lat": -33.867183,
      "lng": 151.209428,
      "tags": [
        "seed"
      ]
    },
    {
      "id": "syd3",
      "name": "Calm Museum Wing",
      "type": "museum-low-stim",
      "lat": -33.863361,
      "lng": 151.207171,
      "tags": [
        "seed"
      ]
    },
    {
      "id": "syd4",
      "name": "Stroller-Friendly Promenade",
      "type": "walk",
      "lat": -33.870278,
      "lng": 151.217586,
      "tags": [
        "seed"
      ]
    },
    {
      "id": "syd5",
      "name": "Early Dinner Spot",
      "type": "early-dinner",
      "lat": -33.864491,
      "lng": 151.218961,
      "tags": [
        "seed"
      ]
    },
    {
      "id": "syd6",
      "name": "Playground Stop",
      "type": "park-playground",
      "lat": -33.878364,
      "lng": 151.202083,
      "tags": [
        "seed"
      ]
    },
    {
      "id": "syd7",
      "name": "Riverside Sunset Walk",
      "type": "sunset-walk",
      "lat": -33.870693,
      "lng": 151.199475,
      "tags": [
        "seed"
      ]
    },
    {
      "id": "syd8",
      "name": "Indoor Soft Play",
      "type": "indoor-soft-play",
      "lat": -33.868399,
      "lng": 151.211885,
      "tags": [
        "seed"
      ]
    },
    {
      "id": "syd9",
      "name": "Family-Friendly Cafe",
      "type": "cafe",
      "lat": -33.862617,
      "lng": 151.201361,
      "tags": [
        "seed"
      ]
    },
    {
      "id": "syd10",
      "name": "Botanical Garden",
      "type": "garden",
      "lat": -33.878134,
      "lng": 151.20687,
      "tags": [
        "seed"
      ]
    }
  ],
  "toronto": [
    {
      "id": "tor1",
      "name": "Central Park / Garden Walk",
      "type": "park-walk",
      "lat": 43.643841,
      "lng": -79.382076,
      "tags": [
        "seed"
      ]
    },
    {
      "id": "tor2",
      "name": "Aquarium Visit",
      "type": "aquarium",
      "lat": 43.647286,
      "lng": -79.380749,
      "tags": [
        "seed"
      ]
    },
    {
      "id": "tor3",
      "name": "Calm Museum Wing",
      "type": "museum-low-stim",
      "lat": 43.658529,
      "lng": -79.37539,
      "tags": [
        "seed"
      ]
    },
    {
      "id": "tor4",
      "name": "Stroller-Friendly Promenade",
      "type": "walk",
      "lat": 43.649829,
      "lng": -79.385586,
      "tags": [
        "seed"
      ]
    },
    {
      "id": "tor5",
      "name": "Early Dinner Spot",
      "type": "early-dinner",
      "lat": 43.648363,
      "lng": -79.382007,
      "tags": [
        "seed"
      ]
    },
    {
      "id": "tor6",
      "name": "Playground Stop",
      "type": "park-playground",
      "lat": 43.654582,
      "lng": -79.384071,
      "tags": [
        "seed"
      ]
    },
    {
      "id": "tor7",
      "name": "Riverside Sunset Walk",
      "type": "sunset-walk",
      "lat": 43.659724,
      "lng": -79.382542,
      "tags": [
        "seed"
      ]
    },
    {
      "id": "tor8",
      "name": "Indoor Soft Play",
      "type": "indoor-soft-play",
      "lat": 43.64334,
      "lng": -79.379236,
      "tags": [
        "seed"
      ]
    },
    {
      "id": "tor9",
      "name": "Family-Friendly Cafe",
      "type": "cafe",
      "lat": 43.658155,
      "lng": -79.377685,
      "tags": [
        "seed"
      ]
    },
    {
      "id": "tor10",
      "name": "Botanical Garden",
      "type": "garden",
      "lat": 43.662231,
      "lng": -79.383791,
      "tags": [
        "seed"
      ]
    }
  ],
  "vancouver": [
    {
      "id": "van1",
      "name": "Central Park / Garden Walk",
      "type": "park-walk",
      "lat": 49.28121,
      "lng": -123.126443,
      "tags": [
        "seed"
      ]
    },
    {
      "id": "van2",
      "name": "Aquarium Visit",
      "type": "aquarium",
      "lat": 49.28349,
      "lng": -123.118533,
      "tags": [
        "seed"
      ]
    },
    {
      "id": "van3",
      "name": "Calm Museum Wing",
      "type": "museum-low-stim",
      "lat": 49.2927,
      "lng": -123.119696,
      "tags": [
        "seed"
      ]
    },
    {
      "id": "van4",
      "name": "Stroller-Friendly Promenade",
      "type": "walk",
      "lat": 49.274252,
      "lng": -123.11919,
      "tags": [
        "seed"
      ]
    },
    {
      "id": "van5",
      "name": "Early Dinner Spot",
      "type": "early-dinner",
      "lat": 49.281783,
      "lng": -123.11674,
      "tags": [
        "seed"
      ]
    },
    {
      "id": "van6",
      "name": "Playground Stop",
      "type": "park-playground",
      "lat": 49.289851,
      "lng": -123.129418,
      "tags": [
        "seed"
      ]
    },
    {
      "id": "van7",
      "name": "Riverside Sunset Walk",
      "type": "sunset-walk",
      "lat": 49.277219,
      "lng": -123.119056,
      "tags": [
        "seed"
      ]
    },
    {
      "id": "van8",
      "name": "Indoor Soft Play",
      "type": "indoor-soft-play",
      "lat": 49.281213,
      "lng": -123.127608,
      "tags": [
        "seed"
      ]
    },
    {
      "id": "van9",
      "name": "Family-Friendly Cafe",
      "type": "cafe",
      "lat": 49.287261,
      "lng": -123.115682,
      "tags": [
        "seed"
      ]
    },
    {
      "id": "van10",
      "name": "Botanical Garden",
      "type": "garden",
      "lat": 49.27739,
      "lng": -123.128795,
      "tags": [
        "seed"
      ]
    }
  ],
  "amsterdam": [
    {
      "id": "ams1",
      "name": "Central Park / Garden Walk",
      "type": "park-walk",
      "lat": 52.373103,
      "lng": 4.896672,
      "tags": [
        "seed"
      ]
    },
    {
      "id": "ams2",
      "name": "Aquarium Visit",
      "type": "aquarium",
      "lat": 52.371468,
      "lng": 4.895451,
      "tags": [
        "seed"
      ]
    },
    {
      "id": "ams3",
      "name": "Calm Museum Wing",
      "type": "museum-low-stim",
      "lat": 52.375164,
      "lng": 4.902809,
      "tags": [
        "seed"
      ]
    },
    {
      "id": "ams4",
      "name": "Stroller-Friendly Promenade",
      "type": "walk",
      "lat": 52.359969,
      "lng": 4.894366,
      "tags": [
        "seed"
      ]
    },
    {
      "id": "ams5",
      "name": "Early Dinner Spot",
      "type": "early-dinner",
      "lat": 52.376757,
      "lng": 4.909026,
      "tags": [
        "seed"
      ]
    },
    {
      "id": "ams6",
      "name": "Playground Stop",
      "type": "park-playground",
      "lat": 52.376402,
      "lng": 4.908099,
      "tags": [
        "seed"
      ]
    },
    {
      "id": "ams7",
      "name": "Riverside Sunset Walk",
      "type": "sunset-walk",
      "lat": 52.376249,
      "lng": 4.91128,
      "tags": [
        "seed"
      ]
    },
    {
      "id": "ams8",
      "name": "Indoor Soft Play",
      "type": "indoor-soft-play",
      "lat": 52.368989,
      "lng": 4.897942,
      "tags": [
        "seed"
      ]
    },
    {
      "id": "ams9",
      "name": "Family-Friendly Cafe",
      "type": "cafe",
      "lat": 52.367749,
      "lng": 4.896625,
      "tags": [
        "seed"
      ]
    },
    {
      "id": "ams10",
      "name": "Botanical Garden",
      "type": "garden",
      "lat": 52.366647,
      "lng": 4.899976,
      "tags": [
        "seed"
      ]
    }
  ],
  "zurich": [
    {
      "id": "zur1",
      "name": "Central Park / Garden Walk",
      "type": "park-walk",
      "lat": 47.381369,
      "lng": 8.54289,
      "tags": [
        "seed"
      ]
    },
    {
      "id": "zur2",
      "name": "Aquarium Visit",
      "type": "aquarium",
      "lat": 47.381604,
      "lng": 8.537618,
      "tags": [
        "seed"
      ]
    },
    {
      "id": "zur3",
      "name": "Calm Museum Wing",
      "type": "museum-low-stim",
      "lat": 47.373663,
      "lng": 8.545289,
      "tags": [
        "seed"
      ]
    },
    {
      "id": "zur4",
      "name": "Stroller-Friendly Promenade",
      "type": "walk",
      "lat": 47.373046,
      "lng": 8.535453,
      "tags": [
        "seed"
      ]
    },
    {
      "id": "zur5",
      "name": "Early Dinner Spot",
      "type": "early-dinner",
      "lat": 47.374429,
      "lng": 8.543989,
      "tags": [
        "seed"
      ]
    },
    {
      "id": "zur6",
      "name": "Playground Stop",
      "type": "park-playground",
      "lat": 47.373825,
      "lng": 8.547837,
      "tags": [
        "seed"
      ]
    },
    {
      "id": "zur7",
      "name": "Riverside Sunset Walk",
      "type": "sunset-walk",
      "lat": 47.367535,
      "lng": 8.53781,
      "tags": [
        "seed"
      ]
    },
    {
      "id": "zur8",
      "name": "Indoor Soft Play",
      "type": "indoor-soft-play",
      "lat": 47.373694,
      "lng": 8.543016,
      "tags": [
        "seed"
      ]
    },
    {
      "id": "zur9",
      "name": "Family-Friendly Cafe",
      "type": "cafe",
      "lat": 47.382042,
      "lng": 8.538602,
      "tags": [
        "seed"
      ]
    },
    {
      "id": "zur10",
      "name": "Botanical Garden",
      "type": "garden",
      "lat": 47.370133,
      "lng": 8.537779,
      "tags": [
        "seed"
      ]
    }
  ],
  "vienna": [
    {
      "id": "vie1",
      "name": "Central Park / Garden Walk",
      "type": "park-walk",
      "lat": 48.215278,
      "lng": 16.369469,
      "tags": [
        "seed"
      ]
    },
    {
      "id": "vie2",
      "name": "Aquarium Visit",
      "type": "aquarium",
      "lat": 48.215548,
      "lng": 16.376179,
      "tags": [
        "seed"
      ]
    },
    {
      "id": "vie3",
      "name": "Calm Museum Wing",
      "type": "museum-low-stim",
      "lat": 48.199578,
      "lng": 16.368764,
      "tags": [
        "seed"
      ]
    },
    {
      "id": "vie4",
      "name": "Stroller-Friendly Promenade",
      "type": "walk",
      "lat": 48.202221,
      "lng": 16.369759,
      "tags": [
        "seed"
      ]
    },
    {
      "id": "vie5",
      "name": "Early Dinner Spot",
      "type": "early-dinner",
      "lat": 48.199659,
      "lng": 16.367099,
      "tags": [
        "seed"
      ]
    },
    {
      "id": "vie6",
      "name": "Playground Stop",
      "type": "park-playground",
      "lat": 48.209861,
      "lng": 16.381804,
      "tags": [
        "seed"
      ]
    },
    {
      "id": "vie7",
      "name": "Riverside Sunset Walk",
      "type": "sunset-walk",
      "lat": 48.204856,
      "lng": 16.383353,
      "tags": [
        "seed"
      ]
    },
    {
      "id": "vie8",
      "name": "Indoor Soft Play",
      "type": "indoor-soft-play",
      "lat": 48.201935,
      "lng": 16.374063,
      "tags": [
        "seed"
      ]
    },
    {
      "id": "vie9",
      "name": "Family-Friendly Cafe",
      "type": "cafe",
      "lat": 48.214174,
      "lng": 16.368319,
      "tags": [
        "seed"
      ]
    },
    {
      "id": "vie10",
      "name": "Botanical Garden",
      "type": "garden",
      "lat": 48.211188,
      "lng": 16.377243,
      "tags": [
        "seed"
      ]
    }
  ],
  "lisbon": [
    {
      "id": "lis1",
      "name": "Central Park / Garden Walk",
      "type": "park-walk",
      "lat": 38.72998,
      "lng": -9.136454,
      "tags": [
        "seed"
      ]
    },
    {
      "id": "lis2",
      "name": "Aquarium Visit",
      "type": "aquarium",
      "lat": 38.722117,
      "lng": -9.132453,
      "tags": [
        "seed"
      ]
    },
    {
      "id": "lis3",
      "name": "Calm Museum Wing",
      "type": "museum-low-stim",
      "lat": 38.731586,
      "lng": -9.144222,
      "tags": [
        "seed"
      ]
    },
    {
      "id": "lis4",
      "name": "Stroller-Friendly Promenade",
      "type": "walk",
      "lat": 38.712372,
      "lng": -9.131823,
      "tags": [
        "seed"
      ]
    },
    {
      "id": "lis5",
      "name": "Early Dinner Spot",
      "type": "early-dinner",
      "lat": 38.725276,
      "lng": -9.139779,
      "tags": [
        "seed"
      ]
    },
    {
      "id": "lis6",
      "name": "Playground Stop",
      "type": "park-playground",
      "lat": 38.726566,
      "lng": -9.145948,
      "tags": [
        "seed"
      ]
    },
    {
      "id": "lis7",
      "name": "Riverside Sunset Walk",
      "type": "sunset-walk",
      "lat": 38.728851,
      "lng": -9.141259,
      "tags": [
        "seed"
      ]
    },
    {
      "id": "lis8",
      "name": "Indoor Soft Play",
      "type": "indoor-soft-play",
      "lat": 38.729397,
      "lng": -9.148559,
      "tags": [
        "seed"
      ]
    },
    {
      "id": "lis9",
      "name": "Family-Friendly Cafe",
      "type": "cafe",
      "lat": 38.731338,
      "lng": -9.142781,
      "tags": [
        "seed"
      ]
    },
    {
      "id": "lis10",
      "name": "Botanical Garden",
      "type": "garden",
      "lat": 38.732298,
      "lng": -9.145702,
      "tags": [
        "seed"
      ]
    }
  ],
  "prague": [
    {
      "id": "pra1",
      "name": "Central Park / Garden Walk",
      "type": "park-walk",
      "lat": 50.081105,
      "lng": 14.442532,
      "tags": [
        "seed"
      ]
    },
    {
      "id": "pra2",
      "name": "Aquarium Visit",
      "type": "aquarium",
      "lat": 50.08034,
      "lng": 14.430747,
      "tags": [
        "seed"
      ]
    },
    {
      "id": "pra3",
      "name": "Calm Museum Wing",
      "type": "museum-low-stim",
      "lat": 50.070792,
      "lng": 14.441468,
      "tags": [
        "seed"
      ]
    },
    {
      "id": "pra4",
      "name": "Stroller-Friendly Promenade",
      "type": "walk",
      "lat": 50.083507,
      "lng": 14.431655,
      "tags": [
        "seed"
      ]
    },
    {
      "id": "pra5",
      "name": "Early Dinner Spot",
      "type": "early-dinner",
      "lat": 50.073146,
      "lng": 14.436217,
      "tags": [
        "seed"
      ]
    },
    {
      "id": "pra6",
      "name": "Playground Stop",
      "type": "park-playground",
      "lat": 50.074959,
      "lng": 14.443842,
      "tags": [
        "seed"
      ]
    },
    {
      "id": "pra7",
      "name": "Riverside Sunset Walk",
      "type": "sunset-walk",
      "lat": 50.066929,
      "lng": 14.439163,
      "tags": [
        "seed"
      ]
    },
    {
      "id": "pra8",
      "name": "Indoor Soft Play",
      "type": "indoor-soft-play",
      "lat": 50.067581,
      "lng": 14.430713,
      "tags": [
        "seed"
      ]
    },
    {
      "id": "pra9",
      "name": "Family-Friendly Cafe",
      "type": "cafe",
      "lat": 50.077789,
      "lng": 14.447514,
      "tags": [
        "seed"
      ]
    },
    {
      "id": "pra10",
      "name": "Botanical Garden",
      "type": "garden",
      "lat": 50.07119,
      "lng": 14.444095,
      "tags": [
        "seed"
      ]
    }
  ],
  "hong kong": [
    {
      "id": "hon1",
      "name": "Central Park / Garden Walk",
      "type": "park-walk",
      "lat": 22.323596,
      "lng": 114.170175,
      "tags": [
        "seed"
      ]
    },
    {
      "id": "hon2",
      "name": "Aquarium Visit",
      "type": "aquarium",
      "lat": 22.328199,
      "lng": 114.176001,
      "tags": [
        "seed"
      ]
    },
    {
      "id": "hon3",
      "name": "Calm Museum Wing",
      "type": "museum-low-stim",
      "lat": 22.312456,
      "lng": 114.169895,
      "tags": [
        "seed"
      ]
    },
    {
      "id": "hon4",
      "name": "Stroller-Friendly Promenade",
      "type": "walk",
      "lat": 22.311654,
      "lng": 114.173569,
      "tags": [
        "seed"
      ]
    },
    {
      "id": "hon5",
      "name": "Early Dinner Spot",
      "type": "early-dinner",
      "lat": 22.325263,
      "lng": 114.17008,
      "tags": [
        "seed"
      ]
    },
    {
      "id": "hon6",
      "name": "Playground Stop",
      "type": "park-playground",
      "lat": 22.313119,
      "lng": 114.176421,
      "tags": [
        "seed"
      ]
    },
    {
      "id": "hon7",
      "name": "Riverside Sunset Walk",
      "type": "sunset-walk",
      "lat": 22.327127,
      "lng": 114.160189,
      "tags": [
        "seed"
      ]
    },
    {
      "id": "hon8",
      "name": "Indoor Soft Play",
      "type": "indoor-soft-play",
      "lat": 22.310925,
      "lng": 114.1777,
      "tags": [
        "seed"
      ]
    },
    {
      "id": "hon9",
      "name": "Family-Friendly Cafe",
      "type": "cafe",
      "lat": 22.327479,
      "lng": 114.177239,
      "tags": [
        "seed"
      ]
    },
    {
      "id": "hon10",
      "name": "Botanical Garden",
      "type": "garden",
      "lat": 22.316869,
      "lng": 114.174536,
      "tags": [
        "seed"
      ]
    }
  ]
}